
============================= New Session Started at 2012-10-18 21:04:39 --> =============================

============================= System Information =============================
Module Name and Version: IDM Backup Manager0.9.3(Beta)
Module Path: C:\Users\Tejas\desktop\project\IDM\IDM BUILD_3\IDM Backup Manager.exe
OS Type: WIN32_NT
OS Version: WIN_7
Service Package: Service Pack 1
Total Memory: 1302072
Available Memory: 764916

============================= Variable Assignment =============================
2012-10-18 21:04:40 --> Internet Download Manager Is Running Now...User Selected No
2012-10-18 21:04:40 --> $AppDataIDMFolder = "C:\Users\Tejas\AppData\Roaming\IDM\"  Error Code:0
2012-10-18 21:04:40 --> $TempPath = "C:\Users\Tejas\AppData\Roaming\IDM\"  Error Code:0
2012-10-18 21:04:40 --> Finilized Path $AppDataIDMFolder= "C:\Users\Tejas\AppData\Roaming\IDM\"
2012-10-18 21:04:40 --> Finilized Path $TempPath= "C:\Users\Tejas\AppData\Roaming\IDM\"
2012-10-18 21:04:40 --> $AppDataIDMFolder = "C:\Users\Tejas\AppData\Roaming\IDM\"  Error Code:0
2012-10-18 21:04:40 --> $TempPath = "C:\Users\Tejas\AppData\Roaming\IDM\"  Error Code:0
2012-10-18 21:04:40 --> Finilized Path $AppDataIDMFolder= "C:\Users\Tejas\AppData\Roaming\IDM\"
2012-10-18 21:04:40 --> Finilized Path $TempPath= "C:\Users\Tejas\AppData\Roaming\IDM\"
2012-10-18 21:04:41 --> Window Created: IDM Backup Manager0.9.3(Beta) With Error Code: 0

============================= New Session Started at 2012-10-18 21:08:18 --> =============================

============================= System Information =============================
Module Name and Version: IDM Backup Manager0.9.3(Beta)
Module Path: C:\Users\Tejas\desktop\project\IDM\IDM BUILD_3\IDM Backup Manager.exe
OS Type: WIN32_NT
OS Version: WIN_7
Service Package: Service Pack 1
Total Memory: 1302072
Available Memory: 783816

============================= Variable Assignment =============================
2012-10-18 21:08:19 --> Internet Download Manager Is Running Now...User Selected No
2012-10-18 21:08:20 --> $AppDataIDMFolder = "C:\Users\Tejas\AppData\Roaming\IDM\"  Error Code:0
2012-10-18 21:08:20 --> $TempPath = "C:\Users\Tejas\AppData\Roaming\IDM\"  Error Code:0
2012-10-18 21:08:20 --> Finilized Path $AppDataIDMFolder= "C:\Users\Tejas\AppData\Roaming\IDM\"
2012-10-18 21:08:20 --> Finilized Path $TempPath= "C:\Users\Tejas\AppData\Roaming\IDM\"
2012-10-18 21:08:20 --> $AppDataIDMFolder = "C:\Users\Tejas\AppData\Roaming\IDM\"  Error Code:0
2012-10-18 21:08:20 --> $TempPath = "C:\Users\Tejas\AppData\Roaming\IDM\"  Error Code:0
2012-10-18 21:08:20 --> Finilized Path $AppDataIDMFolder= "C:\Users\Tejas\AppData\Roaming\IDM\"
2012-10-18 21:08:20 --> Finilized Path $TempPath= "C:\Users\Tejas\AppData\Roaming\IDM\"
2012-10-18 21:08:20 --> Window Created: IDM Backup Manager0.9.3(Beta) With Error Code: 0

============================= New Session Started at 2012-10-18 21:09:22 --> =============================

============================= System Information =============================
Module Name and Version: IDM Backup Manager0.9.3(Beta)
Module Path: C:\Users\Tejas\desktop\project\IDM\IDM BUILD_3\IDM Backup Manager.exe
OS Type: WIN32_NT
OS Version: WIN_7
Service Package: Service Pack 1
Total Memory: 1302072
Available Memory: 781656

============================= Variable Assignment =============================
2012-10-18 21:09:22 --> Internet Download Manager Is Running Now...User Selected No
2012-10-18 21:09:23 --> $AppDataIDMFolder = "C:\Users\Tejas\AppData\Roaming\IDM\"  Error Code:0
2012-10-18 21:09:23 --> $TempPath = "C:\Users\Tejas\AppData\Roaming\IDM\"  Error Code:0
2012-10-18 21:09:23 --> Finilized Path $AppDataIDMFolder= "C:\Users\Tejas\AppData\Roaming\IDM\"
2012-10-18 21:09:23 --> Finilized Path $TempPath= "C:\Users\Tejas\AppData\Roaming\IDM\"
2012-10-18 21:09:23 --> $AppDataIDMFolder = "C:\Users\Tejas\AppData\Roaming\IDM\"  Error Code:0
2012-10-18 21:09:23 --> $TempPath = "C:\Users\Tejas\AppData\Roaming\IDM\"  Error Code:0
2012-10-18 21:09:23 --> Finilized Path $AppDataIDMFolder= "C:\Users\Tejas\AppData\Roaming\IDM\"
2012-10-18 21:09:23 --> Finilized Path $TempPath= "C:\Users\Tejas\AppData\Roaming\IDM\"
2012-10-18 21:09:23 --> Window Created: IDM Backup Manager0.9.3(Beta) With Error Code: 0

============================= New Session Started at 2012-10-18 21:11:47 --> =============================

============================= System Information =============================
Module Name and Version: IDM Backup Manager0.9.3(Beta)
Module Path: C:\Users\Tejas\desktop\project\IDM\IDM BUILD_3\IDM Backup Manager.exe
OS Type: WIN32_NT
OS Version: WIN_7
Service Package: Service Pack 1
Total Memory: 1302072
Available Memory: 781752

============================= Variable Assignment =============================
2012-10-18 21:11:48 --> Internet Download Manager Is Running Now...User Selected No
2012-10-18 21:11:49 --> $AppDataIDMFolder = "C:\Users\Tejas\AppData\Roaming\IDM\"  Error Code:0
2012-10-18 21:11:49 --> $TempPath = "C:\Users\Tejas\AppData\Roaming\IDM\"  Error Code:0
2012-10-18 21:11:49 --> Finilized Path $AppDataIDMFolder= "C:\Users\Tejas\AppData\Roaming\IDM\"
2012-10-18 21:11:49 --> Finilized Path $TempPath= "C:\Users\Tejas\AppData\Roaming\IDM\"
2012-10-18 21:11:49 --> $AppDataIDMFolder = "C:\Users\Tejas\AppData\Roaming\IDM\"  Error Code:0
2012-10-18 21:11:49 --> $TempPath = "C:\Users\Tejas\AppData\Roaming\IDM\"  Error Code:0
2012-10-18 21:11:49 --> Finilized Path $AppDataIDMFolder= "C:\Users\Tejas\AppData\Roaming\IDM\"
2012-10-18 21:11:49 --> Finilized Path $TempPath= "C:\Users\Tejas\AppData\Roaming\IDM\"
2012-10-18 21:11:49 --> Window Created: IDM Backup Manager0.9.3(Beta) With Error Code: 0

============================= New Session Started at 2012-10-18 21:15:59 --> =============================

============================= System Information =============================
Module Name and Version: IDM Backup Manager0.9.3(Beta)
Module Path: C:\Users\Tejas\desktop\project\IDM\IDM BUILD_3\IDM Backup Manager.au3
OS Type: WIN32_NT
OS Version: WIN_7
Service Package: Service Pack 1
Total Memory: 1302072
Available Memory: 762372

============================= Variable Assignment =============================
2012-10-18 21:16:00 --> Internet Download Manager Is Running Now...User Selected No
2012-10-18 21:16:01 --> $AppDataIDMFolder = "C:\Users\Tejas\AppData\Roaming\IDM\"  Error Code:0
2012-10-18 21:16:01 --> $TempPath = "C:\Users\Tejas\AppData\Roaming\IDM\"  Error Code:0
2012-10-18 21:16:01 --> Finilized Path $AppDataIDMFolder= "C:\Users\Tejas\AppData\Roaming\IDM\"
2012-10-18 21:16:01 --> Finilized Path $TempPath= "C:\Users\Tejas\AppData\Roaming\IDM\"
2012-10-18 21:16:01 --> $AppDataIDMFolder = "C:\Users\Tejas\AppData\Roaming\IDM\"  Error Code:0
2012-10-18 21:16:01 --> $TempPath = "C:\Users\Tejas\AppData\Roaming\IDM\"  Error Code:0
2012-10-18 21:16:01 --> Finilized Path $AppDataIDMFolder= "C:\Users\Tejas\AppData\Roaming\IDM\"
2012-10-18 21:16:01 --> Finilized Path $TempPath= "C:\Users\Tejas\AppData\Roaming\IDM\"
2012-10-18 21:16:01 --> Window Created: IDM Backup Manager0.9.3(Beta) With Error Code: 0

============================= Backup Session Started =============================
2012-10-18 21:16:11 --> Password= "True"
2012-10-18 21:16:11 --> $ini_File= "C:\Users\Tejas\AppData\Local\Temp\idm_guest_Setting.ini"
2012-10-18 21:16:11 --> $reg_File= "C:\Users\Tejas\AppData\Local\Temp\IDMregistry.reg"
2012-10-18 21:16:11 --> User Selected Full Backup to  = "C:\Users\Tejas\Desktop\"
2012-10-18 21:17:02 --> Adding $TempPath = "C:\Users\Tejas\AppData\Roaming\IDM\" Error Code:Done
2012-10-18 21:17:08 --> Adding $reg_File = "C:\Users\Tejas\AppData\Local\Temp\IDMregistry.reg" Error Code:Done
2012-10-18 21:17:10 --> Adding $ini_File = "C:\Users\Tejas\AppData\Local\Temp\idm_guest_Setting.ini" Error Code:Done
============================= Backup Session Ended =============================

============================= New Session Started at 2012-10-18 21:19:10 --> =============================

============================= System Information =============================
Module Name and Version: IDM Backup Manager0.9.3(Beta)
Module Path: C:\Users\Tejas\desktop\project\IDM\IDM BUILD_3\IDM Backup Manager.exe
OS Type: WIN32_NT
OS Version: WIN_7
Service Package: Service Pack 1
Total Memory: 1302072
Available Memory: 762200

============================= Variable Assignment =============================
2012-10-18 21:19:11 --> Internet Download Manager Is Running Now...User Selected No
2012-10-18 21:19:12 --> $AppDataIDMFolder = "C:\Users\Tejas\AppData\Roaming\IDM\"  Error Code:0
2012-10-18 21:19:12 --> $TempPath = "C:\Users\Tejas\AppData\Roaming\IDM\"  Error Code:0
2012-10-18 21:19:12 --> Finilized Path $AppDataIDMFolder= "C:\Users\Tejas\AppData\Roaming\IDM\"
2012-10-18 21:19:12 --> Finilized Path $TempPath= "C:\Users\Tejas\AppData\Roaming\IDM\"
2012-10-18 21:19:12 --> $AppDataIDMFolder = "C:\Users\Tejas\AppData\Roaming\IDM\"  Error Code:0
2012-10-18 21:19:12 --> $TempPath = "C:\Users\Tejas\AppData\Roaming\IDM\"  Error Code:0
2012-10-18 21:19:12 --> Finilized Path $AppDataIDMFolder= "C:\Users\Tejas\AppData\Roaming\IDM\"
2012-10-18 21:19:12 --> Finilized Path $TempPath= "C:\Users\Tejas\AppData\Roaming\IDM\"
2012-10-18 21:19:12 --> Window Created: IDM Backup Manager0.9.3(Beta) With Error Code: 0

============================= Restore Session Started =============================
2012-10-18 21:19:20 --> $Restore_7z_path= "C:\Users\Tejas\Desktop\IDMbackup.7z"
2012-10-18 21:19:20 --> $ini_File= "C:\Users\Tejas\AppData\Local\Temp\idm_guest_Setting.ini"
2012-10-18 21:19:20 --> $reg_File= "C:\Users\Tejas\AppData\Local\Temp\IDMregistry.reg"
2012-10-18 21:19:20 --> Extracting idm_guest_Setting.ini = "C:\Users\Tejas\Desktop\IDMbackup.7z-->idm_guest_Setting.ini" Error Code:Done
2012-10-18 21:19:20 --> Password Protected Backup File Detected
2012-10-18 21:19:22 --> CRC Failed May Be Wrong Password !

============================= Restore Session Started =============================
2012-10-18 21:19:24 --> $Restore_7z_path= "C:\Users\Tejas\Desktop\IDMbackup.7z"
2012-10-18 21:19:24 --> $ini_File= "C:\Users\Tejas\AppData\Local\Temp\idm_guest_Setting.ini"
2012-10-18 21:19:24 --> $reg_File= "C:\Users\Tejas\AppData\Local\Temp\IDMregistry.reg"
2012-10-18 21:19:24 --> Extracting idm_guest_Setting.ini = "C:\Users\Tejas\Desktop\IDMbackup.7z-->idm_guest_Setting.ini" Error Code:Done
2012-10-18 21:19:24 --> Password Protected Backup File Detected
2012-10-18 21:19:26 --> CRC Failed May Be Wrong Password !

============================= Restore Session Started =============================
2012-10-18 21:19:26 --> $Restore_7z_path= "C:\Users\Tejas\Desktop\IDMbackup.7z"
2012-10-18 21:19:26 --> $ini_File= "C:\Users\Tejas\AppData\Local\Temp\idm_guest_Setting.ini"
2012-10-18 21:19:26 --> $reg_File= "C:\Users\Tejas\AppData\Local\Temp\IDMregistry.reg"
2012-10-18 21:19:26 --> Extracting idm_guest_Setting.ini = "C:\Users\Tejas\Desktop\IDMbackup.7z-->idm_guest_Setting.ini" Error Code:Done
2012-10-18 21:19:26 --> Password Protected Backup File Detected
2012-10-18 21:19:28 --> CRC Failed May Be Wrong Password !

============================= Restore Session Started =============================
2012-10-18 21:19:29 --> $Restore_7z_path= "C:\Users\Tejas\Desktop\IDMbackup.7z"
2012-10-18 21:19:29 --> $ini_File= "C:\Users\Tejas\AppData\Local\Temp\idm_guest_Setting.ini"
2012-10-18 21:19:29 --> $reg_File= "C:\Users\Tejas\AppData\Local\Temp\IDMregistry.reg"
2012-10-18 21:19:29 --> Extracting idm_guest_Setting.ini = "C:\Users\Tejas\Desktop\IDMbackup.7z-->idm_guest_Setting.ini" Error Code:Done
2012-10-18 21:19:29 --> Password Protected Backup File Detected
2012-10-18 21:19:33 --> CRC Failed May Be Wrong Password !

============================= Restore Session Started =============================
2012-10-18 21:19:36 --> $Restore_7z_path= "C:\Users\Tejas\Desktop\IDMbackup.7z"
2012-10-18 21:19:36 --> $ini_File= "C:\Users\Tejas\AppData\Local\Temp\idm_guest_Setting.ini"
2012-10-18 21:19:36 --> $reg_File= "C:\Users\Tejas\AppData\Local\Temp\IDMregistry.reg"
2012-10-18 21:19:36 --> Extracting idm_guest_Setting.ini = "C:\Users\Tejas\Desktop\IDMbackup.7z-->idm_guest_Setting.ini" Error Code:Done
2012-10-18 21:19:36 --> Password Protected Backup File Detected
2012-10-18 21:19:42 --> Checkbox Not Yet Checked !

============================= Restore Session Started =============================
2012-10-18 21:19:48 --> $Restore_7z_path= "C:\Users\Tejas\Desktop\IDMbackup.7z"
2012-10-18 21:19:48 --> $ini_File= "C:\Users\Tejas\AppData\Local\Temp\idm_guest_Setting.ini"
2012-10-18 21:19:48 --> $reg_File= "C:\Users\Tejas\AppData\Local\Temp\IDMregistry.reg"
2012-10-18 21:19:48 --> Extracting idm_guest_Setting.ini = "C:\Users\Tejas\Desktop\IDMbackup.7z-->idm_guest_Setting.ini" Error Code:Done
2012-10-18 21:19:48 --> Password Protected Backup File Detected
2012-10-18 21:19:50 --> Empty Password !

============================= Restore Session Started =============================
2012-10-18 21:19:56 --> $Restore_7z_path= "C:\Users\Tejas\Desktop\IDMbackup.7z"
2012-10-18 21:19:56 --> $ini_File= "C:\Users\Tejas\AppData\Local\Temp\idm_guest_Setting.ini"
2012-10-18 21:19:56 --> $reg_File= "C:\Users\Tejas\AppData\Local\Temp\IDMregistry.reg"
2012-10-18 21:19:56 --> Extracting idm_guest_Setting.ini = "C:\Users\Tejas\Desktop\IDMbackup.7z-->idm_guest_Setting.ini" Error Code:Done
2012-10-18 21:19:56 --> Password Protected Backup File Detected
2012-10-18 21:19:57 --> Checkbox Not Yet Checked !

============================= New Session Started at 2012-10-18 21:28:56 --> =============================

============================= System Information =============================
Module Name and Version: IDM Backup Manager0.9.3(Beta)
Module Path: C:\Users\Tejas\desktop\project\IDM\IDM BUILD_3\IDM Backup Manager.au3
OS Type: WIN32_NT
OS Version: WIN_7
Service Package: Service Pack 1
Total Memory: 1302072
Available Memory: 517360

============================= Variable Assignment =============================
2012-10-18 21:28:59 --> Internet Download Manager Is Running Now...User Selected No
2012-10-18 21:29:00 --> $AppDataIDMFolder = "C:\Users\Tejas\AppData\Roaming\IDM\"  Error Code:0
2012-10-18 21:29:00 --> $TempPath = "C:\Users\Tejas\AppData\Roaming\IDM\"  Error Code:0
2012-10-18 21:29:00 --> Finilized Path $AppDataIDMFolder= "C:\Users\Tejas\AppData\Roaming\IDM\"
2012-10-18 21:29:00 --> Finilized Path $TempPath= "C:\Users\Tejas\AppData\Roaming\IDM\"
2012-10-18 21:29:00 --> $AppDataIDMFolder = "C:\Users\Tejas\AppData\Roaming\IDM\"  Error Code:0
2012-10-18 21:29:00 --> $TempPath = "C:\Users\Tejas\AppData\Roaming\IDM\"  Error Code:0
2012-10-18 21:29:00 --> Finilized Path $AppDataIDMFolder= "C:\Users\Tejas\AppData\Roaming\IDM\"
2012-10-18 21:29:00 --> Finilized Path $TempPath= "C:\Users\Tejas\AppData\Roaming\IDM\"
2012-10-18 21:29:00 --> Window Created: IDM Backup Manager0.9.3(Beta) With Error Code: 0

============================= New Session Started at 2012-10-18 21:30:07 --> =============================

============================= System Information =============================
Module Name and Version: IDM Backup Manager0.9.3(Beta)
Module Path: C:\Users\Tejas\desktop\project\IDM\IDM BUILD_3\IDM Backup Manager.au3
OS Type: WIN32_NT
OS Version: WIN_7
Service Package: Service Pack 1
Total Memory: 1302072
Available Memory: 506496

============================= Variable Assignment =============================
2012-10-18 21:30:08 --> Internet Download Manager Is Running Now...User Selected No
2012-10-18 21:30:08 --> $AppDataIDMFolder = "C:\Users\Tejas\AppData\Roaming\IDM\"  Error Code:0
2012-10-18 21:30:08 --> $TempPath = "C:\Users\Tejas\AppData\Roaming\IDM\"  Error Code:0
2012-10-18 21:30:08 --> Finilized Path $AppDataIDMFolder= "C:\Users\Tejas\AppData\Roaming\IDM\"
2012-10-18 21:30:08 --> Finilized Path $TempPath= "C:\Users\Tejas\AppData\Roaming\IDM\"
2012-10-18 21:30:08 --> $AppDataIDMFolder = "C:\Users\Tejas\AppData\Roaming\IDM\"  Error Code:0
2012-10-18 21:30:08 --> $TempPath = "C:\Users\Tejas\AppData\Roaming\IDM\"  Error Code:0
2012-10-18 21:30:08 --> Finilized Path $AppDataIDMFolder= "C:\Users\Tejas\AppData\Roaming\IDM\"
2012-10-18 21:30:08 --> Finilized Path $TempPath= "C:\Users\Tejas\AppData\Roaming\IDM\"
2012-10-18 21:30:09 --> Window Created: IDM Backup Manager0.9.3(Beta) With Error Code: 0

============================= New Session Started at 2012-10-18 21:30:28 --> =============================

============================= System Information =============================
Module Name and Version: IDM Backup Manager0.9.3(Beta)
Module Path: C:\Users\Tejas\desktop\project\IDM\IDM BUILD_3\IDM Backup Manager.au3
OS Type: WIN32_NT
OS Version: WIN_7
Service Package: Service Pack 1
Total Memory: 1302072
Available Memory: 506392

============================= Variable Assignment =============================
2012-10-18 21:30:29 --> Internet Download Manager Is Running Now...User Selected No
2012-10-18 21:30:29 --> $AppDataIDMFolder = "C:\Users\Tejas\AppData\Roaming\IDM\"  Error Code:0
2012-10-18 21:30:29 --> $TempPath = "C:\Users\Tejas\AppData\Roaming\IDM\"  Error Code:0
2012-10-18 21:30:29 --> Finilized Path $AppDataIDMFolder= "C:\Users\Tejas\AppData\Roaming\IDM\"
2012-10-18 21:30:29 --> Finilized Path $TempPath= "C:\Users\Tejas\AppData\Roaming\IDM\"
2012-10-18 21:30:29 --> $AppDataIDMFolder = "C:\Users\Tejas\AppData\Roaming\IDM\"  Error Code:0
2012-10-18 21:30:29 --> $TempPath = "C:\Users\Tejas\AppData\Roaming\IDM\"  Error Code:0
2012-10-18 21:30:29 --> Finilized Path $AppDataIDMFolder= "C:\Users\Tejas\AppData\Roaming\IDM\"
2012-10-18 21:30:29 --> Finilized Path $TempPath= "C:\Users\Tejas\AppData\Roaming\IDM\"
2012-10-18 21:30:29 --> Window Created: IDM Backup Manager0.9.3(Beta) With Error Code: 0

============================= New Session Started at 2012-10-18 21:31:18 --> =============================

============================= System Information =============================
Module Name and Version: IDM Backup Manager0.9.3(Beta)
Module Path: C:\Users\Tejas\desktop\project\IDM\IDM BUILD_3\IDM Backup Manager.au3
OS Type: WIN32_NT
OS Version: WIN_7
Service Package: Service Pack 1
Total Memory: 1302072
Available Memory: 473972

============================= Variable Assignment =============================
2012-10-18 21:31:19 --> Internet Download Manager Is Running Now...User Selected No
2012-10-18 21:31:19 --> $AppDataIDMFolder = "C:\Users\Tejas\AppData\Roaming\IDM\"  Error Code:0
2012-10-18 21:31:19 --> $TempPath = "C:\Users\Tejas\AppData\Roaming\IDM\"  Error Code:0
2012-10-18 21:31:19 --> Finilized Path $AppDataIDMFolder= "C:\Users\Tejas\AppData\Roaming\IDM\"
2012-10-18 21:31:19 --> Finilized Path $TempPath= "C:\Users\Tejas\AppData\Roaming\IDM\"
2012-10-18 21:31:19 --> $AppDataIDMFolder = "C:\Users\Tejas\AppData\Roaming\IDM\"  Error Code:0
2012-10-18 21:31:19 --> $TempPath = "C:\Users\Tejas\AppData\Roaming\IDM\"  Error Code:0
2012-10-18 21:31:19 --> Finilized Path $AppDataIDMFolder= "C:\Users\Tejas\AppData\Roaming\IDM\"
2012-10-18 21:31:19 --> Finilized Path $TempPath= "C:\Users\Tejas\AppData\Roaming\IDM\"
2012-10-18 21:31:20 --> Window Created: IDM Backup Manager0.9.3(Beta) With Error Code: 0

============================= New Session Started at 2012-10-18 21:32:32 --> =============================

============================= System Information =============================
Module Name and Version: IDM Backup Manager0.9.3(Beta)
Module Path: C:\Users\Tejas\desktop\project\IDM\IDM BUILD_3\IDM Backup Manager.au3
OS Type: WIN32_NT
OS Version: WIN_7
Service Package: Service Pack 1
Total Memory: 1302072
Available Memory: 529836

============================= Variable Assignment =============================
2012-10-18 21:32:32 --> Internet Download Manager Is Running Now...User Selected No
2012-10-18 21:32:33 --> $AppDataIDMFolder = "C:\Users\Tejas\AppData\Roaming\IDM\"  Error Code:0
2012-10-18 21:32:33 --> $TempPath = "C:\Users\Tejas\AppData\Roaming\IDM\"  Error Code:0
2012-10-18 21:32:33 --> Finilized Path $AppDataIDMFolder= "C:\Users\Tejas\AppData\Roaming\IDM\"
2012-10-18 21:32:33 --> Finilized Path $TempPath= "C:\Users\Tejas\AppData\Roaming\IDM\"
2012-10-18 21:32:33 --> $AppDataIDMFolder = "C:\Users\Tejas\AppData\Roaming\IDM\"  Error Code:0
2012-10-18 21:32:33 --> $TempPath = "C:\Users\Tejas\AppData\Roaming\IDM\"  Error Code:0
2012-10-18 21:32:33 --> Finilized Path $AppDataIDMFolder= "C:\Users\Tejas\AppData\Roaming\IDM\"
2012-10-18 21:32:33 --> Finilized Path $TempPath= "C:\Users\Tejas\AppData\Roaming\IDM\"
2012-10-18 21:32:33 --> Window Created: IDM Backup Manager0.9.3(Beta) With Error Code: 0

============================= New Session Started at 2012-10-18 21:33:34 --> =============================

============================= System Information =============================
Module Name and Version: IDM Backup Manager0.9.3(Beta)
Module Path: C:\Users\Tejas\desktop\project\IDM\IDM BUILD_3\IDM Backup Manager.au3
OS Type: WIN32_NT
OS Version: WIN_7
Service Package: Service Pack 1
Total Memory: 1302072
Available Memory: 506860

============================= Variable Assignment =============================
2012-10-18 21:33:35 --> Internet Download Manager Is Running Now...User Selected No
2012-10-18 21:33:37 --> $AppDataIDMFolder = "C:\Users\Tejas\AppData\Roaming\IDM\"  Error Code:0
2012-10-18 21:33:37 --> $TempPath = "C:\Users\Tejas\AppData\Roaming\IDM\"  Error Code:0
2012-10-18 21:33:37 --> Finilized Path $AppDataIDMFolder= "C:\Users\Tejas\AppData\Roaming\IDM\"
2012-10-18 21:33:37 --> Finilized Path $TempPath= "C:\Users\Tejas\AppData\Roaming\IDM\"
2012-10-18 21:33:37 --> $AppDataIDMFolder = "C:\Users\Tejas\AppData\Roaming\IDM\"  Error Code:0
2012-10-18 21:33:37 --> $TempPath = "C:\Users\Tejas\AppData\Roaming\IDM\"  Error Code:0
2012-10-18 21:33:37 --> Finilized Path $AppDataIDMFolder= "C:\Users\Tejas\AppData\Roaming\IDM\"
2012-10-18 21:33:37 --> Finilized Path $TempPath= "C:\Users\Tejas\AppData\Roaming\IDM\"
2012-10-18 21:33:37 --> Window Created: IDM Backup Manager0.9.3(Beta) With Error Code: 0

============================= New Session Started at 2012-10-18 21:35:34 --> =============================

============================= System Information =============================
Module Name and Version: IDM Backup Manager0.9.3(Beta)
Module Path: C:\Users\Tejas\desktop\project\IDM\IDM BUILD_3\IDM Backup Manager.au3
OS Type: WIN32_NT
OS Version: WIN_7
Service Package: Service Pack 1
Total Memory: 1302072
Available Memory: 516180

============================= Variable Assignment =============================
2012-10-18 21:35:34 --> Internet Download Manager Is Running Now...User Selected No
2012-10-18 21:35:35 --> $AppDataIDMFolder = "C:\Users\Tejas\AppData\Roaming\IDM\"  Error Code:0
2012-10-18 21:35:35 --> $TempPath = "C:\Users\Tejas\AppData\Roaming\IDM\"  Error Code:0
2012-10-18 21:35:35 --> Finilized Path $AppDataIDMFolder= "C:\Users\Tejas\AppData\Roaming\IDM\"
2012-10-18 21:35:35 --> Finilized Path $TempPath= "C:\Users\Tejas\AppData\Roaming\IDM\"
2012-10-18 21:35:35 --> $AppDataIDMFolder = "C:\Users\Tejas\AppData\Roaming\IDM\"  Error Code:0
2012-10-18 21:35:35 --> $TempPath = "C:\Users\Tejas\AppData\Roaming\IDM\"  Error Code:0
2012-10-18 21:35:35 --> Finilized Path $AppDataIDMFolder= "C:\Users\Tejas\AppData\Roaming\IDM\"
2012-10-18 21:35:35 --> Finilized Path $TempPath= "C:\Users\Tejas\AppData\Roaming\IDM\"
2012-10-18 21:35:35 --> Window Created: IDM Backup Manager0.9.3(Beta) With Error Code: 0

============================= New Session Started at 2012-10-18 22:58:07 --> =============================

============================= System Information =============================
Module Name and Version: IDM Backup Manager0.9.3(Beta)
Module Path: C:\Users\Tejas\desktop\project\IDM\IDM BUILD_3\IDM Backup Manager.exe
OS Type: WIN32_NT
OS Version: WIN_7
Service Package: Service Pack 1
Total Memory: 1302072
Available Memory: 841500

============================= Variable Assignment =============================
2012-10-18 22:58:09 --> Internet Download Manager Is Running Now...User Selected No
2012-10-18 22:58:10 --> $AppDataIDMFolder = "C:\Users\Tejas\AppData\Roaming\IDM\"  Error Code:0
2012-10-18 22:58:10 --> $TempPath = "C:\Users\Tejas\AppData\Roaming\IDM\"  Error Code:0
2012-10-18 22:58:10 --> Finilized Path $AppDataIDMFolder= "C:\Users\Tejas\AppData\Roaming\IDM\"
2012-10-18 22:58:10 --> Finilized Path $TempPath= "C:\Users\Tejas\AppData\Roaming\IDM\"
2012-10-18 22:58:10 --> $AppDataIDMFolder = "C:\Users\Tejas\AppData\Roaming\IDM\"  Error Code:0
2012-10-18 22:58:10 --> $TempPath = "C:\Users\Tejas\AppData\Roaming\IDM\"  Error Code:0
2012-10-18 22:58:10 --> Finilized Path $AppDataIDMFolder= "C:\Users\Tejas\AppData\Roaming\IDM\"
2012-10-18 22:58:10 --> Finilized Path $TempPath= "C:\Users\Tejas\AppData\Roaming\IDM\"
2012-10-18 22:58:10 --> Window Created: IDM Backup Manager0.9.3(Beta) With Error Code: 0

============================= New Session Started at 2012-10-18 22:59:43 --> =============================

============================= System Information =============================
Module Name and Version: IDM Backup Manager0.9.3(Beta)
Module Path: C:\Users\Tejas\desktop\project\IDM\IDM BUILD_3\IDM Backup Manager.exe
OS Type: WIN32_NT
OS Version: WIN_7
Service Package: Service Pack 1
Total Memory: 1302072
Available Memory: 641276

============================= Variable Assignment =============================
2012-10-18 22:59:44 --> Internet Download Manager Is Running Now...User Selected No
2012-10-18 22:59:45 --> $AppDataIDMFolder = "C:\Users\Tejas\AppData\Roaming\IDM\"  Error Code:0
2012-10-18 22:59:45 --> $TempPath = "C:\Users\Tejas\AppData\Roaming\IDM\"  Error Code:0
2012-10-18 22:59:45 --> Finilized Path $AppDataIDMFolder= "C:\Users\Tejas\AppData\Roaming\IDM\"
2012-10-18 22:59:45 --> Finilized Path $TempPath= "C:\Users\Tejas\AppData\Roaming\IDM\"
2012-10-18 22:59:45 --> $AppDataIDMFolder = "C:\Users\Tejas\AppData\Roaming\IDM\"  Error Code:0
2012-10-18 22:59:45 --> $TempPath = "C:\Users\Tejas\AppData\Roaming\IDM\"  Error Code:0
2012-10-18 22:59:45 --> Finilized Path $AppDataIDMFolder= "C:\Users\Tejas\AppData\Roaming\IDM\"
2012-10-18 22:59:45 --> Finilized Path $TempPath= "C:\Users\Tejas\AppData\Roaming\IDM\"
2012-10-18 22:59:45 --> Window Created: IDM Backup Manager0.9.3(Beta) With Error Code: 0

============================= New Session Started at 2012-10-18 23:14:34 --> =============================

============================= System Information =============================
Module Name and Version: IDM Backup Manager0.9.3(Beta)
Module Path: C:\Users\Tejas\desktop\project\IDM\IDM BUILD_3\IDM Backup Manager.exe
OS Type: WIN32_NT
OS Version: WIN_7
Service Package: Service Pack 1
Total Memory: 1302072
Available Memory: 539128

============================= Variable Assignment =============================
2012-10-18 23:14:40 --> Internet Download Manager Is Running Now...User Selected No
2012-10-18 23:14:50 --> $AppDataIDMFolder = "C:\Users\Tejas\AppData\Roaming\IDM\"  Error Code:0
2012-10-18 23:14:50 --> $TempPath = "C:\Users\Tejas\AppData\Roaming\IDM\"  Error Code:0
2012-10-18 23:14:50 --> Finilized Path $AppDataIDMFolder= "C:\Users\Tejas\AppData\Roaming\IDM\"
2012-10-18 23:14:50 --> Finilized Path $TempPath= "C:\Users\Tejas\AppData\Roaming\IDM\"
2012-10-18 23:14:50 --> $AppDataIDMFolder = "C:\Users\Tejas\AppData\Roaming\IDM\"  Error Code:0
2012-10-18 23:14:50 --> $TempPath = "C:\Users\Tejas\AppData\Roaming\IDM\"  Error Code:0
2012-10-18 23:14:50 --> Finilized Path $AppDataIDMFolder= "C:\Users\Tejas\AppData\Roaming\IDM\"
2012-10-18 23:14:50 --> Finilized Path $TempPath= "C:\Users\Tejas\AppData\Roaming\IDM\"
2012-10-18 23:14:51 --> Window Created: IDM Backup Manager0.9.3(Beta) With Error Code: 0

============================= New Session Started at 2012-10-19 13:51:12 --> =============================

============================= System Information =============================
Module Name and Version: IDM Backup Manager0.9.3(Beta)
Module Path: C:\Users\Tejas\desktop\project\IDM\IDM BUILD_3\IDM Backup Manager.au3
OS Type: WIN32_NT
OS Version: WIN_XP
Service Package: Service Pack 3
Total Memory: 1301996
Available Memory: 904204

============================= Variable Assignment =============================
2012-10-19 13:51:12 --> $AppDataIDMFolder = ""  Error Code:0
2012-10-19 13:51:12 --> $TempPath = ""  Error Code:0
2012-10-19 13:51:12 --> Not Found $TempPath: ""
2012-10-19 13:51:12 --> Auto assign $TempPath: "D:\Documents and Settings\Tejas\Application Data\IDM\"
2012-10-19 13:51:12 --> Not Found $AppDataIDMFolder: ""
2012-10-19 13:51:12 --> Auto assign $TempPath: "D:\Documents and Settings\Tejas\Application Data\IDM\"
2012-10-19 13:51:12 --> $AppDataIDMFolder = ""  Error Code:0
2012-10-19 13:51:12 --> $TempPath = ""  Error Code:0
2012-10-19 13:51:12 --> Not Found $TempPath: ""
2012-10-19 13:51:12 --> Auto assign $TempPath: "D:\Documents and Settings\Tejas\Application Data\IDM\"
2012-10-19 13:51:12 --> Not Found $AppDataIDMFolder: ""
2012-10-19 13:51:12 --> Auto assign $TempPath: "D:\Documents and Settings\Tejas\Application Data\IDM\"
2012-10-19 13:51:12 --> Window Created: IDM Backup Manager0.9.3(Beta) With Error Code: 0

============================= Backup Session Started =============================
2012-10-19 13:51:42 --> Password= "False"
2012-10-19 13:51:42 --> $ini_File= "D:\DOCUME~1\Tejas\LOCALS~1\Temp\idm_guest_Setting.ini"
2012-10-19 13:51:42 --> $reg_File= "D:\DOCUME~1\Tejas\LOCALS~1\Temp\IDMregistry.reg"
2012-10-19 13:51:42 --> User Selected Full Backup to  = "D:\Documents and Settings\Tejas\Desktop\"
2012-10-19 13:51:44 --> Registry Entry Is Empty. Nothing To Backup !
============================= Backup Session Ended =============================

============================= Backup Session Started =============================
2012-10-19 13:51:49 --> Password= "False"
2012-10-19 13:51:49 --> $ini_File= "D:\DOCUME~1\Tejas\LOCALS~1\Temp\idm_guest_Setting.ini"
2012-10-19 13:51:49 --> $reg_File= "D:\DOCUME~1\Tejas\LOCALS~1\Temp\IDMregistry.reg"
2012-10-19 13:51:49 --> User Selected Full Backup to  = "D:\Documents and Settings\Tejas\Desktop\"
2012-10-19 13:51:52 --> Registry Entry Is Empty. Nothing To Backup !
============================= Backup Session Ended =============================

============================= New Session Started at 2012-10-19 13:55:21 --> =============================

============================= System Information =============================
Module Name and Version: IDM Backup Manager0.9.3(Beta)
Module Path: C:\Users\Tejas\desktop\project\IDM\IDM BUILD_3\IDM Backup Manager.au3
OS Type: WIN32_NT
OS Version: WIN_XP
Service Package: Service Pack 3
Total Memory: 1301996
Available Memory: 904192

============================= Variable Assignment =============================
2012-10-19 13:55:21 --> $AppDataIDMFolder = ""  Error Code:0
2012-10-19 13:55:21 --> $TempPath = ""  Error Code:0
2012-10-19 13:55:21 --> Not Found $TempPath: ""
2012-10-19 13:55:21 --> Auto assign $TempPath: "D:\Documents and Settings\Tejas\Application Data\IDM\"
2012-10-19 13:55:21 --> Not Found $AppDataIDMFolder: ""
2012-10-19 13:55:21 --> Auto assign $TempPath: "D:\Documents and Settings\Tejas\Application Data\IDM\"
2012-10-19 13:55:21 --> $AppDataIDMFolder = ""  Error Code:0
2012-10-19 13:55:21 --> $TempPath = ""  Error Code:0
2012-10-19 13:55:21 --> Not Found $TempPath: ""
2012-10-19 13:55:21 --> Auto assign $TempPath: "D:\Documents and Settings\Tejas\Application Data\IDM\"
2012-10-19 13:55:21 --> Not Found $AppDataIDMFolder: ""
2012-10-19 13:55:21 --> Auto assign $TempPath: "D:\Documents and Settings\Tejas\Application Data\IDM\"
2012-10-19 13:55:21 --> Window Created: IDM Backup Manager0.9.3(Beta) With Error Code: 0

============================= New Session Started at 2012-10-19 14:10:47 --> =============================

============================= System Information =============================
Module Name and Version: IDM Backup Manager0.9.3(Beta)
Module Path: C:\Users\Tejas\desktop\project\IDM\IDM BUILD_3\IDM Backup Manager.au3
OS Type: WIN32_NT
OS Version: WIN_7
Service Package: Service Pack 1
Total Memory: 1302072
Available Memory: 631872

============================= Variable Assignment =============================
2012-10-19 14:10:47 --> Internet Download Manager Is Running Now...User Selected No
2012-10-19 14:10:48 --> $AppDataIDMFolder = "C:\Users\Tejas\AppData\Roaming\IDM\"  Error Code:0
2012-10-19 14:10:48 --> $TempPath = "C:\Users\Tejas\AppData\Roaming\IDM\"  Error Code:0
2012-10-19 14:10:48 --> Finilized Path $AppDataIDMFolder= "C:\Users\Tejas\AppData\Roaming\IDM\"
2012-10-19 14:10:48 --> Finilized Path $TempPath= "C:\Users\Tejas\AppData\Roaming\IDM\"
2012-10-19 14:10:48 --> $AppDataIDMFolder = "C:\Users\Tejas\AppData\Roaming\IDM\"  Error Code:0
2012-10-19 14:10:48 --> $TempPath = "C:\Users\Tejas\AppData\Roaming\IDM\"  Error Code:0
2012-10-19 14:10:48 --> Finilized Path $AppDataIDMFolder= "C:\Users\Tejas\AppData\Roaming\IDM\"
2012-10-19 14:10:48 --> Finilized Path $TempPath= "C:\Users\Tejas\AppData\Roaming\IDM\"
2012-10-19 14:10:48 --> Window Created: IDM Backup Manager0.9.3(Beta) With Error Code: 0

============================= New Session Started at 2012-10-19 14:12:49 --> =============================

============================= System Information =============================
Module Name and Version: IDM Backup Manager0.9.3(Beta)
Module Path: C:\Users\Tejas\desktop\project\IDM\IDM BUILD_3\IDM Backup Manager.exe
OS Type: WIN32_NT
OS Version: WIN_7
Service Package: Service Pack 1
Total Memory: 1302072
Available Memory: 615964

============================= Variable Assignment =============================
2012-10-19 14:12:50 --> Internet Download Manager Is Running Now...User Selected No
2012-10-19 14:12:50 --> $AppDataIDMFolder = "C:\Users\Tejas\AppData\Roaming\IDM\"  Error Code:0
2012-10-19 14:12:50 --> $TempPath = "C:\Users\Tejas\AppData\Roaming\IDM\"  Error Code:0
2012-10-19 14:12:50 --> Finilized Path $AppDataIDMFolder= "C:\Users\Tejas\AppData\Roaming\IDM\"
2012-10-19 14:12:50 --> Finilized Path $TempPath= "C:\Users\Tejas\AppData\Roaming\IDM\"
2012-10-19 14:12:50 --> $AppDataIDMFolder = "C:\Users\Tejas\AppData\Roaming\IDM\"  Error Code:0
2012-10-19 14:12:50 --> $TempPath = "C:\Users\Tejas\AppData\Roaming\IDM\"  Error Code:0
2012-10-19 14:12:50 --> Finilized Path $AppDataIDMFolder= "C:\Users\Tejas\AppData\Roaming\IDM\"
2012-10-19 14:12:50 --> Finilized Path $TempPath= "C:\Users\Tejas\AppData\Roaming\IDM\"
2012-10-19 14:12:50 --> Window Created: IDM Backup Manager0.9.3(Beta) With Error Code: 0

============================= New Session Started at 2012-10-19 14:15:53 --> =============================

============================= System Information =============================
Module Name and Version: IDM Backup Manager0.9.3(Beta)
Module Path: C:\Users\Tejas\desktop\project\IDM\IDM BUILD_3\IDM Backup Manager.au3
OS Type: WIN32_NT
OS Version: WIN_7
Service Package: Service Pack 1
Total Memory: 1302072
Available Memory: 561624

============================= Variable Assignment =============================
2012-10-19 14:15:54 --> Internet Download Manager Is Running Now...User Selected No
2012-10-19 14:15:55 --> $AppDataIDMFolder = "C:\Users\Tejas\AppData\Roaming\IDM\"  Error Code:0
2012-10-19 14:15:55 --> $TempPath = "C:\Users\Tejas\AppData\Roaming\IDM\"  Error Code:0
2012-10-19 14:15:55 --> Finilized Path $AppDataIDMFolder= "C:\Users\Tejas\AppData\Roaming\IDM\"
2012-10-19 14:15:55 --> Finilized Path $TempPath= "C:\Users\Tejas\AppData\Roaming\IDM\"
2012-10-19 14:15:55 --> $AppDataIDMFolder = "C:\Users\Tejas\AppData\Roaming\IDM\"  Error Code:0
2012-10-19 14:15:55 --> $TempPath = "C:\Users\Tejas\AppData\Roaming\IDM\"  Error Code:0
2012-10-19 14:15:55 --> Finilized Path $AppDataIDMFolder= "C:\Users\Tejas\AppData\Roaming\IDM\"
2012-10-19 14:15:55 --> Finilized Path $TempPath= "C:\Users\Tejas\AppData\Roaming\IDM\"
2012-10-19 14:15:55 --> Window Created: IDM Backup Manager0.9.3(Beta) With Error Code: 0

============================= New Session Started at 2012-10-19 17:47:28 --> =============================

============================= System Information =============================
Module Name and Version: IDM Backup Manager0.9.3(Beta)
Module Path: C:\Users\Tejas\desktop\project\IDM\IDM BUILD_3\IDM Backup Manager.exe
OS Type: WIN32_NT
OS Version: WIN_7
Service Package: Service Pack 1
Total Memory: 1302072
Available Memory: 554704

============================= Variable Assignment =============================
2012-10-19 17:47:29 --> Internet Download Manager Is Running Now...User Selected No
2012-10-19 17:47:29 --> $AppDataIDMFolder = "C:\Users\Tejas\AppData\Roaming\IDM\"  Error Code:0
2012-10-19 17:47:29 --> $TempPath = "C:\Users\Tejas\AppData\Roaming\IDM\"  Error Code:0
2012-10-19 17:47:29 --> Finilized Path $AppDataIDMFolder= "C:\Users\Tejas\AppData\Roaming\IDM\"
2012-10-19 17:47:29 --> Finilized Path $TempPath= "C:\Users\Tejas\AppData\Roaming\IDM\"
2012-10-19 17:47:29 --> $AppDataIDMFolder = "C:\Users\Tejas\AppData\Roaming\IDM\"  Error Code:0
2012-10-19 17:47:29 --> $TempPath = "C:\Users\Tejas\AppData\Roaming\IDM\"  Error Code:0
2012-10-19 17:47:29 --> Finilized Path $AppDataIDMFolder= "C:\Users\Tejas\AppData\Roaming\IDM\"
2012-10-19 17:47:29 --> Finilized Path $TempPath= "C:\Users\Tejas\AppData\Roaming\IDM\"
2012-10-19 17:47:30 --> Window Created: IDM Backup Manager0.9.3(Beta) With Error Code: 0

============================= New Session Started at 2012-10-19 17:48:10 --> =============================

============================= System Information =============================
Module Name and Version: IDM Backup Manager0.9.3(Beta)
Module Path: C:\Users\Tejas\desktop\project\IDM\IDM BUILD_3\IDM Backup Manager.exe
OS Type: WIN32_NT
OS Version: WIN_7
Service Package: Service Pack 1
Total Memory: 1302072
Available Memory: 498628

============================= Variable Assignment =============================
2012-10-19 17:48:11 --> Internet Download Manager Is Running Now...User Selected No
2012-10-19 17:48:11 --> $AppDataIDMFolder = "C:\Users\Tejas\AppData\Roaming\IDM\"  Error Code:0
2012-10-19 17:48:11 --> $TempPath = "C:\Users\Tejas\AppData\Roaming\IDM\"  Error Code:0
2012-10-19 17:48:11 --> Finilized Path $AppDataIDMFolder= "C:\Users\Tejas\AppData\Roaming\IDM\"
2012-10-19 17:48:11 --> Finilized Path $TempPath= "C:\Users\Tejas\AppData\Roaming\IDM\"
2012-10-19 17:48:11 --> $AppDataIDMFolder = "C:\Users\Tejas\AppData\Roaming\IDM\"  Error Code:0
2012-10-19 17:48:11 --> $TempPath = "C:\Users\Tejas\AppData\Roaming\IDM\"  Error Code:0
2012-10-19 17:48:11 --> Finilized Path $AppDataIDMFolder= "C:\Users\Tejas\AppData\Roaming\IDM\"
2012-10-19 17:48:11 --> Finilized Path $TempPath= "C:\Users\Tejas\AppData\Roaming\IDM\"
2012-10-19 17:48:12 --> Window Created: IDM Backup Manager0.9.3(Beta) With Error Code: 0

============================= Backup Session Started =============================
2012-10-19 18:56:22 --> Password= "False"
2012-10-19 18:56:22 --> $ini_File= "C:\Users\Tejas\AppData\Local\Temp\idm_guest_Setting.ini"
2012-10-19 18:56:22 --> $reg_File= "C:\Users\Tejas\AppData\Local\Temp\IDMregistry.reg"
2012-10-19 18:56:22 --> User Selected Full Backup to  = "C:\Users\Tejas\Desktop\"
2012-10-19 18:56:59 --> Adding $TempPath = "C:\Users\Tejas\AppData\Roaming\IDM\" Error Code:Done
2012-10-19 18:57:11 --> Adding $reg_File = "C:\Users\Tejas\AppData\Local\Temp\IDMregistry.reg" Error Code:Done
2012-10-19 18:57:22 --> Adding $ini_File = "C:\Users\Tejas\AppData\Local\Temp\idm_guest_Setting.ini" Error Code:Done
============================= Backup Session Ended =============================

============================= New Session Started at 2012-10-19 20:42:45 --> =============================

============================= System Information =============================
Module Name and Version: IDM Backup Manager0.9.3(Beta)
Module Path: C:\Users\Tejas\desktop\project\IDM\IDM BUILD_3\IDM Backup Manager.exe
OS Type: WIN32_NT
OS Version: WIN_7
Service Package: Service Pack 1
Total Memory: 1302072
Available Memory: 573680

============================= Variable Assignment =============================
2012-10-19 20:42:46 --> Internet Download Manager Is Running Now...User Selected No
2012-10-19 20:42:46 --> $AppDataIDMFolder = "C:\Users\Tejas\AppData\Roaming\IDM\"  Error Code:0
2012-10-19 20:42:46 --> $TempPath = "C:\Users\Tejas\AppData\Roaming\IDM\"  Error Code:0
2012-10-19 20:42:46 --> Finilized Path $AppDataIDMFolder= "C:\Users\Tejas\AppData\Roaming\IDM\"
2012-10-19 20:42:46 --> Finilized Path $TempPath= "C:\Users\Tejas\AppData\Roaming\IDM\"
2012-10-19 20:42:46 --> $AppDataIDMFolder = "C:\Users\Tejas\AppData\Roaming\IDM\"  Error Code:0
2012-10-19 20:42:46 --> $TempPath = "C:\Users\Tejas\AppData\Roaming\IDM\"  Error Code:0
2012-10-19 20:42:46 --> Finilized Path $AppDataIDMFolder= "C:\Users\Tejas\AppData\Roaming\IDM\"
2012-10-19 20:42:46 --> Finilized Path $TempPath= "C:\Users\Tejas\AppData\Roaming\IDM\"
2012-10-19 20:42:47 --> Window Created: IDM Backup Manager0.9.3(Beta) With Error Code: 0

============================= New Session Started at 2012-10-19 22:51:40 --> =============================

============================= System Information =============================
Module Name and Version: IDM Backup Manager0.9.3(Beta)
Module Path: C:\Users\Tejas\desktop\project\IDM\IDM BUILD_3\IDM Backup Manager.exe
OS Type: WIN32_NT
OS Version: WIN_7
Service Package: Service Pack 1
Total Memory: 1302072
Available Memory: 856200

============================= Variable Assignment =============================
2012-10-19 22:51:41 --> Internet Download Manager Is Running Now...User Selected No
2012-10-19 22:51:42 --> $AppDataIDMFolder = "C:\Users\Tejas\AppData\Roaming\IDM\"  Error Code:0
2012-10-19 22:51:42 --> $TempPath = "C:\Users\Tejas\AppData\Roaming\IDM\"  Error Code:0
2012-10-19 22:51:42 --> Finilized Path $AppDataIDMFolder= "C:\Users\Tejas\AppData\Roaming\IDM\"
2012-10-19 22:51:42 --> Finilized Path $TempPath= "C:\Users\Tejas\AppData\Roaming\IDM\"
2012-10-19 22:51:42 --> $AppDataIDMFolder = "C:\Users\Tejas\AppData\Roaming\IDM\"  Error Code:0
2012-10-19 22:51:42 --> $TempPath = "C:\Users\Tejas\AppData\Roaming\IDM\"  Error Code:0
2012-10-19 22:51:42 --> Finilized Path $AppDataIDMFolder= "C:\Users\Tejas\AppData\Roaming\IDM\"
2012-10-19 22:51:42 --> Finilized Path $TempPath= "C:\Users\Tejas\AppData\Roaming\IDM\"
2012-10-19 22:51:42 --> Window Created: IDM Backup Manager0.9.3(Beta) With Error Code: 0

============================= New Session Started at 2012-10-19 22:53:26 --> =============================

============================= System Information =============================
Module Name and Version: IDM Backup Manager0.9.3(Beta)
Module Path: C:\Users\Tejas\desktop\project\IDM\IDM BUILD_3\IDM Backup Manager.exe
OS Type: WIN32_NT
OS Version: WIN_7
Service Package: Service Pack 1
Total Memory: 1302072
Available Memory: 852588

============================= Variable Assignment =============================
2012-10-19 22:53:27 --> Internet Download Manager Is Running Now...User Selected No
2012-10-19 22:53:28 --> $AppDataIDMFolder = "C:\Users\Tejas\AppData\Roaming\IDM\"  Error Code:0
2012-10-19 22:53:28 --> $TempPath = "C:\Users\Tejas\AppData\Roaming\IDM\"  Error Code:0
2012-10-19 22:53:28 --> Finilized Path $AppDataIDMFolder= "C:\Users\Tejas\AppData\Roaming\IDM\"
2012-10-19 22:53:28 --> Finilized Path $TempPath= "C:\Users\Tejas\AppData\Roaming\IDM\"
2012-10-19 22:53:28 --> $AppDataIDMFolder = "C:\Users\Tejas\AppData\Roaming\IDM\"  Error Code:0
2012-10-19 22:53:28 --> $TempPath = "C:\Users\Tejas\AppData\Roaming\IDM\"  Error Code:0
2012-10-19 22:53:28 --> Finilized Path $AppDataIDMFolder= "C:\Users\Tejas\AppData\Roaming\IDM\"
2012-10-19 22:53:28 --> Finilized Path $TempPath= "C:\Users\Tejas\AppData\Roaming\IDM\"
2012-10-19 22:53:28 --> Window Created: IDM Backup Manager0.9.3(Beta) With Error Code: 0

============================= New Session Started at 2012-10-19 22:54:54 --> =============================

============================= System Information =============================
Module Name and Version: IDM Backup Manager0.9.3(Beta)
Module Path: C:\Users\Tejas\desktop\project\IDM\IDM BUILD_3\IDM Backup Manager.exe
OS Type: WIN32_NT
OS Version: WIN_7
Service Package: Service Pack 1
Total Memory: 1302072
Available Memory: 854528

============================= Variable Assignment =============================
2012-10-19 22:54:55 --> Internet Download Manager Is Running Now...User Selected No
2012-10-19 22:54:55 --> $AppDataIDMFolder = "C:\Users\Tejas\AppData\Roaming\IDM\"  Error Code:0
2012-10-19 22:54:55 --> $TempPath = "C:\Users\Tejas\AppData\Roaming\IDM\"  Error Code:0
2012-10-19 22:54:55 --> Finilized Path $AppDataIDMFolder= "C:\Users\Tejas\AppData\Roaming\IDM\"
2012-10-19 22:54:55 --> Finilized Path $TempPath= "C:\Users\Tejas\AppData\Roaming\IDM\"
2012-10-19 22:54:55 --> $AppDataIDMFolder = "C:\Users\Tejas\AppData\Roaming\IDM\"  Error Code:0
2012-10-19 22:54:55 --> $TempPath = "C:\Users\Tejas\AppData\Roaming\IDM\"  Error Code:0
2012-10-19 22:54:55 --> Finilized Path $AppDataIDMFolder= "C:\Users\Tejas\AppData\Roaming\IDM\"
2012-10-19 22:54:55 --> Finilized Path $TempPath= "C:\Users\Tejas\AppData\Roaming\IDM\"
2012-10-19 22:54:56 --> Window Created: IDM Backup Manager0.9.3(Beta) With Error Code: 0

============================= New Session Started at 2012-10-19 22:55:45 --> =============================

============================= System Information =============================
Module Name and Version: IDM Backup Manager0.9.3(Beta)
Module Path: C:\Users\Tejas\desktop\project\IDM\IDM BUILD_3\IDM Backup Manager.exe
OS Type: WIN32_NT
OS Version: WIN_7
Service Package: Service Pack 1
Total Memory: 1302072
Available Memory: 854948

============================= Variable Assignment =============================
2012-10-19 22:55:45 --> Internet Download Manager Is Running Now...User Selected No
2012-10-19 22:55:46 --> $AppDataIDMFolder = "C:\Users\Tejas\AppData\Roaming\IDM\"  Error Code:0
2012-10-19 22:55:46 --> $TempPath = "C:\Users\Tejas\AppData\Roaming\IDM\"  Error Code:0
2012-10-19 22:55:46 --> Finilized Path $AppDataIDMFolder= "C:\Users\Tejas\AppData\Roaming\IDM\"
2012-10-19 22:55:46 --> Finilized Path $TempPath= "C:\Users\Tejas\AppData\Roaming\IDM\"
2012-10-19 22:55:46 --> $AppDataIDMFolder = "C:\Users\Tejas\AppData\Roaming\IDM\"  Error Code:0
2012-10-19 22:55:46 --> $TempPath = "C:\Users\Tejas\AppData\Roaming\IDM\"  Error Code:0
2012-10-19 22:55:46 --> Finilized Path $AppDataIDMFolder= "C:\Users\Tejas\AppData\Roaming\IDM\"
2012-10-19 22:55:46 --> Finilized Path $TempPath= "C:\Users\Tejas\AppData\Roaming\IDM\"
2012-10-19 22:55:46 --> Window Created: IDM Backup Manager0.9.3(Beta) With Error Code: 0

============================= New Session Started at 2012-10-20 10:32:06 --> =============================

============================= System Information =============================
Module Name and Version: IDM Backup Manager0.9.3(Beta)
Module Path: C:\Users\Tejas\desktop\project\IDM\IDM BUILD_3\IDM Backup Manager.exe
OS Type: WIN32_NT
OS Version: WIN_7
Service Package: Service Pack 1
Total Memory: 1302072
Available Memory: 593360

============================= Variable Assignment =============================
2012-10-20 10:32:06 --> Internet Download Manager Is Running Now...User Selected No
2012-10-20 10:32:07 --> $AppDataIDMFolder = "C:\Users\Tejas\AppData\Roaming\IDM\"  Error Code:0
2012-10-20 10:32:07 --> $TempPath = "C:\Users\Tejas\AppData\Roaming\IDM\"  Error Code:0
2012-10-20 10:32:07 --> Finilized Path $AppDataIDMFolder= "C:\Users\Tejas\AppData\Roaming\IDM\"
2012-10-20 10:32:07 --> Finilized Path $TempPath= "C:\Users\Tejas\AppData\Roaming\IDM\"
2012-10-20 10:32:07 --> $AppDataIDMFolder = "C:\Users\Tejas\AppData\Roaming\IDM\"  Error Code:0
2012-10-20 10:32:07 --> $TempPath = "C:\Users\Tejas\AppData\Roaming\IDM\"  Error Code:0
2012-10-20 10:32:07 --> Finilized Path $AppDataIDMFolder= "C:\Users\Tejas\AppData\Roaming\IDM\"
2012-10-20 10:32:07 --> Finilized Path $TempPath= "C:\Users\Tejas\AppData\Roaming\IDM\"
2012-10-20 10:32:07 --> Window Created: IDM Backup Manager0.9.3(Beta) With Error Code: 0

============================= New Session Started at 2012-10-20 10:32:29 --> =============================

============================= System Information =============================
Module Name and Version: IDM Backup Manager0.9.3(Beta)
Module Path: C:\Users\Tejas\desktop\project\IDM\IDM BUILD_3\IDM Backup Manager.exe
OS Type: WIN32_NT
OS Version: WIN_7
Service Package: Service Pack 1
Total Memory: 1302072
Available Memory: 587992

============================= Variable Assignment =============================
2012-10-20 10:32:29 --> Internet Download Manager Is Running Now...User Selected No
2012-10-20 10:32:30 --> $AppDataIDMFolder = "C:\Users\Tejas\AppData\Roaming\IDM\"  Error Code:0
2012-10-20 10:32:30 --> $TempPath = "C:\Users\Tejas\AppData\Roaming\IDM\"  Error Code:0
2012-10-20 10:32:30 --> Finilized Path $AppDataIDMFolder= "C:\Users\Tejas\AppData\Roaming\IDM\"
2012-10-20 10:32:30 --> Finilized Path $TempPath= "C:\Users\Tejas\AppData\Roaming\IDM\"
2012-10-20 10:32:30 --> $AppDataIDMFolder = "C:\Users\Tejas\AppData\Roaming\IDM\"  Error Code:0
2012-10-20 10:32:30 --> $TempPath = "C:\Users\Tejas\AppData\Roaming\IDM\"  Error Code:0
2012-10-20 10:32:30 --> Finilized Path $AppDataIDMFolder= "C:\Users\Tejas\AppData\Roaming\IDM\"
2012-10-20 10:32:30 --> Finilized Path $TempPath= "C:\Users\Tejas\AppData\Roaming\IDM\"
2012-10-20 10:32:30 --> Window Created: IDM Backup Manager0.9.3(Beta) With Error Code: 0

============================= New Session Started at 2012-10-20 10:36:10 --> =============================

============================= System Information =============================
Module Name and Version: IDM Backup Manager0.9.3(Beta)
Module Path: C:\Users\Tejas\desktop\project\IDM\IDM BUILD_3\IDM Backup Manager.exe
OS Type: WIN32_NT
OS Version: WIN_7
Service Package: Service Pack 1
Total Memory: 1302072
Available Memory: 522988

============================= Variable Assignment =============================
2012-10-20 10:36:11 --> Internet Download Manager Is Running Now...User Selected No
2012-10-20 10:36:11 --> $AppDataIDMFolder = "C:\Users\Tejas\AppData\Roaming\IDM\"  Error Code:0
2012-10-20 10:36:11 --> $TempPath = "C:\Users\Tejas\AppData\Roaming\IDM\"  Error Code:0
2012-10-20 10:36:11 --> Finilized Path $AppDataIDMFolder= "C:\Users\Tejas\AppData\Roaming\IDM\"
2012-10-20 10:36:11 --> Finilized Path $TempPath= "C:\Users\Tejas\AppData\Roaming\IDM\"
2012-10-20 10:36:11 --> $AppDataIDMFolder = "C:\Users\Tejas\AppData\Roaming\IDM\"  Error Code:0
2012-10-20 10:36:11 --> $TempPath = "C:\Users\Tejas\AppData\Roaming\IDM\"  Error Code:0
2012-10-20 10:36:11 --> Finilized Path $AppDataIDMFolder= "C:\Users\Tejas\AppData\Roaming\IDM\"
2012-10-20 10:36:11 --> Finilized Path $TempPath= "C:\Users\Tejas\AppData\Roaming\IDM\"
2012-10-20 10:36:11 --> Window Created: IDM Backup Manager0.9.3(Beta) With Error Code: 0

============================= New Session Started at 2012-10-20 10:37:51 --> =============================

============================= System Information =============================
Module Name and Version: IDM Backup Manager0.9.3(Beta)
Module Path: C:\Users\Tejas\desktop\project\IDM\IDM BUILD_3\IDM Backup Manager.exe
OS Type: WIN32_NT
OS Version: WIN_7
Service Package: Service Pack 1
Total Memory: 1302072
Available Memory: 499228

============================= Variable Assignment =============================
2012-10-20 10:37:52 --> Internet Download Manager Is Running Now...User Selected No
2012-10-20 10:37:53 --> $AppDataIDMFolder = "C:\Users\Tejas\AppData\Roaming\IDM\"  Error Code:0
2012-10-20 10:37:53 --> $TempPath = "C:\Users\Tejas\AppData\Roaming\IDM\"  Error Code:0
2012-10-20 10:37:53 --> Finilized Path $AppDataIDMFolder= "C:\Users\Tejas\AppData\Roaming\IDM\"
2012-10-20 10:37:53 --> Finilized Path $TempPath= "C:\Users\Tejas\AppData\Roaming\IDM\"
2012-10-20 10:37:53 --> $AppDataIDMFolder = "C:\Users\Tejas\AppData\Roaming\IDM\"  Error Code:0
2012-10-20 10:37:53 --> $TempPath = "C:\Users\Tejas\AppData\Roaming\IDM\"  Error Code:0
2012-10-20 10:37:53 --> Finilized Path $AppDataIDMFolder= "C:\Users\Tejas\AppData\Roaming\IDM\"
2012-10-20 10:37:53 --> Finilized Path $TempPath= "C:\Users\Tejas\AppData\Roaming\IDM\"
2012-10-20 10:37:53 --> Window Created: IDM Backup Manager0.9.3(Beta) With Error Code: 0

============================= New Session Started at 2012-10-20 11:18:05 --> =============================

============================= System Information =============================
Module Name and Version: IDM Backup Manager0.9.3(Beta)
Module Path: C:\Users\Tejas\desktop\project\IDM\IDM BUILD_3\IDM Backup Manager.exe
OS Type: WIN32_NT
OS Version: WIN_7
Service Package: Service Pack 1
Total Memory: 1302072
Available Memory: 729064

============================= Variable Assignment =============================
2012-10-20 11:18:06 --> Internet Download Manager Is Running Now...User Selected No
2012-10-20 11:18:06 --> $AppDataIDMFolder = "C:\Users\Tejas\AppData\Roaming\IDM\"  Error Code:0
2012-10-20 11:18:06 --> $TempPath = "C:\Users\Tejas\AppData\Roaming\IDM\"  Error Code:0
2012-10-20 11:18:06 --> Finilized Path $AppDataIDMFolder= "C:\Users\Tejas\AppData\Roaming\IDM\"
2012-10-20 11:18:06 --> Finilized Path $TempPath= "C:\Users\Tejas\AppData\Roaming\IDM\"
2012-10-20 11:18:06 --> $AppDataIDMFolder = "C:\Users\Tejas\AppData\Roaming\IDM\"  Error Code:0
2012-10-20 11:18:06 --> $TempPath = "C:\Users\Tejas\AppData\Roaming\IDM\"  Error Code:0
2012-10-20 11:18:06 --> Finilized Path $AppDataIDMFolder= "C:\Users\Tejas\AppData\Roaming\IDM\"
2012-10-20 11:18:06 --> Finilized Path $TempPath= "C:\Users\Tejas\AppData\Roaming\IDM\"
2012-10-20 11:18:07 --> Window Created: IDM Backup Manager0.9.3(Beta) With Error Code: 0

============================= New Session Started at 2012-10-20 11:18:19 --> =============================

============================= System Information =============================
Module Name and Version: IDM Backup Manager0.9.3(Beta)
Module Path: C:\Users\Tejas\desktop\project\IDM\IDM BUILD_3\IDM Backup Manager.exe
OS Type: WIN32_NT
OS Version: WIN_7
Service Package: Service Pack 1
Total Memory: 1302072
Available Memory: 726464

============================= Variable Assignment =============================
2012-10-20 11:18:20 --> Internet Download Manager Is Running Now...User Selected No
2012-10-20 11:18:20 --> $AppDataIDMFolder = "C:\Users\Tejas\AppData\Roaming\IDM\"  Error Code:0
2012-10-20 11:18:20 --> $TempPath = "C:\Users\Tejas\AppData\Roaming\IDM\"  Error Code:0
2012-10-20 11:18:20 --> Finilized Path $AppDataIDMFolder= "C:\Users\Tejas\AppData\Roaming\IDM\"
2012-10-20 11:18:20 --> Finilized Path $TempPath= "C:\Users\Tejas\AppData\Roaming\IDM\"
2012-10-20 11:18:20 --> $AppDataIDMFolder = "C:\Users\Tejas\AppData\Roaming\IDM\"  Error Code:0
2012-10-20 11:18:20 --> $TempPath = "C:\Users\Tejas\AppData\Roaming\IDM\"  Error Code:0
2012-10-20 11:18:20 --> Finilized Path $AppDataIDMFolder= "C:\Users\Tejas\AppData\Roaming\IDM\"
2012-10-20 11:18:20 --> Finilized Path $TempPath= "C:\Users\Tejas\AppData\Roaming\IDM\"
2012-10-20 11:18:21 --> Window Created: IDM Backup Manager0.9.3(Beta) With Error Code: 0

============================= New Session Started at 2012-10-20 11:19:24 --> =============================

============================= System Information =============================
Module Name and Version: IDM Backup Manager0.9.3(Beta)
Module Path: C:\Users\Tejas\desktop\project\IDM\IDM BUILD_3\IDM Backup Manager.exe
OS Type: WIN32_NT
OS Version: WIN_7
Service Package: Service Pack 1
Total Memory: 1302072
Available Memory: 732292

============================= Variable Assignment =============================
2012-10-20 11:19:25 --> Internet Download Manager Is Running Now...User Selected No
2012-10-20 11:19:25 --> $AppDataIDMFolder = "C:\Users\Tejas\AppData\Roaming\IDM\"  Error Code:0
2012-10-20 11:19:25 --> $TempPath = "C:\Users\Tejas\AppData\Roaming\IDM\"  Error Code:0
2012-10-20 11:19:25 --> Finilized Path $AppDataIDMFolder= "C:\Users\Tejas\AppData\Roaming\IDM\"
2012-10-20 11:19:25 --> Finilized Path $TempPath= "C:\Users\Tejas\AppData\Roaming\IDM\"
2012-10-20 11:19:25 --> $AppDataIDMFolder = "C:\Users\Tejas\AppData\Roaming\IDM\"  Error Code:0
2012-10-20 11:19:25 --> $TempPath = "C:\Users\Tejas\AppData\Roaming\IDM\"  Error Code:0
2012-10-20 11:19:25 --> Finilized Path $AppDataIDMFolder= "C:\Users\Tejas\AppData\Roaming\IDM\"
2012-10-20 11:19:25 --> Finilized Path $TempPath= "C:\Users\Tejas\AppData\Roaming\IDM\"
2012-10-20 11:19:26 --> Window Created: IDM Backup Manager0.9.3(Beta) With Error Code: 0

============================= New Session Started at 2012-10-20 11:21:25 --> =============================

============================= System Information =============================
Module Name and Version: IDM Backup Manager0.9.3(Beta)
Module Path: C:\Users\Tejas\desktop\project\IDM\IDM BUILD_3\IDM Backup Manager.exe
OS Type: WIN32_NT
OS Version: WIN_7
Service Package: Service Pack 1
Total Memory: 1302072
Available Memory: 731016

============================= Variable Assignment =============================
2012-10-20 11:21:26 --> Internet Download Manager Is Running Now...User Selected No
2012-10-20 11:21:26 --> $AppDataIDMFolder = "C:\Users\Tejas\AppData\Roaming\IDM\"  Error Code:0
2012-10-20 11:21:26 --> $TempPath = "C:\Users\Tejas\AppData\Roaming\IDM\"  Error Code:0
2012-10-20 11:21:26 --> Finilized Path $AppDataIDMFolder= "C:\Users\Tejas\AppData\Roaming\IDM\"
2012-10-20 11:21:26 --> Finilized Path $TempPath= "C:\Users\Tejas\AppData\Roaming\IDM\"
2012-10-20 11:21:26 --> $AppDataIDMFolder = "C:\Users\Tejas\AppData\Roaming\IDM\"  Error Code:0
2012-10-20 11:21:26 --> $TempPath = "C:\Users\Tejas\AppData\Roaming\IDM\"  Error Code:0
2012-10-20 11:21:26 --> Finilized Path $AppDataIDMFolder= "C:\Users\Tejas\AppData\Roaming\IDM\"
2012-10-20 11:21:26 --> Finilized Path $TempPath= "C:\Users\Tejas\AppData\Roaming\IDM\"
2012-10-20 11:21:27 --> Window Created: IDM Backup Manager0.9.3(Beta) With Error Code: 0

============================= New Session Started at 2012-10-20 11:24:42 --> =============================

============================= System Information =============================
Module Name and Version: IDM Backup Manager0.9.3(Beta)
Module Path: C:\Users\Tejas\desktop\project\IDM\IDM BUILD_3\IDM Backup Manager.exe
OS Type: WIN32_NT
OS Version: WIN_7
Service Package: Service Pack 1
Total Memory: 1302072
Available Memory: 731012

============================= Variable Assignment =============================
2012-10-20 11:24:43 --> Internet Download Manager Is Running Now...User Selected No
2012-10-20 11:24:44 --> $AppDataIDMFolder = "C:\Users\Tejas\AppData\Roaming\IDM\"  Error Code:0
2012-10-20 11:24:44 --> $TempPath = "C:\Users\Tejas\AppData\Roaming\IDM\"  Error Code:0
2012-10-20 11:24:44 --> Finilized Path $AppDataIDMFolder= "C:\Users\Tejas\AppData\Roaming\IDM\"
2012-10-20 11:24:44 --> Finilized Path $TempPath= "C:\Users\Tejas\AppData\Roaming\IDM\"
2012-10-20 11:24:44 --> $AppDataIDMFolder = "C:\Users\Tejas\AppData\Roaming\IDM\"  Error Code:0
2012-10-20 11:24:44 --> $TempPath = "C:\Users\Tejas\AppData\Roaming\IDM\"  Error Code:0
2012-10-20 11:24:44 --> Finilized Path $AppDataIDMFolder= "C:\Users\Tejas\AppData\Roaming\IDM\"
2012-10-20 11:24:44 --> Finilized Path $TempPath= "C:\Users\Tejas\AppData\Roaming\IDM\"
2012-10-20 11:24:44 --> Window Created: IDM Backup Manager0.9.3(Beta) With Error Code: 0

============================= New Session Started at 2012-10-20 11:51:38 --> =============================

============================= System Information =============================
Module Name and Version: IDM Backup Manager0.9.3(Beta)
Module Path: C:\Users\Tejas\desktop\project\IDM\IDM BUILD_3\IDM Backup Manager.au3
OS Type: WIN32_NT
OS Version: WIN_7
Service Package: Service Pack 1
Total Memory: 1302072
Available Memory: 730668

============================= Variable Assignment =============================
2012-10-20 11:51:39 --> Internet Download Manager Is Running Now...User Selected No
2012-10-20 11:51:39 --> $AppDataIDMFolder = "C:\Users\Tejas\AppData\Roaming\IDM\"  Error Code:0
2012-10-20 11:51:39 --> $TempPath = "C:\Users\Tejas\AppData\Roaming\IDM\"  Error Code:0
2012-10-20 11:51:39 --> Finilized Path $AppDataIDMFolder= "C:\Users\Tejas\AppData\Roaming\IDM\"
2012-10-20 11:51:39 --> Finilized Path $TempPath= "C:\Users\Tejas\AppData\Roaming\IDM\"
2012-10-20 11:51:39 --> $AppDataIDMFolder = "C:\Users\Tejas\AppData\Roaming\IDM\"  Error Code:0
2012-10-20 11:51:39 --> $TempPath = "C:\Users\Tejas\AppData\Roaming\IDM\"  Error Code:0
2012-10-20 11:51:39 --> Finilized Path $AppDataIDMFolder= "C:\Users\Tejas\AppData\Roaming\IDM\"
2012-10-20 11:51:39 --> Finilized Path $TempPath= "C:\Users\Tejas\AppData\Roaming\IDM\"
2012-10-20 11:51:40 --> Window Created: IDM Backup Manager0.9.3(Beta) With Error Code: 0

============================= New Session Started at 2012-10-20 11:52:47 --> =============================

============================= System Information =============================
Module Name and Version: IDM Backup Manager0.9.3(Beta)
Module Path: C:\Users\Tejas\desktop\project\IDM\IDM BUILD_3\IDM Backup Manager.au3
OS Type: WIN32_NT
OS Version: WIN_7
Service Package: Service Pack 1
Total Memory: 1302072
Available Memory: 730436

============================= Variable Assignment =============================
7z.exe not found. Exiting....

============================= New Session Started at 2012-10-20 12:04:17 --> =============================

============================= System Information =============================
Module Name and Version: IDM Backup Manager0.9.3(Beta)
Module Path: C:\Users\Tejas\desktop\project\IDM\IDM BUILD_3\IDM Backup Manager.au3
OS Type: WIN32_NT
OS Version: WIN_7
Service Package: Service Pack 1
Total Memory: 1302072
Available Memory: 751160

============================= Variable Assignment =============================
2012-10-20 12:04:18 --> Internet Download Manager Is Running Now...User Selected No
2012-10-20 12:04:19 --> $AppDataIDMFolder = "C:\Users\Tejas\AppData\Roaming\IDM\"  Error Code:0
2012-10-20 12:04:19 --> $TempPath = "C:\Users\Tejas\AppData\Roaming\IDM\"  Error Code:0
2012-10-20 12:04:19 --> Finilized Path $AppDataIDMFolder= "C:\Users\Tejas\AppData\Roaming\IDM\"
2012-10-20 12:04:19 --> Finilized Path $TempPath= "C:\Users\Tejas\AppData\Roaming\IDM\"
2012-10-20 12:04:19 --> $AppDataIDMFolder = "C:\Users\Tejas\AppData\Roaming\IDM\"  Error Code:0
2012-10-20 12:04:19 --> $TempPath = "C:\Users\Tejas\AppData\Roaming\IDM\"  Error Code:0
2012-10-20 12:04:19 --> Finilized Path $AppDataIDMFolder= "C:\Users\Tejas\AppData\Roaming\IDM\"
2012-10-20 12:04:19 --> Finilized Path $TempPath= "C:\Users\Tejas\AppData\Roaming\IDM\"
2012-10-20 12:04:19 --> Window Created: IDM Backup Manager0.9.3(Beta) With Error Code: 0

============================= New Session Started at 2012-10-20 12:10:43 --> =============================

============================= System Information =============================
Module Name and Version: IDM Backup Manager0.9.3(Beta)
Module Path: C:\Users\Tejas\desktop\project\IDM\IDM BUILD_3\IDM Backup Manager.au3
OS Type: WIN32_NT
OS Version: WIN_7
Service Package: Service Pack 1
Total Memory: 1302072
Available Memory: 759500

============================= Variable Assignment =============================
2012-10-20 12:10:44 --> Internet Download Manager Is Running Now...User Selected No
2012-10-20 12:10:44 --> $AppDataIDMFolder = "C:\Users\Tejas\AppData\Roaming\IDM\"  Error Code:0
2012-10-20 12:10:44 --> $TempPath = "C:\Users\Tejas\AppData\Roaming\IDM\"  Error Code:0
2012-10-20 12:10:44 --> Finilized Path $AppDataIDMFolder= "C:\Users\Tejas\AppData\Roaming\IDM\"
2012-10-20 12:10:44 --> Finilized Path $TempPath= "C:\Users\Tejas\AppData\Roaming\IDM\"
2012-10-20 12:10:44 --> $AppDataIDMFolder = "C:\Users\Tejas\AppData\Roaming\IDM\"  Error Code:0
2012-10-20 12:10:44 --> $TempPath = "C:\Users\Tejas\AppData\Roaming\IDM\"  Error Code:0
2012-10-20 12:10:44 --> Finilized Path $AppDataIDMFolder= "C:\Users\Tejas\AppData\Roaming\IDM\"
2012-10-20 12:10:44 --> Finilized Path $TempPath= "C:\Users\Tejas\AppData\Roaming\IDM\"
2012-10-20 12:10:45 --> Window Created: IDM Backup Manager0.9.3(Beta) With Error Code: 0

============================= New Session Started at 2012-10-20 12:13:02 --> =============================

============================= System Information =============================
Module Name and Version: IDM Backup Manager0.9.3(Beta)
Module Path: C:\Users\Tejas\desktop\project\IDM\IDM BUILD_3\IDM Backup Manager.au3
OS Type: WIN32_NT
OS Version: WIN_7
Service Package: Service Pack 1
Total Memory: 1302072
Available Memory: 734308

============================= Variable Assignment =============================
2012-10-20 12:13:03 --> Internet Download Manager Is Running Now...User Selected No
2012-10-20 12:13:04 --> $AppDataIDMFolder = "C:\Users\Tejas\AppData\Roaming\IDM\"  Error Code:0
2012-10-20 12:13:04 --> $TempPath = "C:\Users\Tejas\AppData\Roaming\IDM\"  Error Code:0
2012-10-20 12:13:04 --> Finilized Path $AppDataIDMFolder= "C:\Users\Tejas\AppData\Roaming\IDM\"
2012-10-20 12:13:04 --> Finilized Path $TempPath= "C:\Users\Tejas\AppData\Roaming\IDM\"
2012-10-20 12:13:04 --> $AppDataIDMFolder = "C:\Users\Tejas\AppData\Roaming\IDM\"  Error Code:0
2012-10-20 12:13:04 --> $TempPath = "C:\Users\Tejas\AppData\Roaming\IDM\"  Error Code:0
2012-10-20 12:13:04 --> Finilized Path $AppDataIDMFolder= "C:\Users\Tejas\AppData\Roaming\IDM\"
2012-10-20 12:13:04 --> Finilized Path $TempPath= "C:\Users\Tejas\AppData\Roaming\IDM\"
2012-10-20 12:13:04 --> Window Created: IDM Backup Manager0.9.3(Beta) With Error Code: 0

============================= New Session Started at 2012-10-20 12:14:53 --> =============================

============================= System Information =============================
Module Name and Version: IDM Backup Manager0.9.3(Beta)
Module Path: C:\Users\Tejas\desktop\project\IDM\IDM BUILD_3\IDM Backup Manager.au3
OS Type: WIN32_NT
OS Version: WIN_7
Service Package: Service Pack 1
Total Memory: 1302072
Available Memory: 762920

============================= Variable Assignment =============================
2012-10-20 12:14:53 --> Internet Download Manager Is Running Now...User Selected No
2012-10-20 12:14:54 --> $AppDataIDMFolder = "C:\Users\Tejas\AppData\Roaming\IDM\"  Error Code:0
2012-10-20 12:14:54 --> $TempPath = "C:\Users\Tejas\AppData\Roaming\IDM\"  Error Code:0
2012-10-20 12:14:54 --> Finilized Path $AppDataIDMFolder= "C:\Users\Tejas\AppData\Roaming\IDM\"
2012-10-20 12:14:54 --> Finilized Path $TempPath= "C:\Users\Tejas\AppData\Roaming\IDM\"
2012-10-20 12:14:54 --> $AppDataIDMFolder = "C:\Users\Tejas\AppData\Roaming\IDM\"  Error Code:0
2012-10-20 12:14:54 --> $TempPath = "C:\Users\Tejas\AppData\Roaming\IDM\"  Error Code:0
2012-10-20 12:14:54 --> Finilized Path $AppDataIDMFolder= "C:\Users\Tejas\AppData\Roaming\IDM\"
2012-10-20 12:14:54 --> Finilized Path $TempPath= "C:\Users\Tejas\AppData\Roaming\IDM\"
2012-10-20 12:14:54 --> Window Created: IDM Backup Manager0.9.3(Beta) With Error Code: 0

============================= New Session Started at 2012-10-20 12:17:48 --> =============================

============================= System Information =============================
Module Name and Version: IDM Backup Manager0.9.3(Beta)
Module Path: C:\Users\Tejas\desktop\project\IDM\IDM BUILD_3\IDM Backup Manager.au3
OS Type: WIN32_NT
OS Version: WIN_7
Service Package: Service Pack 1
Total Memory: 1302072
Available Memory: 766636

============================= Variable Assignment =============================
2012-10-20 12:17:48 --> Internet Download Manager Is Running Now...User Selected No
2012-10-20 12:17:49 --> $AppDataIDMFolder = "C:\Users\Tejas\AppData\Roaming\IDM\"  Error Code:0
2012-10-20 12:17:49 --> $TempPath = "C:\Users\Tejas\AppData\Roaming\IDM\"  Error Code:0
2012-10-20 12:17:49 --> Finilized Path $AppDataIDMFolder= "C:\Users\Tejas\AppData\Roaming\IDM\"
2012-10-20 12:17:49 --> Finilized Path $TempPath= "C:\Users\Tejas\AppData\Roaming\IDM\"
2012-10-20 12:17:49 --> $AppDataIDMFolder = "C:\Users\Tejas\AppData\Roaming\IDM\"  Error Code:0
2012-10-20 12:17:49 --> $TempPath = "C:\Users\Tejas\AppData\Roaming\IDM\"  Error Code:0
2012-10-20 12:17:49 --> Finilized Path $AppDataIDMFolder= "C:\Users\Tejas\AppData\Roaming\IDM\"
2012-10-20 12:17:49 --> Finilized Path $TempPath= "C:\Users\Tejas\AppData\Roaming\IDM\"
2012-10-20 12:17:49 --> Window Created: IDM Backup Manager0.9.3(Beta) With Error Code: 0

============================= New Session Started at 2012-10-20 15:39:00 --> =============================

============================= System Information =============================
Module Name and Version: IDM Backup Manager0.9.3(Beta)
Module Path: C:\Users\Tejas\desktop\project\IDM\IDM BUILD_3\IDM Backup Manager.au3
OS Type: WIN32_NT
OS Version: WIN_7
Service Package: Service Pack 1
Total Memory: 1302072
Available Memory: 736656

============================= Variable Assignment =============================
2012-10-20 15:39:01 --> Internet Download Manager Is Running Now...User Selected No
2012-10-20 15:39:01 --> $AppDataIDMFolder = "C:\Users\Tejas\AppData\Roaming\IDM\"  Error Code:0
2012-10-20 15:39:01 --> $TempPath = "C:\Users\Tejas\AppData\Roaming\IDM\"  Error Code:0
2012-10-20 15:39:01 --> Finilized Path $AppDataIDMFolder= "C:\Users\Tejas\AppData\Roaming\IDM\"
2012-10-20 15:39:01 --> Finilized Path $TempPath= "C:\Users\Tejas\AppData\Roaming\IDM\"
2012-10-20 15:39:01 --> $AppDataIDMFolder = "C:\Users\Tejas\AppData\Roaming\IDM\"  Error Code:0
2012-10-20 15:39:01 --> $TempPath = "C:\Users\Tejas\AppData\Roaming\IDM\"  Error Code:0
2012-10-20 15:39:01 --> Finilized Path $AppDataIDMFolder= "C:\Users\Tejas\AppData\Roaming\IDM\"
2012-10-20 15:39:01 --> Finilized Path $TempPath= "C:\Users\Tejas\AppData\Roaming\IDM\"
2012-10-20 15:39:02 --> Window Created: IDM Backup Manager0.9.3(Beta) With Error Code: 0

============================= Backup Session Started =============================
2012-10-20 15:39:19 --> Password= "False"
2012-10-20 15:39:19 --> $ini_File= "C:\Users\Tejas\AppData\Local\Temp\idm_guest_Setting.ini"
2012-10-20 15:39:19 --> $reg_File= "C:\Users\Tejas\AppData\Local\Temp\IDMregistry.reg"
2012-10-20 15:39:19 --> User Selected Full Backup to  = "C:\Users\Tejas\Desktop\"
2012-10-20 15:39:59 --> Adding $TempPath = "C:\Users\Tejas\AppData\Roaming\IDM\" Error Code:Warning (Non fatal error(s)) For example, one or more files were locked by some other application, so they were not compressed.
2012-10-20 15:39:59 --> Adding $reg_File = "C:\Users\Tejas\AppData\Local\Temp\IDMregistry.reg" Error Code:Fatal Error
2012-10-20 15:39:59 --> Adding $ini_File = "C:\Users\Tejas\AppData\Local\Temp\idm_guest_Setting.ini" Error Code:Fatal Error
============================= Backup Session Ended =============================

============================= New Session Started at 2012-10-20 15:41:47 --> =============================

============================= System Information =============================
Module Name and Version: IDM Backup Manager0.9.3(Beta)
Module Path: C:\Users\Tejas\desktop\project\IDM\IDM BUILD_3\IDM Backup Manager.au3
OS Type: WIN32_NT
OS Version: WIN_7
Service Package: Service Pack 1
Total Memory: 1302072
Available Memory: 785660

============================= Variable Assignment =============================
2012-10-20 15:41:48 --> Internet Download Manager Is Running Now...User Selected No
2012-10-20 15:41:50 --> $AppDataIDMFolder = "C:\Users\Tejas\AppData\Roaming\IDM\"  Error Code:0
2012-10-20 15:41:50 --> $TempPath = "C:\Users\Tejas\AppData\Roaming\IDM\"  Error Code:0
2012-10-20 15:41:50 --> Finilized Path $AppDataIDMFolder= "C:\Users\Tejas\AppData\Roaming\IDM\"
2012-10-20 15:41:50 --> Finilized Path $TempPath= "C:\Users\Tejas\AppData\Roaming\IDM\"
2012-10-20 15:41:50 --> $AppDataIDMFolder = "C:\Users\Tejas\AppData\Roaming\IDM\"  Error Code:0
2012-10-20 15:41:50 --> $TempPath = "C:\Users\Tejas\AppData\Roaming\IDM\"  Error Code:0
2012-10-20 15:41:50 --> Finilized Path $AppDataIDMFolder= "C:\Users\Tejas\AppData\Roaming\IDM\"
2012-10-20 15:41:50 --> Finilized Path $TempPath= "C:\Users\Tejas\AppData\Roaming\IDM\"
2012-10-20 15:41:50 --> Window Created: IDM Backup Manager0.9.3(Beta) With Error Code: 0

============================= New Session Started at 2012-10-24 15:44:51 --> =============================

============================= System Information =============================
Module Name and Version: IDM Backup Manager0.9.3(Beta)
Module Path: C:\Users\Tejas\desktop\project\IDM\IDM BUILD_3\IDM Backup Manager.au3
OS Type: WIN32_NT
OS Version: WIN_7
Service Package: Service Pack 1
Total Memory: 1302072
Available Memory: 665884

============================= Variable Assignment =============================
2012-10-24 15:44:52 --> Internet Download Manager Is Running Now...User Selected No
2012-10-24 15:44:52 --> $AppDataIDMFolder = "C:\Users\Tejas\AppData\Roaming\IDM\"  Error Code:0
2012-10-24 15:44:52 --> $TempPath = "C:\Users\Tejas\AppData\Roaming\IDM\"  Error Code:0
2012-10-24 15:44:52 --> Finilized Path $AppDataIDMFolder= "C:\Users\Tejas\AppData\Roaming\IDM\"
2012-10-24 15:44:52 --> Finilized Path $TempPath= "C:\Users\Tejas\AppData\Roaming\IDM\"
2012-10-24 15:44:52 --> $AppDataIDMFolder = "C:\Users\Tejas\AppData\Roaming\IDM\"  Error Code:0
2012-10-24 15:44:52 --> $TempPath = "C:\Users\Tejas\AppData\Roaming\IDM\"  Error Code:0
2012-10-24 15:44:52 --> Finilized Path $AppDataIDMFolder= "C:\Users\Tejas\AppData\Roaming\IDM\"
2012-10-24 15:44:52 --> Finilized Path $TempPath= "C:\Users\Tejas\AppData\Roaming\IDM\"
2012-10-24 15:44:52 --> Window Created: IDM Backup Manager0.9.3(Beta) With Error Code: 0

============================= New Session Started at 2012-10-25 11:30:25 --> =============================

============================= System Information =============================
Module Name and Version: IDM Backup Manager0.9.3(Beta)
Module Path: C:\Users\Tejas\desktop\project\IDM\IDM BUILD_3\IDM Backup Manager.au3
OS Type: WIN32_NT
OS Version: WIN_7
Service Package: Service Pack 1
Total Memory: 1302072
Available Memory: 580748

============================= Variable Assignment =============================
2012-10-25 11:30:27 --> Internet Download Manager Is Running Now...User Selected No
2012-10-25 11:30:27 --> $AppDataIDMFolder = "C:\Users\Tejas\AppData\Roaming\IDM\"  Error Code:0
2012-10-25 11:30:27 --> $TempPath = "C:\Users\Tejas\AppData\Roaming\IDM\"  Error Code:0
2012-10-25 11:30:27 --> Finilized Path $AppDataIDMFolder= "C:\Users\Tejas\AppData\Roaming\IDM\"
2012-10-25 11:30:27 --> Finilized Path $TempPath= "C:\Users\Tejas\AppData\Roaming\IDM\"
2012-10-25 11:30:27 --> $AppDataIDMFolder = "C:\Users\Tejas\AppData\Roaming\IDM\"  Error Code:0
2012-10-25 11:30:27 --> $TempPath = "C:\Users\Tejas\AppData\Roaming\IDM\"  Error Code:0
2012-10-25 11:30:27 --> Finilized Path $AppDataIDMFolder= "C:\Users\Tejas\AppData\Roaming\IDM\"
2012-10-25 11:30:27 --> Finilized Path $TempPath= "C:\Users\Tejas\AppData\Roaming\IDM\"
2012-10-25 11:30:28 --> Window Created: IDM Backup Manager0.9.3(Beta) With Error Code: 0

============================= New Session Started at 2012-10-28 14:38:37 --> =============================

============================= System Information =============================
Module Name and Version: IDM Backup Manager0.9.3(Beta)
Module Path: C:\Users\Tejas\desktop\project\IDM\IDM BUILD_4\IDM Backup Manager.au3
OS Type: WIN32_NT
OS Version: WIN_7
Service Package: Service Pack 1
Total Memory: 1302072
Available Memory: 601800

============================= Variable Assignment =============================
2012-10-28 14:38:38 --> Internet Download Manager Is Running Now...User Selected No
2012-10-28 14:38:38 --> $AppDataIDMFolder = "C:\Users\Tejas\AppData\Roaming\IDM\"  Error Code:0
2012-10-28 14:38:38 --> $TempPath = "C:\Users\Tejas\AppData\Roaming\IDM\"  Error Code:0
2012-10-28 14:38:38 --> Finilized Path $AppDataIDMFolder= "C:\Users\Tejas\AppData\Roaming\IDM\"
2012-10-28 14:38:38 --> Finilized Path $TempPath= "C:\Users\Tejas\AppData\Roaming\IDM\"
2012-10-28 14:38:38 --> $AppDataIDMFolder = "C:\Users\Tejas\AppData\Roaming\IDM\"  Error Code:0
2012-10-28 14:38:38 --> $TempPath = "C:\Users\Tejas\AppData\Roaming\IDM\"  Error Code:0
2012-10-28 14:38:38 --> Finilized Path $AppDataIDMFolder= "C:\Users\Tejas\AppData\Roaming\IDM\"
2012-10-28 14:38:39 --> Finilized Path $TempPath= "C:\Users\Tejas\AppData\Roaming\IDM\"
2012-10-28 14:38:39 --> Window Created: IDM Backup Manager0.9.3(Beta) With Error Code: 0

============================= New Session Started at 2012-10-28 14:39:14 --> =============================

============================= System Information =============================
Module Name and Version: IDM Backup Manager0.9.3(Beta)
Module Path: C:\Users\Tejas\desktop\project\IDM\IDM BUILD_4\IDM Backup Manager.au3
OS Type: WIN32_NT
OS Version: WIN_7
Service Package: Service Pack 1
Total Memory: 1302072
Available Memory: 601036

============================= Variable Assignment =============================
2012-10-28 14:39:15 --> Internet Download Manager Is Running Now...User Selected No
2012-10-28 14:39:15 --> $AppDataIDMFolder = "C:\Users\Tejas\AppData\Roaming\IDM\"  Error Code:0
2012-10-28 14:39:15 --> $TempPath = "C:\Users\Tejas\AppData\Roaming\IDM\"  Error Code:0
2012-10-28 14:39:15 --> Finilized Path $AppDataIDMFolder= "C:\Users\Tejas\AppData\Roaming\IDM\"
2012-10-28 14:39:15 --> Finilized Path $TempPath= "C:\Users\Tejas\AppData\Roaming\IDM\"
2012-10-28 14:39:15 --> $AppDataIDMFolder = "C:\Users\Tejas\AppData\Roaming\IDM\"  Error Code:0
2012-10-28 14:39:15 --> $TempPath = "C:\Users\Tejas\AppData\Roaming\IDM\"  Error Code:0
2012-10-28 14:39:15 --> Finilized Path $AppDataIDMFolder= "C:\Users\Tejas\AppData\Roaming\IDM\"
2012-10-28 14:39:15 --> Finilized Path $TempPath= "C:\Users\Tejas\AppData\Roaming\IDM\"
2012-10-28 14:39:16 --> Window Created: IDM Backup Manager0.9.3(Beta) With Error Code: 0

============================= New Session Started at 2012-10-28 14:48:19 --> =============================

============================= System Information =============================
Module Name and Version: IDM Backup Manager0.9.3(Beta)
Module Path: C:\Users\Tejas\desktop\project\IDM\IDM BUILD_4\IDM Backup Manager.au3
OS Type: WIN32_NT
OS Version: WIN_7
Service Package: Service Pack 1
Total Memory: 1302072
Available Memory: 838824

============================= Variable Assignment =============================
2012-10-28 14:48:22 --> Internet Download Manager Is Running Now...User Selected No
2012-10-28 14:48:22 --> $AppDataIDMFolder = "C:\Users\Tejas\AppData\Roaming\IDM\"  Error Code:0
2012-10-28 14:48:22 --> $TempPath = "C:\Users\Tejas\AppData\Roaming\IDM\"  Error Code:0
2012-10-28 14:48:22 --> Finilized Path $AppDataIDMFolder= "C:\Users\Tejas\AppData\Roaming\IDM\"
2012-10-28 14:48:22 --> Finilized Path $TempPath= "C:\Users\Tejas\AppData\Roaming\IDM\"
2012-10-28 14:48:22 --> $AppDataIDMFolder = "C:\Users\Tejas\AppData\Roaming\IDM\"  Error Code:0
2012-10-28 14:48:22 --> $TempPath = "C:\Users\Tejas\AppData\Roaming\IDM\"  Error Code:0
2012-10-28 14:48:22 --> Finilized Path $AppDataIDMFolder= "C:\Users\Tejas\AppData\Roaming\IDM\"
2012-10-28 14:48:22 --> Finilized Path $TempPath= "C:\Users\Tejas\AppData\Roaming\IDM\"
2012-10-28 14:48:22 --> Window Created: IDM Backup Manager0.9.3(Beta) With Error Code: 0

============================= Backup Session Started =============================
2012-10-28 14:49:27 --> Password= "True"
2012-10-28 14:49:27 --> $ini_File= "C:\Users\Tejas\AppData\Local\Temp\idm_guest_Setting.ini"
2012-10-28 14:49:27 --> $reg_File= "C:\Users\Tejas\AppData\Local\Temp\IDMregistry.reg"
2012-10-28 14:49:27 --> User Selected Full Backup to  = "C:\Users\Tejas\Desktop\"
2012-10-28 14:49:37 --> Adding $TempPath = "C:\Users\Tejas\AppData\Roaming\IDM\" Error Code:Done
2012-10-28 14:49:38 --> Adding $reg_File = "C:\Users\Tejas\AppData\Local\Temp\IDMregistry.reg" Error Code:Done
2012-10-28 14:49:39 --> Adding $ini_File = "C:\Users\Tejas\AppData\Local\Temp\idm_guest_Setting.ini" Error Code:Done
============================= Backup Session Ended =============================

============================= Restore Session Started =============================
2012-10-28 14:49:57 --> $Restore_7z_path= "C:\Users\Tejas\Desktop\IDMbackup.7z"
2012-10-28 14:49:57 --> $ini_File= "C:\Users\Tejas\AppData\Local\Temp\idm_guest_Setting.ini"
2012-10-28 14:49:57 --> $reg_File= "C:\Users\Tejas\AppData\Local\Temp\IDMregistry.reg"
2012-10-28 14:49:57 --> Extracting idm_guest_Setting.ini = "C:\Users\Tejas\Desktop\IDMbackup.7z-->idm_guest_Setting.ini" Error Code:Done
2012-10-28 14:49:57 --> Password Protected Backup File Detected
2012-10-28 14:49:59 --> Checkbox Not Yet Checked !

============================= Restore Session Started =============================
2012-10-28 14:50:00 --> $Restore_7z_path= "C:\Users\Tejas\Desktop\IDMbackup.7z"
2012-10-28 14:50:00 --> $ini_File= "C:\Users\Tejas\AppData\Local\Temp\idm_guest_Setting.ini"
2012-10-28 14:50:00 --> $reg_File= "C:\Users\Tejas\AppData\Local\Temp\IDMregistry.reg"
2012-10-28 14:50:00 --> Extracting idm_guest_Setting.ini = "C:\Users\Tejas\Desktop\IDMbackup.7z-->idm_guest_Setting.ini" Error Code:Done
2012-10-28 14:50:00 --> Password Protected Backup File Detected
2012-10-28 14:50:00 --> Checkbox Not Yet Checked !

============================= Restore Session Started =============================
2012-10-28 14:50:01 --> $Restore_7z_path= "C:\Users\Tejas\Desktop\IDMbackup.7z"
2012-10-28 14:50:01 --> $ini_File= "C:\Users\Tejas\AppData\Local\Temp\idm_guest_Setting.ini"
2012-10-28 14:50:01 --> $reg_File= "C:\Users\Tejas\AppData\Local\Temp\IDMregistry.reg"
2012-10-28 14:50:01 --> Extracting idm_guest_Setting.ini = "C:\Users\Tejas\Desktop\IDMbackup.7z-->idm_guest_Setting.ini" Error Code:Done
2012-10-28 14:50:01 --> Password Protected Backup File Detected
2012-10-28 14:50:02 --> Checkbox Not Yet Checked !

============================= Restore Session Started =============================
2012-10-28 14:50:02 --> $Restore_7z_path= "C:\Users\Tejas\Desktop\IDMbackup.7z"
2012-10-28 14:50:02 --> $ini_File= "C:\Users\Tejas\AppData\Local\Temp\idm_guest_Setting.ini"
2012-10-28 14:50:02 --> $reg_File= "C:\Users\Tejas\AppData\Local\Temp\IDMregistry.reg"
2012-10-28 14:50:02 --> Extracting idm_guest_Setting.ini = "C:\Users\Tejas\Desktop\IDMbackup.7z-->idm_guest_Setting.ini" Error Code:Done
2012-10-28 14:50:02 --> Password Protected Backup File Detected
2012-10-28 14:50:03 --> Checkbox Not Yet Checked !

============================= Restore Session Started =============================
2012-10-28 14:50:03 --> $Restore_7z_path= "C:\Users\Tejas\Desktop\IDMbackup.7z"
2012-10-28 14:50:03 --> $ini_File= "C:\Users\Tejas\AppData\Local\Temp\idm_guest_Setting.ini"
2012-10-28 14:50:03 --> $reg_File= "C:\Users\Tejas\AppData\Local\Temp\IDMregistry.reg"
2012-10-28 14:50:03 --> Extracting idm_guest_Setting.ini = "C:\Users\Tejas\Desktop\IDMbackup.7z-->idm_guest_Setting.ini" Error Code:Done
2012-10-28 14:50:03 --> Password Protected Backup File Detected
2012-10-28 14:50:03 --> Checkbox Not Yet Checked !

============================= Restore Session Started =============================
2012-10-28 14:50:04 --> $Restore_7z_path= "C:\Users\Tejas\Desktop\IDMbackup.7z"
2012-10-28 14:50:04 --> $ini_File= "C:\Users\Tejas\AppData\Local\Temp\idm_guest_Setting.ini"
2012-10-28 14:50:04 --> $reg_File= "C:\Users\Tejas\AppData\Local\Temp\IDMregistry.reg"
2012-10-28 14:50:04 --> Extracting idm_guest_Setting.ini = "C:\Users\Tejas\Desktop\IDMbackup.7z-->idm_guest_Setting.ini" Error Code:Done
2012-10-28 14:50:04 --> Password Protected Backup File Detected
2012-10-28 14:50:05 --> Checkbox Not Yet Checked !

============================= Restore Session Started =============================
2012-10-28 14:50:05 --> $Restore_7z_path= "C:\Users\Tejas\Desktop\IDMbackup.7z"
2012-10-28 14:50:05 --> $ini_File= "C:\Users\Tejas\AppData\Local\Temp\idm_guest_Setting.ini"
2012-10-28 14:50:05 --> $reg_File= "C:\Users\Tejas\AppData\Local\Temp\IDMregistry.reg"
2012-10-28 14:50:05 --> Extracting idm_guest_Setting.ini = "C:\Users\Tejas\Desktop\IDMbackup.7z-->idm_guest_Setting.ini" Error Code:Done
2012-10-28 14:50:05 --> Password Protected Backup File Detected
2012-10-28 14:50:06 --> Checkbox Not Yet Checked !

============================= Restore Session Started =============================
2012-10-28 14:50:07 --> $Restore_7z_path= "C:\Users\Tejas\Desktop\IDMbackup.7z"
2012-10-28 14:50:07 --> $ini_File= "C:\Users\Tejas\AppData\Local\Temp\idm_guest_Setting.ini"
2012-10-28 14:50:07 --> $reg_File= "C:\Users\Tejas\AppData\Local\Temp\IDMregistry.reg"
2012-10-28 14:50:07 --> Extracting idm_guest_Setting.ini = "C:\Users\Tejas\Desktop\IDMbackup.7z-->idm_guest_Setting.ini" Error Code:Done
2012-10-28 14:50:07 --> Password Protected Backup File Detected
2012-10-28 14:50:07 --> Checkbox Not Yet Checked !

============================= Restore Session Started =============================
2012-10-28 14:50:09 --> $Restore_7z_path= "C:\Users\Tejas\Desktop\IDMbackup.7z"
2012-10-28 14:50:09 --> $ini_File= "C:\Users\Tejas\AppData\Local\Temp\idm_guest_Setting.ini"
2012-10-28 14:50:09 --> $reg_File= "C:\Users\Tejas\AppData\Local\Temp\IDMregistry.reg"
2012-10-28 14:50:10 --> Extracting idm_guest_Setting.ini = "C:\Users\Tejas\Desktop\IDMbackup.7z-->idm_guest_Setting.ini" Error Code:Done
2012-10-28 14:50:10 --> Password Protected Backup File Detected
2012-10-28 14:50:12 --> CRC Failed May Be Wrong Password !

============================= Restore Session Started =============================
2012-10-28 14:50:12 --> $Restore_7z_path= "C:\Users\Tejas\Desktop\IDMbackup.7z"
2012-10-28 14:50:12 --> $ini_File= "C:\Users\Tejas\AppData\Local\Temp\idm_guest_Setting.ini"
2012-10-28 14:50:12 --> $reg_File= "C:\Users\Tejas\AppData\Local\Temp\IDMregistry.reg"
2012-10-28 14:50:12 --> Extracting idm_guest_Setting.ini = "C:\Users\Tejas\Desktop\IDMbackup.7z-->idm_guest_Setting.ini" Error Code:Done
2012-10-28 14:50:12 --> Password Protected Backup File Detected
2012-10-28 14:50:16 --> CRC Failed May Be Wrong Password !

============================= Restore Session Started =============================
2012-10-28 14:50:17 --> $Restore_7z_path= "C:\Users\Tejas\Desktop\IDMbackup.7z"
2012-10-28 14:50:17 --> $ini_File= "C:\Users\Tejas\AppData\Local\Temp\idm_guest_Setting.ini"
2012-10-28 14:50:17 --> $reg_File= "C:\Users\Tejas\AppData\Local\Temp\IDMregistry.reg"
2012-10-28 14:50:17 --> Extracting idm_guest_Setting.ini = "C:\Users\Tejas\Desktop\IDMbackup.7z-->idm_guest_Setting.ini" Error Code:Done
2012-10-28 14:50:17 --> Password Protected Backup File Detected
2012-10-28 14:50:24 --> CRC Failed May Be Wrong Password !

============================= New Session Started at 2012-10-30 13:22:12 --> =============================

============================= System Information =============================
Module Name and Version: IDM Backup Manager0.9.3(Beta)
Module Path: C:\Users\Tejas\desktop\project\IDM\IDM BUILD_4\IDM Backup Manager.au3
OS Type: WIN32_NT
OS Version: WIN_7
Service Package: Service Pack 1
Total Memory: 1302072
Available Memory: 606888

============================= Variable Assignment =============================
2012-10-30 13:22:13 --> Internet Download Manager Is Running Now...User Selected No

============================= New Session Started at 2012-10-30 13:22:27 --> =============================

============================= System Information =============================
Module Name and Version: IDM Backup Manager0.9.3(Beta)
Module Path: C:\Users\Tejas\desktop\project\IDM\IDM BUILD_4\IDM Backup Manager.au3
OS Type: WIN32_NT
OS Version: WIN_7
Service Package: Service Pack 1
Total Memory: 1302072
Available Memory: 604908

============================= Variable Assignment =============================
2012-10-30 13:22:28 --> Internet Download Manager Is Running Now...User Selected No

============================= New Session Started at 2012-10-30 13:22:59 --> =============================

============================= System Information =============================
Module Name and Version: IDM Backup Manager0.9.3(Beta)
Module Path: C:\Users\Tejas\desktop\project\IDM\IDM BUILD_4\IDM Backup Manager.au3
OS Type: WIN32_NT
OS Version: WIN_7
Service Package: Service Pack 1
Total Memory: 1302072
Available Memory: 605052

============================= Variable Assignment =============================
2012-10-30 13:23:00 --> Internet Download Manager Is Running Now...User Selected No

============================= New Session Started at 2012-10-30 13:24:06 --> =============================

============================= System Information =============================
Module Name and Version: IDM Backup Manager0.9.3(Beta)
Module Path: C:\Users\Tejas\desktop\project\IDM\IDM BUILD_4\IDM Backup Manager.au3
OS Type: WIN32_NT
OS Version: WIN_7
Service Package: Service Pack 1
Total Memory: 1302072
Available Memory: 589848

============================= Variable Assignment =============================
2012-10-30 13:24:07 --> Internet Download Manager Is Running Now...User Selected No
2012-10-30 13:24:07 --> $AppDataIDMFolder = "C:\Users\Tejas\AppData\Roaming\IDM\"  Error Code:0
2012-10-30 13:24:07 --> $TempPath = "C:\Users\Tejas\AppData\Roaming\IDM\"  Error Code:0
2012-10-30 13:24:07 --> Finilized Path $AppDataIDMFolder= "C:\Users\Tejas\AppData\Roaming\IDM\"
2012-10-30 13:24:07 --> Finilized Path $TempPath= "C:\Users\Tejas\AppData\Roaming\IDM\"
2012-10-30 13:24:07 --> $AppDataIDMFolder = "C:\Users\Tejas\AppData\Roaming\IDM\"  Error Code:0
2012-10-30 13:24:07 --> $TempPath = "C:\Users\Tejas\AppData\Roaming\IDM\"  Error Code:0
2012-10-30 13:24:07 --> Finilized Path $AppDataIDMFolder= "C:\Users\Tejas\AppData\Roaming\IDM\"
2012-10-30 13:24:07 --> Finilized Path $TempPath= "C:\Users\Tejas\AppData\Roaming\IDM\"
2012-10-30 13:24:07 --> Window Created: IDM Backup Manager0.9.3(Beta) With Error Code: 0

============================= New Session Started at 2012-10-30 13:24:31 --> =============================

============================= System Information =============================
Module Name and Version: IDM Backup Manager0.9.3(Beta)
Module Path: C:\Users\Tejas\desktop\project\IDM\IDM BUILD_4\IDM Backup Manager.au3
OS Type: WIN32_NT
OS Version: WIN_7
Service Package: Service Pack 1
Total Memory: 1302072
Available Memory: 586284

============================= Variable Assignment =============================
2012-10-30 13:24:32 --> Internet Download Manager Is Running Now...User Selected No

============================= New Session Started at 2012-10-30 13:24:56 --> =============================

============================= System Information =============================
Module Name and Version: IDM Backup Manager0.9.3(Beta)
Module Path: C:\Users\Tejas\desktop\project\IDM\IDM BUILD_4\IDM Backup Manager.au3
OS Type: WIN32_NT
OS Version: WIN_7
Service Package: Service Pack 1
Total Memory: 1302072
Available Memory: 581032

============================= Variable Assignment =============================

============================= New Session Started at 2012-10-30 13:25:38 --> =============================

============================= System Information =============================
Module Name and Version: IDM Backup Manager0.9.3(Beta)
Module Path: C:\Users\Tejas\desktop\project\IDM\IDM BUILD_4\IDM Backup Manager.au3
OS Type: WIN32_NT
OS Version: WIN_7
Service Package: Service Pack 1
Total Memory: 1302072
Available Memory: 568676

============================= Variable Assignment =============================

============================= New Session Started at 2012-10-30 13:26:50 --> =============================

============================= System Information =============================
Module Name and Version: IDM Backup Manager0.9.3(Beta)
Module Path: C:\Users\Tejas\desktop\project\IDM\IDM BUILD_4\IDM Backup Manager.au3
OS Type: WIN32_NT
OS Version: WIN_7
Service Package: Service Pack 1
Total Memory: 1302072
Available Memory: 569752

============================= Variable Assignment =============================

============================= New Session Started at 2012-10-30 13:27:27 --> =============================

============================= System Information =============================
Module Name and Version: IDM Backup Manager0.9.3(Beta)
Module Path: C:\Users\Tejas\desktop\project\IDM\IDM BUILD_4\IDM Backup Manager.au3
OS Type: WIN32_NT
OS Version: WIN_7
Service Package: Service Pack 1
Total Memory: 1302072
Available Memory: 568064

============================= Variable Assignment =============================

============================= New Session Started at 2012-10-30 13:28:01 --> =============================

============================= System Information =============================
Module Name and Version: IDM Backup Manager0.9.3(Beta)
Module Path: C:\Users\Tejas\desktop\project\IDM\IDM BUILD_4\IDM Backup Manager.au3
OS Type: WIN32_NT
OS Version: WIN_7
Service Package: Service Pack 1
Total Memory: 1302072
Available Memory: 567572

============================= Variable Assignment =============================

============================= New Session Started at 2012-10-30 13:29:19 --> =============================

============================= System Information =============================
Module Name and Version: IDM Backup Manager0.9.3(Beta)
Module Path: C:\Users\Tejas\desktop\project\IDM\IDM BUILD_4\IDM Backup Manager.au3
OS Type: WIN32_NT
OS Version: WIN_7
Service Package: Service Pack 1
Total Memory: 1302072
Available Memory: 579564

============================= Variable Assignment =============================
2012-10-30 13:29:20 --> Internet Download Manager Is Running Now...User Selected No
2012-10-30 13:29:21 --> $AppDataIDMFolder = "C:\Users\Tejas\AppData\Roaming\IDM\"  Error Code:0
2012-10-30 13:29:21 --> $TempPath = "C:\Users\Tejas\AppData\Roaming\IDM\"  Error Code:0
2012-10-30 13:29:21 --> Finilized Path $AppDataIDMFolder= "C:\Users\Tejas\AppData\Roaming\IDM\"
2012-10-30 13:29:21 --> Finilized Path $TempPath= "C:\Users\Tejas\AppData\Roaming\IDM\"
2012-10-30 13:29:21 --> $AppDataIDMFolder = "C:\Users\Tejas\AppData\Roaming\IDM\"  Error Code:0
2012-10-30 13:29:21 --> $TempPath = "C:\Users\Tejas\AppData\Roaming\IDM\"  Error Code:0
2012-10-30 13:29:21 --> Finilized Path $AppDataIDMFolder= "C:\Users\Tejas\AppData\Roaming\IDM\"
2012-10-30 13:29:21 --> Finilized Path $TempPath= "C:\Users\Tejas\AppData\Roaming\IDM\"
2012-10-30 13:29:21 --> Window Created: IDM Backup Manager0.9.3(Beta) With Error Code: 0

============================= New Session Started at 2012-10-30 14:28:11 --> =============================

============================= System Information =============================
Module Name and Version: IDM Backup Manager0.9.3(Beta)
Module Path: C:\Users\Tejas\desktop\project\IDM\IDM BUILD_4\IDM Backup Manager.exe
OS Type: WIN32_NT
OS Version: WIN_7
Service Package: Service Pack 1
Total Memory: 1302072
Available Memory: 338232

============================= Variable Assignment =============================
Command Line Not Support Yet.
2012-10-30 14:28:14 --> Internet Download Manager Is Running Now...User Selected No
2012-10-30 14:28:15 --> $AppDataIDMFolder = "C:\Users\Tejas\AppData\Roaming\IDM\"  Error Code:0
2012-10-30 14:28:15 --> $TempPath = "C:\Users\Tejas\AppData\Roaming\IDM\"  Error Code:0
2012-10-30 14:28:15 --> Finilized Path $AppDataIDMFolder= "C:\Users\Tejas\AppData\Roaming\IDM\"
2012-10-30 14:28:15 --> Finilized Path $TempPath= "C:\Users\Tejas\AppData\Roaming\IDM\"
2012-10-30 14:28:15 --> $AppDataIDMFolder = "C:\Users\Tejas\AppData\Roaming\IDM\"  Error Code:0
2012-10-30 14:28:15 --> $TempPath = "C:\Users\Tejas\AppData\Roaming\IDM\"  Error Code:0
2012-10-30 14:28:15 --> Finilized Path $AppDataIDMFolder= "C:\Users\Tejas\AppData\Roaming\IDM\"
2012-10-30 14:28:15 --> Finilized Path $TempPath= "C:\Users\Tejas\AppData\Roaming\IDM\"
2012-10-30 14:28:15 --> Window Created: IDM Backup Manager0.9.3(Beta) With Error Code: 0

============================= New Session Started at 2012-11-05 21:45:37 --> =============================

============================= System Information =============================
Module Name and Version: IDM Backup Manager0.9.3(Beta)
Module Path: C:\Users\Tejas\desktop\project\IDM\IDM BUILD_4\IDM Backup Manager.au3
OS Type: WIN32_NT
OS Version: WIN_7
Service Package: Service Pack 1
Total Memory: 1302072
Available Memory: 491460

============================= Variable Assignment =============================
2012-11-05 21:45:38 --> Internet Download Manager Is Running Now...User Selected No
2012-11-05 21:45:39 --> $AppDataIDMFolder = "C:\Users\Tejas\AppData\Roaming\IDM\"  Error Code:0
2012-11-05 21:45:39 --> $TempPath = "C:\Users\Tejas\AppData\Roaming\IDM\"  Error Code:0
2012-11-05 21:45:39 --> Finilized Path $AppDataIDMFolder= "C:\Users\Tejas\AppData\Roaming\IDM\"
2012-11-05 21:45:39 --> Finilized Path $TempPath= "C:\Users\Tejas\AppData\Roaming\IDM\"
2012-11-05 21:45:39 --> $AppDataIDMFolder = "C:\Users\Tejas\AppData\Roaming\IDM\"  Error Code:0
2012-11-05 21:45:39 --> $TempPath = "C:\Users\Tejas\AppData\Roaming\IDM\"  Error Code:0
2012-11-05 21:45:39 --> Finilized Path $AppDataIDMFolder= "C:\Users\Tejas\AppData\Roaming\IDM\"
2012-11-05 21:45:39 --> Finilized Path $TempPath= "C:\Users\Tejas\AppData\Roaming\IDM\"
2012-11-05 21:45:39 --> Window Created: IDM Backup Manager0.9.3(Beta) With Error Code: 0

============================= New Session Started at 2012-11-06 20:31:45 --> =============================

============================= System Information =============================
Module Name and Version: IDM Backup Manager0.9.3(Beta)
Module Path: C:\Users\Tejas\desktop\project\IDM\IDM BUILD_4\ii.au3
OS Type: WIN32_NT
OS Version: WIN_7
Service Package: Service Pack 1
Total Memory: 1302072
Available Memory: 340116

============================= Variable Assignment =============================
2012-11-06 20:31:46 --> Internet Download Manager Is Running Now...User Selected No
2012-11-06 20:31:46 --> $AppDataIDMFolder = "C:\Users\Tejas\AppData\Roaming\IDM\"  Error Code:0
2012-11-06 20:31:46 --> $TempPath = "C:\Users\Tejas\AppData\Roaming\IDM\"  Error Code:0
2012-11-06 20:31:46 --> Finilized Path $AppDataIDMFolder= "C:\Users\Tejas\AppData\Roaming\IDM\"
2012-11-06 20:31:46 --> Finilized Path $TempPath= "C:\Users\Tejas\AppData\Roaming\IDM\"
2012-11-06 20:31:46 --> $AppDataIDMFolder = "C:\Users\Tejas\AppData\Roaming\IDM\"  Error Code:0
2012-11-06 20:31:46 --> $TempPath = "C:\Users\Tejas\AppData\Roaming\IDM\"  Error Code:0
2012-11-06 20:31:46 --> Finilized Path $AppDataIDMFolder= "C:\Users\Tejas\AppData\Roaming\IDM\"
2012-11-06 20:31:46 --> Finilized Path $TempPath= "C:\Users\Tejas\AppData\Roaming\IDM\"
2012-11-06 20:31:47 --> Window Created: IDM Backup Manager0.9.3(Beta) With Error Code: 0

============================= New Session Started at 2012-11-06 20:32:24 --> =============================

============================= System Information =============================
Module Name and Version: IDM Backup Manager0.9.3(Beta)
Module Path: C:\Users\Tejas\desktop\project\IDM\IDM BUILD_4\ii.au3
OS Type: WIN32_NT
OS Version: WIN_7
Service Package: Service Pack 1
Total Memory: 1302072
Available Memory: 329992

============================= Variable Assignment =============================
2012-11-06 20:32:25 --> Internet Download Manager Is Running Now...User Selected No
2012-11-06 20:32:26 --> $AppDataIDMFolder = "C:\Users\Tejas\AppData\Roaming\IDM\"  Error Code:0
2012-11-06 20:32:26 --> $TempPath = "C:\Users\Tejas\AppData\Roaming\IDM\"  Error Code:0
2012-11-06 20:32:26 --> Finilized Path $AppDataIDMFolder= "C:\Users\Tejas\AppData\Roaming\IDM\"
2012-11-06 20:32:26 --> Finilized Path $TempPath= "C:\Users\Tejas\AppData\Roaming\IDM\"
2012-11-06 20:32:26 --> $AppDataIDMFolder = "C:\Users\Tejas\AppData\Roaming\IDM\"  Error Code:0
2012-11-06 20:32:26 --> $TempPath = "C:\Users\Tejas\AppData\Roaming\IDM\"  Error Code:0
2012-11-06 20:32:26 --> Finilized Path $AppDataIDMFolder= "C:\Users\Tejas\AppData\Roaming\IDM\"
2012-11-06 20:32:26 --> Finilized Path $TempPath= "C:\Users\Tejas\AppData\Roaming\IDM\"
2012-11-06 20:32:26 --> Window Created: IDM Backup Manager0.9.3(Beta) With Error Code: 0

============================= New Session Started at 2012-11-07 10:07:18 --> =============================

============================= System Information =============================
Module Name and Version: IDM Backup Manager0.9.3(Beta)
Module Path: C:\Users\Tejas\desktop\project\IDM\IDM BUILD_4\IDM Backup Manager.au3
OS Type: WIN32_NT
OS Version: WIN_7
Service Package: Service Pack 1
Total Memory: 1302072
Available Memory: 719172

============================= Variable Assignment =============================
2012-11-07 10:07:20 --> Internet Download Manager Is Running Now...User Selected No
2012-11-07 10:07:20 --> $AppDataIDMFolder = "C:\Users\Tejas\AppData\Roaming\IDM\"  Error Code:0
2012-11-07 10:07:20 --> $TempPath = "C:\Users\Tejas\AppData\Roaming\IDM\"  Error Code:0
2012-11-07 10:07:20 --> Finilized Path $AppDataIDMFolder= "C:\Users\Tejas\AppData\Roaming\IDM\"
2012-11-07 10:07:20 --> Finilized Path $TempPath= "C:\Users\Tejas\AppData\Roaming\IDM\"
2012-11-07 10:07:20 --> $AppDataIDMFolder = "C:\Users\Tejas\AppData\Roaming\IDM\"  Error Code:0
2012-11-07 10:07:20 --> $TempPath = "C:\Users\Tejas\AppData\Roaming\IDM\"  Error Code:0
2012-11-07 10:07:20 --> Finilized Path $AppDataIDMFolder= "C:\Users\Tejas\AppData\Roaming\IDM\"
2012-11-07 10:07:20 --> Finilized Path $TempPath= "C:\Users\Tejas\AppData\Roaming\IDM\"
2012-11-07 10:07:20 --> Window Created: IDM Backup Manager0.9.3(Beta) With Error Code: 0

============================= Backup Session Started =============================
2012-11-07 10:07:29 --> Password= "False"
2012-11-07 10:07:29 --> $ini_File= "C:\Users\Tejas\AppData\Local\Temp\idm_guest_Setting.ini"
2012-11-07 10:07:29 --> $reg_File= "C:\Users\Tejas\AppData\Local\Temp\IDMregistry.reg"
2012-11-07 10:07:29 --> User Selected Full Backup to  = "C:\Users\Tejas\Desktop\"
2012-11-07 10:07:49 --> Adding $TempPath = "C:\Users\Tejas\AppData\Roaming\IDM\" Error Code:Done
2012-11-07 10:07:49 --> Adding $reg_File = "C:\Users\Tejas\AppData\Local\Temp\IDMregistry.reg" Error Code:Done
2012-11-07 10:07:50 --> Adding $ini_File = "C:\Users\Tejas\AppData\Local\Temp\idm_guest_Setting.ini" Error Code:Done
============================= Backup Session Ended =============================

============================= New Session Started at 2006-04-03 00:05:51 --> =============================

============================= System Information =============================
Module Name and Version: IDM Backup Manager0.9.3(Beta)
Module Path: C:\Users\Tejas\desktop\project\IDM\IDM BUILD_4\IDM Backup Manager.exe
OS Type: WIN32_NT
OS Version: WIN_7
Service Package: Service Pack 1
Total Memory: 1302072
Available Memory: 766492

============================= Variable Assignment =============================
2006-04-03 00:05:53 --> Internet Download Manager Is Running Now...User Selected No
2006-04-03 00:05:53 --> $AppDataIDMFolder = "C:\Users\Tejas\AppData\Roaming\IDM\"  Error Code:0
2006-04-03 00:05:53 --> $TempPath = "C:\Users\Tejas\AppData\Roaming\IDM\"  Error Code:0
2006-04-03 00:05:53 --> Finilized Path $AppDataIDMFolder= "C:\Users\Tejas\AppData\Roaming\IDM\"
2006-04-03 00:05:53 --> Finilized Path $TempPath= "C:\Users\Tejas\AppData\Roaming\IDM\"
2006-04-03 00:05:53 --> $AppDataIDMFolder = "C:\Users\Tejas\AppData\Roaming\IDM\"  Error Code:0
2006-04-03 00:05:53 --> $TempPath = "C:\Users\Tejas\AppData\Roaming\IDM\"  Error Code:0
2006-04-03 00:05:53 --> Finilized Path $AppDataIDMFolder= "C:\Users\Tejas\AppData\Roaming\IDM\"
2006-04-03 00:05:53 --> Finilized Path $TempPath= "C:\Users\Tejas\AppData\Roaming\IDM\"
2006-04-03 00:05:54 --> Window Created: IDM Backup Manager0.9.3(Beta) With Error Code: 0

============================= New Session Started at 2012-11-09 11:49:00 --> =============================

============================= System Information =============================
Module Name and Version: IDM Backup Manager0.9.3(Beta)
Module Path: C:\Users\Tejas\desktop\project\IDM\IDM BUILD_4\IDM Backup Manager.au3
OS Type: WIN32_NT
OS Version: WIN_7
Service Package: Service Pack 1
Total Memory: 1302072
Available Memory: 520136

============================= Variable Assignment =============================
2012-11-09 11:49:01 --> Internet Download Manager Is Running Now...User Selected No
2012-11-09 11:49:02 --> $AppDataIDMFolder = "C:\Users\Tejas\AppData\Roaming\IDM\"  Error Code:0
2012-11-09 11:49:02 --> $TempPath = "C:\Users\Tejas\AppData\Roaming\IDM\"  Error Code:0
2012-11-09 11:49:02 --> Finilized Path $AppDataIDMFolder= "C:\Users\Tejas\AppData\Roaming\IDM\"
2012-11-09 11:49:02 --> Finilized Path $TempPath= "C:\Users\Tejas\AppData\Roaming\IDM\"
2012-11-09 11:49:02 --> $AppDataIDMFolder = "C:\Users\Tejas\AppData\Roaming\IDM\"  Error Code:0
2012-11-09 11:49:02 --> $TempPath = "C:\Users\Tejas\AppData\Roaming\IDM\"  Error Code:0
2012-11-09 11:49:02 --> Finilized Path $AppDataIDMFolder= "C:\Users\Tejas\AppData\Roaming\IDM\"
2012-11-09 11:49:02 --> Finilized Path $TempPath= "C:\Users\Tejas\AppData\Roaming\IDM\"
2012-11-09 11:49:03 --> Window Created: IDM Backup Manager0.9.3(Beta) With Error Code: 0

============================= New Session Started at 2012-11-09 19:47:13 --> =============================

============================= System Information =============================
Module Name and Version: IDM Backup Manager0.9.3(Beta)
Module Path: C:\Users\Tejas\desktop\project\IDM\IDM BUILD_4\IDM Backup Manager.au3
OS Type: WIN32_NT
OS Version: WIN_7
Service Package: Service Pack 1
Total Memory: 1302072
Available Memory: 749688

============================= Variable Assignment =============================
2012-11-09 19:47:16 --> Internet Download Manager Is Running Now...User Selected No
2012-11-09 19:47:17 --> $AppDataIDMFolder = "C:\Users\Tejas\AppData\Roaming\IDM\"  Error Code:0
2012-11-09 19:47:17 --> $TempPath = "C:\Users\Tejas\AppData\Roaming\IDM\"  Error Code:0
2012-11-09 19:47:17 --> Finilized Path $AppDataIDMFolder= "C:\Users\Tejas\AppData\Roaming\IDM\"
2012-11-09 19:47:17 --> Finilized Path $TempPath= "C:\Users\Tejas\AppData\Roaming\IDM\"
2012-11-09 19:47:17 --> $AppDataIDMFolder = "C:\Users\Tejas\AppData\Roaming\IDM\"  Error Code:0
2012-11-09 19:47:17 --> $TempPath = "C:\Users\Tejas\AppData\Roaming\IDM\"  Error Code:0
2012-11-09 19:47:17 --> Finilized Path $AppDataIDMFolder= "C:\Users\Tejas\AppData\Roaming\IDM\"
2012-11-09 19:47:17 --> Finilized Path $TempPath= "C:\Users\Tejas\AppData\Roaming\IDM\"
2012-11-09 19:47:17 --> Window Created: IDM Backup Manager0.9.3(Beta) With Error Code: 0

============================= New Session Started at 2012-11-09 19:49:27 --> =============================

============================= System Information =============================
Module Name and Version: IDM Backup Manager0.9.3(Beta)
Module Path: C:\Users\Tejas\desktop\project\IDM\IDM BUILD_4\IDM Backup Manager.au3
OS Type: WIN32_NT
OS Version: WIN_7
Service Package: Service Pack 1
Total Memory: 1302072
Available Memory: 756748

============================= Variable Assignment =============================
2012-11-09 19:49:28 --> Internet Download Manager Is Running Now...User Selected No
2012-11-09 19:49:28 --> $AppDataIDMFolder = "C:\Users\Tejas\AppData\Roaming\IDM\"  Error Code:0
2012-11-09 19:49:28 --> $TempPath = "C:\Users\Tejas\AppData\Roaming\IDM\"  Error Code:0
2012-11-09 19:49:28 --> Finilized Path $AppDataIDMFolder= "C:\Users\Tejas\AppData\Roaming\IDM\"
2012-11-09 19:49:28 --> Finilized Path $TempPath= "C:\Users\Tejas\AppData\Roaming\IDM\"
2012-11-09 19:49:28 --> $AppDataIDMFolder = "C:\Users\Tejas\AppData\Roaming\IDM\"  Error Code:0
2012-11-09 19:49:28 --> $TempPath = "C:\Users\Tejas\AppData\Roaming\IDM\"  Error Code:0
2012-11-09 19:49:28 --> Finilized Path $AppDataIDMFolder= "C:\Users\Tejas\AppData\Roaming\IDM\"
2012-11-09 19:49:28 --> Finilized Path $TempPath= "C:\Users\Tejas\AppData\Roaming\IDM\"
2012-11-09 19:49:29 --> Window Created: IDM Backup Manager0.9.3(Beta) With Error Code: 0

============================= New Session Started at 2012-11-09 19:50:41 --> =============================

============================= System Information =============================
Module Name and Version: IDM Backup Manager0.9.3(Beta)
Module Path: C:\Users\Tejas\desktop\project\IDM\IDM BUILD_4\IDM Backup Manager.au3
OS Type: WIN32_NT
OS Version: WIN_7
Service Package: Service Pack 1
Total Memory: 1302072
Available Memory: 759528

============================= Variable Assignment =============================
2012-11-09 19:50:41 --> Internet Download Manager Is Running Now...User Selected No
2012-11-09 19:50:42 --> $AppDataIDMFolder = "C:\Users\Tejas\AppData\Roaming\IDM\"  Error Code:0
2012-11-09 19:50:42 --> $TempPath = "C:\Users\Tejas\AppData\Roaming\IDM\"  Error Code:0
2012-11-09 19:50:42 --> Finilized Path $AppDataIDMFolder= "C:\Users\Tejas\AppData\Roaming\IDM\"
2012-11-09 19:50:42 --> Finilized Path $TempPath= "C:\Users\Tejas\AppData\Roaming\IDM\"
2012-11-09 19:50:42 --> $AppDataIDMFolder = "C:\Users\Tejas\AppData\Roaming\IDM\"  Error Code:0
2012-11-09 19:50:42 --> $TempPath = "C:\Users\Tejas\AppData\Roaming\IDM\"  Error Code:0
2012-11-09 19:50:42 --> Finilized Path $AppDataIDMFolder= "C:\Users\Tejas\AppData\Roaming\IDM\"
2012-11-09 19:50:42 --> Finilized Path $TempPath= "C:\Users\Tejas\AppData\Roaming\IDM\"
2012-11-09 19:50:42 --> Window Created: IDM Backup Manager0.9.3(Beta) With Error Code: 0

============================= New Session Started at 2012-11-09 19:56:30 --> =============================

============================= System Information =============================
Module Name and Version: IDM Backup Manager0.9.3(Beta)
Module Path: C:\Users\Tejas\desktop\project\IDM\IDM BUILD_4\IDM Backup Manager.au3
OS Type: WIN32_NT
OS Version: WIN_7
Service Package: Service Pack 1
Total Memory: 1302072
Available Memory: 749208

============================= Variable Assignment =============================
2012-11-09 19:56:31 --> Internet Download Manager Is Running Now...User Selected No
2012-11-09 19:56:31 --> $AppDataIDMFolder = "C:\Users\Tejas\AppData\Roaming\IDM\"  Error Code:0
2012-11-09 19:56:31 --> $TempPath = "C:\Users\Tejas\AppData\Roaming\IDM\"  Error Code:0
2012-11-09 19:56:31 --> Finilized Path $AppDataIDMFolder= "C:\Users\Tejas\AppData\Roaming\IDM\"
2012-11-09 19:56:31 --> Finilized Path $TempPath= "C:\Users\Tejas\AppData\Roaming\IDM\"
2012-11-09 19:56:31 --> $AppDataIDMFolder = "C:\Users\Tejas\AppData\Roaming\IDM\"  Error Code:0
2012-11-09 19:56:31 --> $TempPath = "C:\Users\Tejas\AppData\Roaming\IDM\"  Error Code:0
2012-11-09 19:56:31 --> Finilized Path $AppDataIDMFolder= "C:\Users\Tejas\AppData\Roaming\IDM\"
2012-11-09 19:56:31 --> Finilized Path $TempPath= "C:\Users\Tejas\AppData\Roaming\IDM\"
2012-11-09 19:56:32 --> Window Created: IDM Backup Manager0.9.3(Beta) With Error Code: 0

============================= New Session Started at 2012-11-09 19:58:55 --> =============================

============================= System Information =============================
Module Name and Version: IDM Backup Manager0.9.3(Beta)
Module Path: C:\Users\Tejas\desktop\project\IDM\IDM BUILD_4\IDM Backup Manager.au3
OS Type: WIN32_NT
OS Version: WIN_7
Service Package: Service Pack 1
Total Memory: 1302072
Available Memory: 750912

============================= Variable Assignment =============================
2012-11-09 19:58:56 --> Internet Download Manager Is Running Now...User Selected No
2012-11-09 19:58:56 --> $AppDataIDMFolder = "C:\Users\Tejas\AppData\Roaming\IDM\"  Error Code:0
2012-11-09 19:58:56 --> $TempPath = "C:\Users\Tejas\AppData\Roaming\IDM\"  Error Code:0
2012-11-09 19:58:56 --> Finilized Path $AppDataIDMFolder= "C:\Users\Tejas\AppData\Roaming\IDM\"
2012-11-09 19:58:56 --> Finilized Path $TempPath= "C:\Users\Tejas\AppData\Roaming\IDM\"
2012-11-09 19:58:56 --> $AppDataIDMFolder = "C:\Users\Tejas\AppData\Roaming\IDM\"  Error Code:0
2012-11-09 19:58:56 --> $TempPath = "C:\Users\Tejas\AppData\Roaming\IDM\"  Error Code:0
2012-11-09 19:58:56 --> Finilized Path $AppDataIDMFolder= "C:\Users\Tejas\AppData\Roaming\IDM\"
2012-11-09 19:58:56 --> Finilized Path $TempPath= "C:\Users\Tejas\AppData\Roaming\IDM\"
2012-11-09 19:58:57 --> Window Created: IDM Backup Manager0.9.3(Beta) With Error Code: 0

============================= New Session Started at 2012-11-09 19:59:15 --> =============================

============================= System Information =============================
Module Name and Version: IDM Backup Manager0.9.3(Beta)
Module Path: C:\Users\Tejas\desktop\project\IDM\IDM BUILD_4\IDM Backup Manager.au3
OS Type: WIN32_NT
OS Version: WIN_7
Service Package: Service Pack 1
Total Memory: 1302072
Available Memory: 753888

============================= Variable Assignment =============================
2012-11-09 19:59:15 --> Internet Download Manager Is Running Now...User Selected No
2012-11-09 19:59:16 --> $AppDataIDMFolder = "C:\Users\Tejas\AppData\Roaming\IDM\"  Error Code:0
2012-11-09 19:59:16 --> $TempPath = "C:\Users\Tejas\AppData\Roaming\IDM\"  Error Code:0
2012-11-09 19:59:16 --> Finilized Path $AppDataIDMFolder= "C:\Users\Tejas\AppData\Roaming\IDM\"
2012-11-09 19:59:16 --> Finilized Path $TempPath= "C:\Users\Tejas\AppData\Roaming\IDM\"
2012-11-09 19:59:16 --> $AppDataIDMFolder = "C:\Users\Tejas\AppData\Roaming\IDM\"  Error Code:0
2012-11-09 19:59:16 --> $TempPath = "C:\Users\Tejas\AppData\Roaming\IDM\"  Error Code:0
2012-11-09 19:59:16 --> Finilized Path $AppDataIDMFolder= "C:\Users\Tejas\AppData\Roaming\IDM\"
2012-11-09 19:59:16 --> Finilized Path $TempPath= "C:\Users\Tejas\AppData\Roaming\IDM\"
2012-11-09 19:59:16 --> Window Created: IDM Backup Manager0.9.3(Beta) With Error Code: 0

============================= New Session Started at 2012-11-09 20:05:46 --> =============================

============================= System Information =============================
Module Name and Version: IDM Backup Manager0.9.3(Beta)
Module Path: C:\Users\Tejas\desktop\project\IDM\IDM BUILD_4\IDM Backup Manager.au3
OS Type: WIN32_NT
OS Version: WIN_7
Service Package: Service Pack 1
Total Memory: 1302072
Available Memory: 707396

============================= Variable Assignment =============================
2012-11-09 20:05:47 --> Internet Download Manager Is Running Now...User Selected No
2012-11-09 20:05:47 --> $AppDataIDMFolder = "C:\Users\Tejas\AppData\Roaming\IDM\"  Error Code:0
2012-11-09 20:05:47 --> $TempPath = "C:\Users\Tejas\AppData\Roaming\IDM\"  Error Code:0
2012-11-09 20:05:47 --> Finilized Path $AppDataIDMFolder= "C:\Users\Tejas\AppData\Roaming\IDM\"
2012-11-09 20:05:47 --> Finilized Path $TempPath= "C:\Users\Tejas\AppData\Roaming\IDM\"
2012-11-09 20:05:47 --> $AppDataIDMFolder = "C:\Users\Tejas\AppData\Roaming\IDM\"  Error Code:0
2012-11-09 20:05:47 --> $TempPath = "C:\Users\Tejas\AppData\Roaming\IDM\"  Error Code:0
2012-11-09 20:05:47 --> Finilized Path $AppDataIDMFolder= "C:\Users\Tejas\AppData\Roaming\IDM\"
2012-11-09 20:05:47 --> Finilized Path $TempPath= "C:\Users\Tejas\AppData\Roaming\IDM\"

============================= New Session Started at 2012-11-09 20:06:08 --> =============================

============================= System Information =============================
Module Name and Version: IDM Backup Manager0.9.3(Beta)
Module Path: C:\Users\Tejas\desktop\project\IDM\IDM BUILD_4\IDM Backup Manager.au3
OS Type: WIN32_NT
OS Version: WIN_7
Service Package: Service Pack 1
Total Memory: 1302072
Available Memory: 714552

============================= Variable Assignment =============================
2012-11-09 20:06:09 --> Internet Download Manager Is Running Now...User Selected No
2012-11-09 20:06:11 --> $AppDataIDMFolder = "C:\Users\Tejas\AppData\Roaming\IDM\"  Error Code:0
2012-11-09 20:06:11 --> $TempPath = "C:\Users\Tejas\AppData\Roaming\IDM\"  Error Code:0
2012-11-09 20:06:12 --> Finilized Path $AppDataIDMFolder= "C:\Users\Tejas\AppData\Roaming\IDM\"
2012-11-09 20:06:12 --> Finilized Path $TempPath= "C:\Users\Tejas\AppData\Roaming\IDM\"
2012-11-09 20:06:12 --> $AppDataIDMFolder = "C:\Users\Tejas\AppData\Roaming\IDM\"  Error Code:0
2012-11-09 20:06:12 --> $TempPath = "C:\Users\Tejas\AppData\Roaming\IDM\"  Error Code:0
2012-11-09 20:06:12 --> Finilized Path $AppDataIDMFolder= "C:\Users\Tejas\AppData\Roaming\IDM\"
2012-11-09 20:06:12 --> Finilized Path $TempPath= "C:\Users\Tejas\AppData\Roaming\IDM\"
2012-11-09 20:06:12 --> Window Created: IDM Backup Manager0.9.3(Beta) With Error Code: 0

============================= New Session Started at 2012-11-09 20:06:21 --> =============================

============================= System Information =============================
Module Name and Version: IDM Backup Manager0.9.3(Beta)
Module Path: C:\Users\Tejas\desktop\project\IDM\IDM BUILD_4\IDM Backup Manager.au3
OS Type: WIN32_NT
OS Version: WIN_7
Service Package: Service Pack 1
Total Memory: 1302072
Available Memory: 715000

============================= Variable Assignment =============================
2012-11-09 20:06:22 --> Internet Download Manager Is Running Now...User Selected No
2012-11-09 20:06:22 --> $AppDataIDMFolder = "C:\Users\Tejas\AppData\Roaming\IDM\"  Error Code:0
2012-11-09 20:06:22 --> $TempPath = "C:\Users\Tejas\AppData\Roaming\IDM\"  Error Code:0
2012-11-09 20:06:22 --> Finilized Path $AppDataIDMFolder= "C:\Users\Tejas\AppData\Roaming\IDM\"
2012-11-09 20:06:22 --> Finilized Path $TempPath= "C:\Users\Tejas\AppData\Roaming\IDM\"
2012-11-09 20:06:22 --> $AppDataIDMFolder = "C:\Users\Tejas\AppData\Roaming\IDM\"  Error Code:0
2012-11-09 20:06:22 --> $TempPath = "C:\Users\Tejas\AppData\Roaming\IDM\"  Error Code:0
2012-11-09 20:06:22 --> Finilized Path $AppDataIDMFolder= "C:\Users\Tejas\AppData\Roaming\IDM\"
2012-11-09 20:06:22 --> Finilized Path $TempPath= "C:\Users\Tejas\AppData\Roaming\IDM\"
2012-11-09 20:06:22 --> Window Created: IDM Backup Manager0.9.3(Beta) With Error Code: 0

============================= New Session Started at 2012-11-09 20:07:35 --> =============================

============================= System Information =============================
Module Name and Version: IDM Backup Manager0.9.3(Beta)
Module Path: C:\Users\Tejas\desktop\project\IDM\IDM BUILD_4\IDM Backup Manager.au3
OS Type: WIN32_NT
OS Version: WIN_7
Service Package: Service Pack 1
Total Memory: 1302072
Available Memory: 713256

============================= Variable Assignment =============================
2012-11-09 20:07:36 --> Internet Download Manager Is Running Now...User Selected No
2012-11-09 20:07:36 --> $AppDataIDMFolder = "C:\Users\Tejas\AppData\Roaming\IDM\"  Error Code:0
2012-11-09 20:07:36 --> $TempPath = "C:\Users\Tejas\AppData\Roaming\IDM\"  Error Code:0
2012-11-09 20:07:36 --> Finilized Path $AppDataIDMFolder= "C:\Users\Tejas\AppData\Roaming\IDM\"
2012-11-09 20:07:36 --> Finilized Path $TempPath= "C:\Users\Tejas\AppData\Roaming\IDM\"
2012-11-09 20:07:36 --> $AppDataIDMFolder = "C:\Users\Tejas\AppData\Roaming\IDM\"  Error Code:0
2012-11-09 20:07:36 --> $TempPath = "C:\Users\Tejas\AppData\Roaming\IDM\"  Error Code:0
2012-11-09 20:07:36 --> Finilized Path $AppDataIDMFolder= "C:\Users\Tejas\AppData\Roaming\IDM\"
2012-11-09 20:07:36 --> Finilized Path $TempPath= "C:\Users\Tejas\AppData\Roaming\IDM\"
2012-11-09 20:07:37 --> Window Created: IDM Backup Manager0.9.3(Beta) With Error Code: 0

============================= New Session Started at 2012-11-09 20:09:29 --> =============================

============================= System Information =============================
Module Name and Version: IDM Backup Manager0.9.3(Beta)
Module Path: C:\Users\Tejas\desktop\project\IDM\IDM BUILD_4\IDM Backup Manager.au3
OS Type: WIN32_NT
OS Version: WIN_7
Service Package: Service Pack 1
Total Memory: 1302072
Available Memory: 716804

============================= Variable Assignment =============================
2012-11-09 20:09:29 --> Internet Download Manager Is Running Now...User Selected No
2012-11-09 20:09:30 --> $AppDataIDMFolder = "C:\Users\Tejas\AppData\Roaming\IDM\"  Error Code:0
2012-11-09 20:09:30 --> $TempPath = "C:\Users\Tejas\AppData\Roaming\IDM\"  Error Code:0
2012-11-09 20:09:30 --> Finilized Path $AppDataIDMFolder= "C:\Users\Tejas\AppData\Roaming\IDM\"
2012-11-09 20:09:30 --> Finilized Path $TempPath= "C:\Users\Tejas\AppData\Roaming\IDM\"
2012-11-09 20:09:30 --> $AppDataIDMFolder = "C:\Users\Tejas\AppData\Roaming\IDM\"  Error Code:0
2012-11-09 20:09:30 --> $TempPath = "C:\Users\Tejas\AppData\Roaming\IDM\"  Error Code:0
2012-11-09 20:09:30 --> Finilized Path $AppDataIDMFolder= "C:\Users\Tejas\AppData\Roaming\IDM\"
2012-11-09 20:09:30 --> Finilized Path $TempPath= "C:\Users\Tejas\AppData\Roaming\IDM\"
2012-11-09 20:09:30 --> Window Created: IDM Backup Manager0.9.3(Beta) With Error Code: 0

============================= New Session Started at 2012-11-09 20:09:51 --> =============================

============================= System Information =============================
Module Name and Version: IDM Backup Manager0.9.3(Beta)
Module Path: C:\Users\Tejas\desktop\project\IDM\IDM BUILD_4\IDM Backup Manager.au3
OS Type: WIN32_NT
OS Version: WIN_7
Service Package: Service Pack 1
Total Memory: 1302072
Available Memory: 716260

============================= Variable Assignment =============================
2012-11-09 20:09:53 --> Internet Download Manager Is Running Now...User Selected No
2012-11-09 20:09:53 --> $AppDataIDMFolder = "C:\Users\Tejas\AppData\Roaming\IDM\"  Error Code:0
2012-11-09 20:09:53 --> $TempPath = "C:\Users\Tejas\AppData\Roaming\IDM\"  Error Code:0
2012-11-09 20:09:53 --> Finilized Path $AppDataIDMFolder= "C:\Users\Tejas\AppData\Roaming\IDM\"
2012-11-09 20:09:53 --> Finilized Path $TempPath= "C:\Users\Tejas\AppData\Roaming\IDM\"
2012-11-09 20:09:53 --> $AppDataIDMFolder = "C:\Users\Tejas\AppData\Roaming\IDM\"  Error Code:0
2012-11-09 20:09:53 --> $TempPath = "C:\Users\Tejas\AppData\Roaming\IDM\"  Error Code:0
2012-11-09 20:09:53 --> Finilized Path $AppDataIDMFolder= "C:\Users\Tejas\AppData\Roaming\IDM\"
2012-11-09 20:09:53 --> Finilized Path $TempPath= "C:\Users\Tejas\AppData\Roaming\IDM\"
2012-11-09 20:09:53 --> Window Created: IDM Backup Manager0.9.3(Beta) With Error Code: 0

============================= New Session Started at 2012-11-09 20:10:19 --> =============================

============================= System Information =============================
Module Name and Version: IDM Backup Manager0.9.3(Beta)
Module Path: C:\Users\Tejas\desktop\project\IDM\IDM BUILD_4\IDM Backup Manager.au3
OS Type: WIN32_NT
OS Version: WIN_7
Service Package: Service Pack 1
Total Memory: 1302072
Available Memory: 717820

============================= Variable Assignment =============================
2012-11-09 20:10:20 --> Internet Download Manager Is Running Now...User Selected No
2012-11-09 20:10:20 --> $AppDataIDMFolder = "C:\Users\Tejas\AppData\Roaming\IDM\"  Error Code:0
2012-11-09 20:10:20 --> $TempPath = "C:\Users\Tejas\AppData\Roaming\IDM\"  Error Code:0
2012-11-09 20:10:20 --> Finilized Path $AppDataIDMFolder= "C:\Users\Tejas\AppData\Roaming\IDM\"
2012-11-09 20:10:20 --> Finilized Path $TempPath= "C:\Users\Tejas\AppData\Roaming\IDM\"
2012-11-09 20:10:20 --> $AppDataIDMFolder = "C:\Users\Tejas\AppData\Roaming\IDM\"  Error Code:0
2012-11-09 20:10:20 --> $TempPath = "C:\Users\Tejas\AppData\Roaming\IDM\"  Error Code:0
2012-11-09 20:10:20 --> Finilized Path $AppDataIDMFolder= "C:\Users\Tejas\AppData\Roaming\IDM\"
2012-11-09 20:10:20 --> Finilized Path $TempPath= "C:\Users\Tejas\AppData\Roaming\IDM\"
2012-11-09 20:10:21 --> Window Created: IDM Backup Manager0.9.3(Beta) With Error Code: 0

============================= New Session Started at 2012-11-09 20:11:06 --> =============================

============================= System Information =============================
Module Name and Version: IDM Backup Manager0.9.3(Beta)
Module Path: C:\Users\Tejas\desktop\project\IDM\IDM BUILD_4\IDM Backup Manager.au3
OS Type: WIN32_NT
OS Version: WIN_7
Service Package: Service Pack 1
Total Memory: 1302072
Available Memory: 717744

============================= Variable Assignment =============================
2012-11-09 20:11:07 --> Internet Download Manager Is Running Now...User Selected No
2012-11-09 20:11:08 --> $AppDataIDMFolder = "C:\Users\Tejas\AppData\Roaming\IDM\"  Error Code:0
2012-11-09 20:11:08 --> $TempPath = "C:\Users\Tejas\AppData\Roaming\IDM\"  Error Code:0
2012-11-09 20:11:08 --> Finilized Path $AppDataIDMFolder= "C:\Users\Tejas\AppData\Roaming\IDM\"
2012-11-09 20:11:08 --> Finilized Path $TempPath= "C:\Users\Tejas\AppData\Roaming\IDM\"
2012-11-09 20:11:08 --> $AppDataIDMFolder = "C:\Users\Tejas\AppData\Roaming\IDM\"  Error Code:0
2012-11-09 20:11:08 --> $TempPath = "C:\Users\Tejas\AppData\Roaming\IDM\"  Error Code:0
2012-11-09 20:11:08 --> Finilized Path $AppDataIDMFolder= "C:\Users\Tejas\AppData\Roaming\IDM\"
2012-11-09 20:11:08 --> Finilized Path $TempPath= "C:\Users\Tejas\AppData\Roaming\IDM\"
2012-11-09 20:11:08 --> Window Created: IDM Backup Manager0.9.3(Beta) With Error Code: 0

============================= New Session Started at 2012-11-09 20:11:34 --> =============================

============================= System Information =============================
Module Name and Version: IDM Backup Manager0.9.3(Beta)
Module Path: C:\Users\Tejas\desktop\project\IDM\IDM BUILD_4\IDM Backup Manager.au3
OS Type: WIN32_NT
OS Version: WIN_7
Service Package: Service Pack 1
Total Memory: 1302072
Available Memory: 722660

============================= Variable Assignment =============================
2012-11-09 20:11:35 --> Internet Download Manager Is Running Now...User Selected No
2012-11-09 20:11:35 --> $AppDataIDMFolder = "C:\Users\Tejas\AppData\Roaming\IDM\"  Error Code:0
2012-11-09 20:11:35 --> $TempPath = "C:\Users\Tejas\AppData\Roaming\IDM\"  Error Code:0
2012-11-09 20:11:35 --> Finilized Path $AppDataIDMFolder= "C:\Users\Tejas\AppData\Roaming\IDM\"
2012-11-09 20:11:35 --> Finilized Path $TempPath= "C:\Users\Tejas\AppData\Roaming\IDM\"
2012-11-09 20:11:35 --> $AppDataIDMFolder = "C:\Users\Tejas\AppData\Roaming\IDM\"  Error Code:0
2012-11-09 20:11:35 --> $TempPath = "C:\Users\Tejas\AppData\Roaming\IDM\"  Error Code:0
2012-11-09 20:11:35 --> Finilized Path $AppDataIDMFolder= "C:\Users\Tejas\AppData\Roaming\IDM\"
2012-11-09 20:11:35 --> Finilized Path $TempPath= "C:\Users\Tejas\AppData\Roaming\IDM\"
2012-11-09 20:11:35 --> Window Created: IDM Backup Manager0.9.3(Beta) With Error Code: 0

============================= New Session Started at 2012-11-09 20:11:48 --> =============================

============================= System Information =============================
Module Name and Version: IDM Backup Manager0.9.3(Beta)
Module Path: C:\Users\Tejas\desktop\project\IDM\IDM BUILD_4\IDM Backup Manager.au3
OS Type: WIN32_NT
OS Version: WIN_7
Service Package: Service Pack 1
Total Memory: 1302072
Available Memory: 719316

============================= Variable Assignment =============================
2012-11-09 20:11:49 --> Internet Download Manager Is Running Now...User Selected No
2012-11-09 20:11:50 --> $AppDataIDMFolder = "C:\Users\Tejas\AppData\Roaming\IDM\"  Error Code:0
2012-11-09 20:11:50 --> $TempPath = "C:\Users\Tejas\AppData\Roaming\IDM\"  Error Code:0
2012-11-09 20:11:50 --> Finilized Path $AppDataIDMFolder= "C:\Users\Tejas\AppData\Roaming\IDM\"
2012-11-09 20:11:50 --> Finilized Path $TempPath= "C:\Users\Tejas\AppData\Roaming\IDM\"
2012-11-09 20:11:50 --> $AppDataIDMFolder = "C:\Users\Tejas\AppData\Roaming\IDM\"  Error Code:0
2012-11-09 20:11:50 --> $TempPath = "C:\Users\Tejas\AppData\Roaming\IDM\"  Error Code:0
2012-11-09 20:11:50 --> Finilized Path $AppDataIDMFolder= "C:\Users\Tejas\AppData\Roaming\IDM\"
2012-11-09 20:11:50 --> Finilized Path $TempPath= "C:\Users\Tejas\AppData\Roaming\IDM\"
2012-11-09 20:11:50 --> Window Created: IDM Backup Manager0.9.3(Beta) With Error Code: 0

============================= New Session Started at 2012-11-09 20:12:10 --> =============================

============================= System Information =============================
Module Name and Version: IDM Backup Manager0.9.3(Beta)
Module Path: C:\Users\Tejas\desktop\project\IDM\IDM BUILD_4\IDM Backup Manager.au3
OS Type: WIN32_NT
OS Version: WIN_7
Service Package: Service Pack 1
Total Memory: 1302072
Available Memory: 716412

============================= Variable Assignment =============================
2012-11-09 20:12:11 --> Internet Download Manager Is Running Now...User Selected No
2012-11-09 20:12:12 --> $AppDataIDMFolder = "C:\Users\Tejas\AppData\Roaming\IDM\"  Error Code:0
2012-11-09 20:12:12 --> $TempPath = "C:\Users\Tejas\AppData\Roaming\IDM\"  Error Code:0
2012-11-09 20:12:12 --> Finilized Path $AppDataIDMFolder= "C:\Users\Tejas\AppData\Roaming\IDM\"
2012-11-09 20:12:12 --> Finilized Path $TempPath= "C:\Users\Tejas\AppData\Roaming\IDM\"
2012-11-09 20:12:12 --> $AppDataIDMFolder = "C:\Users\Tejas\AppData\Roaming\IDM\"  Error Code:0
2012-11-09 20:12:12 --> $TempPath = "C:\Users\Tejas\AppData\Roaming\IDM\"  Error Code:0
2012-11-09 20:12:12 --> Finilized Path $AppDataIDMFolder= "C:\Users\Tejas\AppData\Roaming\IDM\"
2012-11-09 20:12:12 --> Finilized Path $TempPath= "C:\Users\Tejas\AppData\Roaming\IDM\"
2012-11-09 20:12:12 --> Window Created: IDM Backup Manager0.9.3(Beta) With Error Code: 0

============================= New Session Started at 2012-11-09 20:12:19 --> =============================

============================= System Information =============================
Module Name and Version: IDM Backup Manager0.9.3(Beta)
Module Path: C:\Users\Tejas\desktop\project\IDM\IDM BUILD_4\IDM Backup Manager.au3
OS Type: WIN32_NT
OS Version: WIN_7
Service Package: Service Pack 1
Total Memory: 1302072
Available Memory: 716344

============================= Variable Assignment =============================
2012-11-09 20:12:20 --> Internet Download Manager Is Running Now...User Selected No
2012-11-09 20:12:20 --> $AppDataIDMFolder = "C:\Users\Tejas\AppData\Roaming\IDM\"  Error Code:0
2012-11-09 20:12:20 --> $TempPath = "C:\Users\Tejas\AppData\Roaming\IDM\"  Error Code:0
2012-11-09 20:12:20 --> Finilized Path $AppDataIDMFolder= "C:\Users\Tejas\AppData\Roaming\IDM\"
2012-11-09 20:12:20 --> Finilized Path $TempPath= "C:\Users\Tejas\AppData\Roaming\IDM\"
2012-11-09 20:12:20 --> $AppDataIDMFolder = "C:\Users\Tejas\AppData\Roaming\IDM\"  Error Code:0
2012-11-09 20:12:20 --> $TempPath = "C:\Users\Tejas\AppData\Roaming\IDM\"  Error Code:0
2012-11-09 20:12:20 --> Finilized Path $AppDataIDMFolder= "C:\Users\Tejas\AppData\Roaming\IDM\"
2012-11-09 20:12:20 --> Finilized Path $TempPath= "C:\Users\Tejas\AppData\Roaming\IDM\"
2012-11-09 20:12:20 --> Window Created: IDM Backup Manager0.9.3(Beta) With Error Code: 0

============================= New Session Started at 2012-11-09 20:12:30 --> =============================

============================= System Information =============================
Module Name and Version: IDM Backup Manager0.9.3(Beta)
Module Path: C:\Users\Tejas\desktop\project\IDM\IDM BUILD_4\IDM Backup Manager.au3
OS Type: WIN32_NT
OS Version: WIN_7
Service Package: Service Pack 1
Total Memory: 1302072
Available Memory: 729240

============================= Variable Assignment =============================
2012-11-09 20:12:30 --> $AppDataIDMFolder = "C:\Users\Tejas\AppData\Roaming\IDM\"  Error Code:0
2012-11-09 20:12:30 --> $TempPath = "C:\Users\Tejas\AppData\Roaming\IDM\"  Error Code:0
2012-11-09 20:12:30 --> Finilized Path $AppDataIDMFolder= "C:\Users\Tejas\AppData\Roaming\IDM\"
2012-11-09 20:12:30 --> Finilized Path $TempPath= "C:\Users\Tejas\AppData\Roaming\IDM\"
2012-11-09 20:12:30 --> $AppDataIDMFolder = "C:\Users\Tejas\AppData\Roaming\IDM\"  Error Code:0
2012-11-09 20:12:30 --> $TempPath = "C:\Users\Tejas\AppData\Roaming\IDM\"  Error Code:0
2012-11-09 20:12:30 --> Finilized Path $AppDataIDMFolder= "C:\Users\Tejas\AppData\Roaming\IDM\"
2012-11-09 20:12:30 --> Finilized Path $TempPath= "C:\Users\Tejas\AppData\Roaming\IDM\"
2012-11-09 20:12:30 --> Window Created: IDM Backup Manager0.9.3(Beta) With Error Code: 0

============================= New Session Started at 2012-11-09 20:12:42 --> =============================

============================= System Information =============================
Module Name and Version: IDM Backup Manager0.9.3(Beta)
Module Path: C:\Users\Tejas\desktop\project\IDM\IDM BUILD_4\IDM Backup Manager.au3
OS Type: WIN32_NT
OS Version: WIN_7
Service Package: Service Pack 1
Total Memory: 1302072
Available Memory: 731628

============================= Variable Assignment =============================
2012-11-09 20:12:42 --> $AppDataIDMFolder = "C:\Users\Tejas\AppData\Roaming\IDM\"  Error Code:0
2012-11-09 20:12:42 --> $TempPath = "C:\Users\Tejas\AppData\Roaming\IDM\"  Error Code:0
2012-11-09 20:12:42 --> Finilized Path $AppDataIDMFolder= "C:\Users\Tejas\AppData\Roaming\IDM\"
2012-11-09 20:12:42 --> Finilized Path $TempPath= "C:\Users\Tejas\AppData\Roaming\IDM\"
2012-11-09 20:12:42 --> $AppDataIDMFolder = "C:\Users\Tejas\AppData\Roaming\IDM\"  Error Code:0
2012-11-09 20:12:42 --> $TempPath = "C:\Users\Tejas\AppData\Roaming\IDM\"  Error Code:0
2012-11-09 20:12:42 --> Finilized Path $AppDataIDMFolder= "C:\Users\Tejas\AppData\Roaming\IDM\"
2012-11-09 20:12:42 --> Finilized Path $TempPath= "C:\Users\Tejas\AppData\Roaming\IDM\"
2012-11-09 20:12:42 --> Window Created: IDM Backup Manager0.9.3(Beta) With Error Code: 0

============================= New Session Started at 2012-11-09 20:12:53 --> =============================

============================= System Information =============================
Module Name and Version: IDM Backup Manager0.9.3(Beta)
Module Path: C:\Users\Tejas\desktop\project\IDM\IDM BUILD_4\IDM Backup Manager.au3
OS Type: WIN32_NT
OS Version: WIN_7
Service Package: Service Pack 1
Total Memory: 1302072
Available Memory: 731256

============================= Variable Assignment =============================
2012-11-09 20:12:54 --> $AppDataIDMFolder = "C:\Users\Tejas\AppData\Roaming\IDM\"  Error Code:0
2012-11-09 20:12:54 --> $TempPath = "C:\Users\Tejas\AppData\Roaming\IDM\"  Error Code:0
2012-11-09 20:12:54 --> Finilized Path $AppDataIDMFolder= "C:\Users\Tejas\AppData\Roaming\IDM\"
2012-11-09 20:12:54 --> Finilized Path $TempPath= "C:\Users\Tejas\AppData\Roaming\IDM\"
2012-11-09 20:12:54 --> $AppDataIDMFolder = "C:\Users\Tejas\AppData\Roaming\IDM\"  Error Code:0
2012-11-09 20:12:54 --> $TempPath = "C:\Users\Tejas\AppData\Roaming\IDM\"  Error Code:0
2012-11-09 20:12:54 --> Finilized Path $AppDataIDMFolder= "C:\Users\Tejas\AppData\Roaming\IDM\"
2012-11-09 20:12:54 --> Finilized Path $TempPath= "C:\Users\Tejas\AppData\Roaming\IDM\"
2012-11-09 20:12:54 --> Window Created: IDM Backup Manager0.9.3(Beta) With Error Code: 0

============================= New Session Started at 2012-11-09 20:13:03 --> =============================

============================= System Information =============================
Module Name and Version: IDM Backup Manager0.9.3(Beta)
Module Path: C:\Users\Tejas\desktop\project\IDM\IDM BUILD_4\IDM Backup Manager.au3
OS Type: WIN32_NT
OS Version: WIN_7
Service Package: Service Pack 1
Total Memory: 1302072
Available Memory: 731560

============================= Variable Assignment =============================
2012-11-09 20:13:03 --> $AppDataIDMFolder = "C:\Users\Tejas\AppData\Roaming\IDM\"  Error Code:0
2012-11-09 20:13:03 --> $TempPath = "C:\Users\Tejas\AppData\Roaming\IDM\"  Error Code:0
2012-11-09 20:13:03 --> Finilized Path $AppDataIDMFolder= "C:\Users\Tejas\AppData\Roaming\IDM\"
2012-11-09 20:13:03 --> Finilized Path $TempPath= "C:\Users\Tejas\AppData\Roaming\IDM\"
2012-11-09 20:13:03 --> $AppDataIDMFolder = "C:\Users\Tejas\AppData\Roaming\IDM\"  Error Code:0
2012-11-09 20:13:03 --> $TempPath = "C:\Users\Tejas\AppData\Roaming\IDM\"  Error Code:0
2012-11-09 20:13:03 --> Finilized Path $AppDataIDMFolder= "C:\Users\Tejas\AppData\Roaming\IDM\"
2012-11-09 20:13:03 --> Finilized Path $TempPath= "C:\Users\Tejas\AppData\Roaming\IDM\"
2012-11-09 20:13:04 --> Window Created: IDM Backup Manager0.9.3(Beta) With Error Code: 0

============================= New Session Started at 2012-11-09 20:15:25 --> =============================

============================= System Information =============================
Module Name and Version: IDM Backup Manager0.9.3(Beta)
Module Path: C:\Users\Tejas\desktop\project\IDM\IDM BUILD_4\IDM Backup Manager.au3
OS Type: WIN32_NT
OS Version: WIN_7
Service Package: Service Pack 1
Total Memory: 1302072
Available Memory: 732616

============================= Variable Assignment =============================
2012-11-09 20:15:25 --> $AppDataIDMFolder = "C:\Users\Tejas\AppData\Roaming\IDM\"  Error Code:0
2012-11-09 20:15:26 --> $TempPath = "C:\Users\Tejas\AppData\Roaming\IDM\"  Error Code:0
2012-11-09 20:15:26 --> Finilized Path $AppDataIDMFolder= "C:\Users\Tejas\AppData\Roaming\IDM\"
2012-11-09 20:15:26 --> Finilized Path $TempPath= "C:\Users\Tejas\AppData\Roaming\IDM\"
2012-11-09 20:15:26 --> $AppDataIDMFolder = "C:\Users\Tejas\AppData\Roaming\IDM\"  Error Code:0
2012-11-09 20:15:26 --> $TempPath = "C:\Users\Tejas\AppData\Roaming\IDM\"  Error Code:0
2012-11-09 20:15:26 --> Finilized Path $AppDataIDMFolder= "C:\Users\Tejas\AppData\Roaming\IDM\"
2012-11-09 20:15:26 --> Finilized Path $TempPath= "C:\Users\Tejas\AppData\Roaming\IDM\"
2012-11-09 20:15:26 --> Window Created: IDM Backup Manager0.9.3(Beta) With Error Code: 0

============================= New Session Started at 2012-11-09 20:18:03 --> =============================

============================= System Information =============================
Module Name and Version: IDM Backup Manager0.9.3(Beta)
Module Path: C:\Users\Tejas\desktop\project\IDM\IDM BUILD_4\IDM Backup Manager.au3
OS Type: WIN32_NT
OS Version: WIN_7
Service Package: Service Pack 1
Total Memory: 1302072
Available Memory: 761760

============================= Variable Assignment =============================
2012-11-09 20:18:03 --> $AppDataIDMFolder = "C:\Users\Tejas\AppData\Roaming\IDM\"  Error Code:0
2012-11-09 20:18:03 --> $TempPath = "C:\Users\Tejas\AppData\Roaming\IDM\"  Error Code:0
2012-11-09 20:18:03 --> Finilized Path $AppDataIDMFolder= "C:\Users\Tejas\AppData\Roaming\IDM\"
2012-11-09 20:18:03 --> Finilized Path $TempPath= "C:\Users\Tejas\AppData\Roaming\IDM\"
2012-11-09 20:18:03 --> $AppDataIDMFolder = "C:\Users\Tejas\AppData\Roaming\IDM\"  Error Code:0
2012-11-09 20:18:03 --> $TempPath = "C:\Users\Tejas\AppData\Roaming\IDM\"  Error Code:0
2012-11-09 20:18:03 --> Finilized Path $AppDataIDMFolder= "C:\Users\Tejas\AppData\Roaming\IDM\"
2012-11-09 20:18:03 --> Finilized Path $TempPath= "C:\Users\Tejas\AppData\Roaming\IDM\"
2012-11-09 20:18:03 --> Window Created: IDM Backup Manager0.9.3(Beta) With Error Code: 0

============================= New Session Started at 2012-11-09 20:18:19 --> =============================

============================= System Information =============================
Module Name and Version: IDM Backup Manager0.9.3(Beta)
Module Path: C:\Users\Tejas\desktop\project\IDM\IDM BUILD_4\IDM Backup Manager.au3
OS Type: WIN32_NT
OS Version: WIN_7
Service Package: Service Pack 1
Total Memory: 1302072
Available Memory: 770592

============================= Variable Assignment =============================
2012-11-09 20:18:19 --> $AppDataIDMFolder = "C:\Users\Tejas\AppData\Roaming\IDM\"  Error Code:0
2012-11-09 20:18:19 --> $TempPath = "C:\Users\Tejas\AppData\Roaming\IDM\"  Error Code:0
2012-11-09 20:18:19 --> Finilized Path $AppDataIDMFolder= "C:\Users\Tejas\AppData\Roaming\IDM\"
2012-11-09 20:18:19 --> Finilized Path $TempPath= "C:\Users\Tejas\AppData\Roaming\IDM\"
2012-11-09 20:18:19 --> $AppDataIDMFolder = "C:\Users\Tejas\AppData\Roaming\IDM\"  Error Code:0
2012-11-09 20:18:19 --> $TempPath = "C:\Users\Tejas\AppData\Roaming\IDM\"  Error Code:0
2012-11-09 20:18:19 --> Finilized Path $AppDataIDMFolder= "C:\Users\Tejas\AppData\Roaming\IDM\"
2012-11-09 20:18:19 --> Finilized Path $TempPath= "C:\Users\Tejas\AppData\Roaming\IDM\"
2012-11-09 20:18:19 --> Window Created: IDM Backup Manager0.9.3(Beta) With Error Code: 0

============================= New Session Started at 2012-11-09 20:19:00 --> =============================

============================= System Information =============================
Module Name and Version: IDM Backup Manager0.9.3(Beta)
Module Path: C:\Users\Tejas\desktop\project\IDM\IDM BUILD_4\IDM Backup Manager.au3
OS Type: WIN32_NT
OS Version: WIN_7
Service Package: Service Pack 1
Total Memory: 1302072
Available Memory: 792764

============================= Variable Assignment =============================
2012-11-09 20:19:00 --> $AppDataIDMFolder = "C:\Users\Tejas\AppData\Roaming\IDM\"  Error Code:0
2012-11-09 20:19:00 --> $TempPath = "C:\Users\Tejas\AppData\Roaming\IDM\"  Error Code:0
2012-11-09 20:19:00 --> Finilized Path $AppDataIDMFolder= "C:\Users\Tejas\AppData\Roaming\IDM\"
2012-11-09 20:19:00 --> Finilized Path $TempPath= "C:\Users\Tejas\AppData\Roaming\IDM\"
2012-11-09 20:19:00 --> $AppDataIDMFolder = "C:\Users\Tejas\AppData\Roaming\IDM\"  Error Code:0
2012-11-09 20:19:00 --> $TempPath = "C:\Users\Tejas\AppData\Roaming\IDM\"  Error Code:0
2012-11-09 20:19:00 --> Finilized Path $AppDataIDMFolder= "C:\Users\Tejas\AppData\Roaming\IDM\"
2012-11-09 20:19:00 --> Finilized Path $TempPath= "C:\Users\Tejas\AppData\Roaming\IDM\"
2012-11-09 20:19:01 --> Window Created: IDM Backup Manager0.9.3(Beta) With Error Code: 0

============================= New Session Started at 2012-11-09 20:19:14 --> =============================

============================= System Information =============================
Module Name and Version: IDM Backup Manager0.9.3(Beta)
Module Path: C:\Users\Tejas\desktop\project\IDM\IDM BUILD_4\IDM Backup Manager.au3
OS Type: WIN32_NT
OS Version: WIN_7
Service Package: Service Pack 1
Total Memory: 1302072
Available Memory: 794720

============================= Variable Assignment =============================
2012-11-09 20:19:14 --> $AppDataIDMFolder = "C:\Users\Tejas\AppData\Roaming\IDM\"  Error Code:0
2012-11-09 20:19:14 --> $TempPath = "C:\Users\Tejas\AppData\Roaming\IDM\"  Error Code:0
2012-11-09 20:19:14 --> Finilized Path $AppDataIDMFolder= "C:\Users\Tejas\AppData\Roaming\IDM\"
2012-11-09 20:19:14 --> Finilized Path $TempPath= "C:\Users\Tejas\AppData\Roaming\IDM\"
2012-11-09 20:19:14 --> $AppDataIDMFolder = "C:\Users\Tejas\AppData\Roaming\IDM\"  Error Code:0
2012-11-09 20:19:14 --> $TempPath = "C:\Users\Tejas\AppData\Roaming\IDM\"  Error Code:0
2012-11-09 20:19:14 --> Finilized Path $AppDataIDMFolder= "C:\Users\Tejas\AppData\Roaming\IDM\"
2012-11-09 20:19:14 --> Finilized Path $TempPath= "C:\Users\Tejas\AppData\Roaming\IDM\"
2012-11-09 20:19:14 --> Window Created: IDM Backup Manager0.9.3(Beta) With Error Code: 0

============================= New Session Started at 2012-11-09 20:19:34 --> =============================

============================= System Information =============================
Module Name and Version: IDM Backup Manager0.9.3(Beta)
Module Path: C:\Users\Tejas\desktop\project\IDM\IDM BUILD_4\IDM Backup Manager.au3
OS Type: WIN32_NT
OS Version: WIN_7
Service Package: Service Pack 1
Total Memory: 1302072
Available Memory: 794844

============================= Variable Assignment =============================
2012-11-09 20:19:34 --> $AppDataIDMFolder = "C:\Users\Tejas\AppData\Roaming\IDM\"  Error Code:0
2012-11-09 20:19:34 --> $TempPath = "C:\Users\Tejas\AppData\Roaming\IDM\"  Error Code:0
2012-11-09 20:19:35 --> Finilized Path $AppDataIDMFolder= "C:\Users\Tejas\AppData\Roaming\IDM\"
2012-11-09 20:19:35 --> Finilized Path $TempPath= "C:\Users\Tejas\AppData\Roaming\IDM\"
2012-11-09 20:19:35 --> $AppDataIDMFolder = "C:\Users\Tejas\AppData\Roaming\IDM\"  Error Code:0
2012-11-09 20:19:35 --> $TempPath = "C:\Users\Tejas\AppData\Roaming\IDM\"  Error Code:0
2012-11-09 20:19:35 --> Finilized Path $AppDataIDMFolder= "C:\Users\Tejas\AppData\Roaming\IDM\"
2012-11-09 20:19:35 --> Finilized Path $TempPath= "C:\Users\Tejas\AppData\Roaming\IDM\"
2012-11-09 20:19:35 --> Window Created: IDM Backup Manager0.9.3(Beta) With Error Code: 0

============================= New Session Started at 2012-11-09 20:20:21 --> =============================

============================= System Information =============================
Module Name and Version: IDM Backup Manager0.9.3(Beta)
Module Path: C:\Users\Tejas\desktop\project\IDM\IDM BUILD_4\IDM Backup Manager.au3
OS Type: WIN32_NT
OS Version: WIN_7
Service Package: Service Pack 1
Total Memory: 1302072
Available Memory: 795152

============================= Variable Assignment =============================
2012-11-09 20:20:21 --> $AppDataIDMFolder = "C:\Users\Tejas\AppData\Roaming\IDM\"  Error Code:0
2012-11-09 20:20:21 --> $TempPath = "C:\Users\Tejas\AppData\Roaming\IDM\"  Error Code:0
2012-11-09 20:20:21 --> Finilized Path $AppDataIDMFolder= "C:\Users\Tejas\AppData\Roaming\IDM\"
2012-11-09 20:20:21 --> Finilized Path $TempPath= "C:\Users\Tejas\AppData\Roaming\IDM\"
2012-11-09 20:20:21 --> $AppDataIDMFolder = "C:\Users\Tejas\AppData\Roaming\IDM\"  Error Code:0
2012-11-09 20:20:21 --> $TempPath = "C:\Users\Tejas\AppData\Roaming\IDM\"  Error Code:0
2012-11-09 20:20:21 --> Finilized Path $AppDataIDMFolder= "C:\Users\Tejas\AppData\Roaming\IDM\"
2012-11-09 20:20:21 --> Finilized Path $TempPath= "C:\Users\Tejas\AppData\Roaming\IDM\"
2012-11-09 20:20:21 --> Window Created: IDM Backup Manager0.9.3(Beta) With Error Code: 0

============================= New Session Started at 2012-11-09 20:21:00 --> =============================

============================= System Information =============================
Module Name and Version: IDM Backup Manager0.9.3(Beta)
Module Path: C:\Users\Tejas\desktop\project\IDM\IDM BUILD_4\IDM Backup Manager.au3
OS Type: WIN32_NT
OS Version: WIN_7
Service Package: Service Pack 1
Total Memory: 1302072
Available Memory: 796956

============================= Variable Assignment =============================
2012-11-09 20:21:00 --> $AppDataIDMFolder = "C:\Users\Tejas\AppData\Roaming\IDM\"  Error Code:0
2012-11-09 20:21:00 --> $TempPath = "C:\Users\Tejas\AppData\Roaming\IDM\"  Error Code:0
2012-11-09 20:21:00 --> Finilized Path $AppDataIDMFolder= "C:\Users\Tejas\AppData\Roaming\IDM\"
2012-11-09 20:21:00 --> Finilized Path $TempPath= "C:\Users\Tejas\AppData\Roaming\IDM\"
2012-11-09 20:21:00 --> $AppDataIDMFolder = "C:\Users\Tejas\AppData\Roaming\IDM\"  Error Code:0
2012-11-09 20:21:00 --> $TempPath = "C:\Users\Tejas\AppData\Roaming\IDM\"  Error Code:0
2012-11-09 20:21:00 --> Finilized Path $AppDataIDMFolder= "C:\Users\Tejas\AppData\Roaming\IDM\"
2012-11-09 20:21:00 --> Finilized Path $TempPath= "C:\Users\Tejas\AppData\Roaming\IDM\"
2012-11-09 20:21:01 --> Window Created: IDM Backup Manager0.9.3(Beta) With Error Code: 0

============================= New Session Started at 2012-11-09 20:22:52 --> =============================

============================= System Information =============================
Module Name and Version: IDM Backup Manager0.9.3(Beta)
Module Path: C:\Users\Tejas\desktop\project\IDM\IDM BUILD_4\IDM Backup Manager.au3
OS Type: WIN32_NT
OS Version: WIN_7
Service Package: Service Pack 1
Total Memory: 1302072
Available Memory: 790860

============================= Variable Assignment =============================
2012-11-09 20:22:52 --> $AppDataIDMFolder = "C:\Users\Tejas\AppData\Roaming\IDM\"  Error Code:0
2012-11-09 20:22:52 --> $TempPath = "C:\Users\Tejas\AppData\Roaming\IDM\"  Error Code:0
2012-11-09 20:22:52 --> Finilized Path $AppDataIDMFolder= "C:\Users\Tejas\AppData\Roaming\IDM\"
2012-11-09 20:22:52 --> Finilized Path $TempPath= "C:\Users\Tejas\AppData\Roaming\IDM\"
2012-11-09 20:22:52 --> $AppDataIDMFolder = "C:\Users\Tejas\AppData\Roaming\IDM\"  Error Code:0
2012-11-09 20:22:52 --> $TempPath = "C:\Users\Tejas\AppData\Roaming\IDM\"  Error Code:0
2012-11-09 20:22:52 --> Finilized Path $AppDataIDMFolder= "C:\Users\Tejas\AppData\Roaming\IDM\"
2012-11-09 20:22:52 --> Finilized Path $TempPath= "C:\Users\Tejas\AppData\Roaming\IDM\"
2012-11-09 20:22:53 --> Window Created: IDM Backup Manager0.9.3(Beta) With Error Code: 0

============================= New Session Started at 2012-11-09 20:24:48 --> =============================

============================= System Information =============================
Module Name and Version: IDM Backup Manager0.9.3(Beta)
Module Path: C:\Users\Tejas\desktop\project\IDM\IDM BUILD_4\IDM Backup Manager.au3
OS Type: WIN32_NT
OS Version: WIN_7
Service Package: Service Pack 1
Total Memory: 1302072
Available Memory: 794028

============================= Variable Assignment =============================
2012-11-09 20:24:48 --> $AppDataIDMFolder = "C:\Users\Tejas\AppData\Roaming\IDM\"  Error Code:0
2012-11-09 20:24:48 --> $TempPath = "C:\Users\Tejas\AppData\Roaming\IDM\"  Error Code:0
2012-11-09 20:24:48 --> Finilized Path $AppDataIDMFolder= "C:\Users\Tejas\AppData\Roaming\IDM\"
2012-11-09 20:24:48 --> Finilized Path $TempPath= "C:\Users\Tejas\AppData\Roaming\IDM\"
2012-11-09 20:24:48 --> $AppDataIDMFolder = "C:\Users\Tejas\AppData\Roaming\IDM\"  Error Code:0
2012-11-09 20:24:48 --> $TempPath = "C:\Users\Tejas\AppData\Roaming\IDM\"  Error Code:0
2012-11-09 20:24:48 --> Finilized Path $AppDataIDMFolder= "C:\Users\Tejas\AppData\Roaming\IDM\"
2012-11-09 20:24:48 --> Finilized Path $TempPath= "C:\Users\Tejas\AppData\Roaming\IDM\"
2012-11-09 20:24:49 --> Window Created: IDM Backup Manager0.9.3(Beta) With Error Code: 0

============================= New Session Started at 2012-11-09 20:26:51 --> =============================

============================= System Information =============================
Module Name and Version: IDM Backup Manager0.9.3(Beta)
Module Path: C:\Users\Tejas\desktop\project\IDM\IDM BUILD_4\IDM Backup Manager.au3
OS Type: WIN32_NT
OS Version: WIN_7
Service Package: Service Pack 1
Total Memory: 1302072
Available Memory: 799060

============================= Variable Assignment =============================
2012-11-09 20:26:51 --> $AppDataIDMFolder = "C:\Users\Tejas\AppData\Roaming\IDM\"  Error Code:0
2012-11-09 20:26:51 --> $TempPath = "C:\Users\Tejas\AppData\Roaming\IDM\"  Error Code:0
2012-11-09 20:26:51 --> Finilized Path $AppDataIDMFolder= "C:\Users\Tejas\AppData\Roaming\IDM\"
2012-11-09 20:26:51 --> Finilized Path $TempPath= "C:\Users\Tejas\AppData\Roaming\IDM\"
2012-11-09 20:26:51 --> $AppDataIDMFolder = "C:\Users\Tejas\AppData\Roaming\IDM\"  Error Code:0
2012-11-09 20:26:51 --> $TempPath = "C:\Users\Tejas\AppData\Roaming\IDM\"  Error Code:0
2012-11-09 20:26:51 --> Finilized Path $AppDataIDMFolder= "C:\Users\Tejas\AppData\Roaming\IDM\"
2012-11-09 20:26:51 --> Finilized Path $TempPath= "C:\Users\Tejas\AppData\Roaming\IDM\"
2012-11-09 20:26:52 --> Window Created: IDM Backup Manager0.9.3(Beta) With Error Code: 0

============================= New Session Started at 2012-11-09 20:27:13 --> =============================

============================= System Information =============================
Module Name and Version: IDM Backup Manager0.9.3(Beta)
Module Path: C:\Users\Tejas\desktop\project\IDM\IDM BUILD_4\IDM Backup Manager.au3
OS Type: WIN32_NT
OS Version: WIN_7
Service Package: Service Pack 1
Total Memory: 1302072
Available Memory: 808056

============================= Variable Assignment =============================
2012-11-09 20:27:13 --> $AppDataIDMFolder = "C:\Users\Tejas\AppData\Roaming\IDM\"  Error Code:0
2012-11-09 20:27:13 --> $TempPath = "C:\Users\Tejas\AppData\Roaming\IDM\"  Error Code:0
2012-11-09 20:27:13 --> Finilized Path $AppDataIDMFolder= "C:\Users\Tejas\AppData\Roaming\IDM\"
2012-11-09 20:27:13 --> Finilized Path $TempPath= "C:\Users\Tejas\AppData\Roaming\IDM\"
2012-11-09 20:27:13 --> $AppDataIDMFolder = "C:\Users\Tejas\AppData\Roaming\IDM\"  Error Code:0
2012-11-09 20:27:13 --> $TempPath = "C:\Users\Tejas\AppData\Roaming\IDM\"  Error Code:0
2012-11-09 20:27:13 --> Finilized Path $AppDataIDMFolder= "C:\Users\Tejas\AppData\Roaming\IDM\"
2012-11-09 20:27:13 --> Finilized Path $TempPath= "C:\Users\Tejas\AppData\Roaming\IDM\"
2012-11-09 20:27:13 --> Window Created: IDM Backup Manager0.9.3(Beta) With Error Code: 0

============================= New Session Started at 2012-11-09 20:27:47 --> =============================

============================= System Information =============================
Module Name and Version: IDM Backup Manager0.9.3(Beta)
Module Path: C:\Users\Tejas\desktop\project\IDM\IDM BUILD_4\IDM Backup Manager.au3
OS Type: WIN32_NT
OS Version: WIN_7
Service Package: Service Pack 1
Total Memory: 1302072
Available Memory: 813432

============================= Variable Assignment =============================
2012-11-09 20:27:47 --> $AppDataIDMFolder = "C:\Users\Tejas\AppData\Roaming\IDM\"  Error Code:0
2012-11-09 20:27:47 --> $TempPath = "C:\Users\Tejas\AppData\Roaming\IDM\"  Error Code:0
2012-11-09 20:27:47 --> Finilized Path $AppDataIDMFolder= "C:\Users\Tejas\AppData\Roaming\IDM\"
2012-11-09 20:27:47 --> Finilized Path $TempPath= "C:\Users\Tejas\AppData\Roaming\IDM\"
2012-11-09 20:27:47 --> $AppDataIDMFolder = "C:\Users\Tejas\AppData\Roaming\IDM\"  Error Code:0
2012-11-09 20:27:47 --> $TempPath = "C:\Users\Tejas\AppData\Roaming\IDM\"  Error Code:0
2012-11-09 20:27:47 --> Finilized Path $AppDataIDMFolder= "C:\Users\Tejas\AppData\Roaming\IDM\"
2012-11-09 20:27:47 --> Finilized Path $TempPath= "C:\Users\Tejas\AppData\Roaming\IDM\"
2012-11-09 20:27:48 --> Window Created: IDM Backup Manager0.9.3(Beta) With Error Code: 0

============================= New Session Started at 2012-11-09 20:28:18 --> =============================

============================= System Information =============================
Module Name and Version: IDM Backup Manager0.9.3(Beta)
Module Path: C:\Users\Tejas\desktop\project\IDM\IDM BUILD_4\IDM Backup Manager.au3
OS Type: WIN32_NT
OS Version: WIN_7
Service Package: Service Pack 1
Total Memory: 1302072
Available Memory: 818220

============================= Variable Assignment =============================
2012-11-09 20:28:18 --> $AppDataIDMFolder = "C:\Users\Tejas\AppData\Roaming\IDM\"  Error Code:0
2012-11-09 20:28:18 --> $TempPath = "C:\Users\Tejas\AppData\Roaming\IDM\"  Error Code:0
2012-11-09 20:28:18 --> Finilized Path $AppDataIDMFolder= "C:\Users\Tejas\AppData\Roaming\IDM\"
2012-11-09 20:28:18 --> Finilized Path $TempPath= "C:\Users\Tejas\AppData\Roaming\IDM\"
2012-11-09 20:28:18 --> $AppDataIDMFolder = "C:\Users\Tejas\AppData\Roaming\IDM\"  Error Code:0
2012-11-09 20:28:18 --> $TempPath = "C:\Users\Tejas\AppData\Roaming\IDM\"  Error Code:0
2012-11-09 20:28:18 --> Finilized Path $AppDataIDMFolder= "C:\Users\Tejas\AppData\Roaming\IDM\"
2012-11-09 20:28:18 --> Finilized Path $TempPath= "C:\Users\Tejas\AppData\Roaming\IDM\"
2012-11-09 20:28:19 --> Window Created: IDM Backup Manager0.9.3(Beta) With Error Code: 0

============================= New Session Started at 2012-11-09 20:28:31 --> =============================

============================= System Information =============================
Module Name and Version: IDM Backup Manager0.9.3(Beta)
Module Path: C:\Users\Tejas\desktop\project\IDM\IDM BUILD_4\IDM Backup Manager.au3
OS Type: WIN32_NT
OS Version: WIN_7
Service Package: Service Pack 1
Total Memory: 1302072
Available Memory: 822544

============================= Variable Assignment =============================
2012-11-09 20:28:31 --> $AppDataIDMFolder = "C:\Users\Tejas\AppData\Roaming\IDM\"  Error Code:0
2012-11-09 20:28:31 --> $TempPath = "C:\Users\Tejas\AppData\Roaming\IDM\"  Error Code:0
2012-11-09 20:28:31 --> Finilized Path $AppDataIDMFolder= "C:\Users\Tejas\AppData\Roaming\IDM\"
2012-11-09 20:28:31 --> Finilized Path $TempPath= "C:\Users\Tejas\AppData\Roaming\IDM\"
2012-11-09 20:28:31 --> $AppDataIDMFolder = "C:\Users\Tejas\AppData\Roaming\IDM\"  Error Code:0
2012-11-09 20:28:31 --> $TempPath = "C:\Users\Tejas\AppData\Roaming\IDM\"  Error Code:0
2012-11-09 20:28:31 --> Finilized Path $AppDataIDMFolder= "C:\Users\Tejas\AppData\Roaming\IDM\"
2012-11-09 20:28:31 --> Finilized Path $TempPath= "C:\Users\Tejas\AppData\Roaming\IDM\"
2012-11-09 20:28:32 --> Window Created: IDM Backup Manager0.9.3(Beta) With Error Code: 0

============================= New Session Started at 2012-11-09 20:29:27 --> =============================

============================= System Information =============================
Module Name and Version: IDM Backup Manager0.9.3(Beta)
Module Path: C:\Users\Tejas\desktop\project\IDM\IDM BUILD_4\IDM Backup Manager.au3
OS Type: WIN32_NT
OS Version: WIN_7
Service Package: Service Pack 1
Total Memory: 1302072
Available Memory: 822364

============================= Variable Assignment =============================
2012-11-09 20:29:27 --> $AppDataIDMFolder = "C:\Users\Tejas\AppData\Roaming\IDM\"  Error Code:0
2012-11-09 20:29:27 --> $TempPath = "C:\Users\Tejas\AppData\Roaming\IDM\"  Error Code:0
2012-11-09 20:29:27 --> Finilized Path $AppDataIDMFolder= "C:\Users\Tejas\AppData\Roaming\IDM\"
2012-11-09 20:29:27 --> Finilized Path $TempPath= "C:\Users\Tejas\AppData\Roaming\IDM\"
2012-11-09 20:29:27 --> $AppDataIDMFolder = "C:\Users\Tejas\AppData\Roaming\IDM\"  Error Code:0
2012-11-09 20:29:27 --> $TempPath = "C:\Users\Tejas\AppData\Roaming\IDM\"  Error Code:0
2012-11-09 20:29:27 --> Finilized Path $AppDataIDMFolder= "C:\Users\Tejas\AppData\Roaming\IDM\"
2012-11-09 20:29:27 --> Finilized Path $TempPath= "C:\Users\Tejas\AppData\Roaming\IDM\"
2012-11-09 20:29:27 --> Window Created: IDM Backup Manager0.9.3(Beta) With Error Code: 0

============================= New Session Started at 2012-11-09 20:33:30 --> =============================

============================= System Information =============================
Module Name and Version: IDM Backup Manager0.9.3(Beta)
Module Path: C:\Users\Tejas\desktop\project\IDM\IDM BUILD_4\IDM Backup Manager.au3
OS Type: WIN32_NT
OS Version: WIN_7
Service Package: Service Pack 1
Total Memory: 1302072
Available Memory: 816336

============================= Variable Assignment =============================
2012-11-09 20:33:30 --> $AppDataIDMFolder = "C:\Users\Tejas\AppData\Roaming\IDM\"  Error Code:0
2012-11-09 20:33:30 --> $TempPath = "C:\Users\Tejas\AppData\Roaming\IDM\"  Error Code:0
2012-11-09 20:33:30 --> Finilized Path $AppDataIDMFolder= "C:\Users\Tejas\AppData\Roaming\IDM\"
2012-11-09 20:33:30 --> Finilized Path $TempPath= "C:\Users\Tejas\AppData\Roaming\IDM\"
2012-11-09 20:33:30 --> $AppDataIDMFolder = "C:\Users\Tejas\AppData\Roaming\IDM\"  Error Code:0
2012-11-09 20:33:30 --> $TempPath = "C:\Users\Tejas\AppData\Roaming\IDM\"  Error Code:0
2012-11-09 20:33:30 --> Finilized Path $AppDataIDMFolder= "C:\Users\Tejas\AppData\Roaming\IDM\"
2012-11-09 20:33:30 --> Finilized Path $TempPath= "C:\Users\Tejas\AppData\Roaming\IDM\"
2012-11-09 20:33:30 --> Window Created: IDM Backup Manager0.9.3(Beta) With Error Code: 0

============================= New Session Started at 2012-11-09 20:34:22 --> =============================

============================= System Information =============================
Module Name and Version: IDM Backup Manager0.9.3(Beta)
Module Path: C:\Users\Tejas\desktop\project\IDM\IDM BUILD_4\IDM Backup Manager.au3
OS Type: WIN32_NT
OS Version: WIN_7
Service Package: Service Pack 1
Total Memory: 1302072
Available Memory: 817216

============================= Variable Assignment =============================
2012-11-09 20:34:22 --> $AppDataIDMFolder = "C:\Users\Tejas\AppData\Roaming\IDM\"  Error Code:0
2012-11-09 20:34:22 --> $TempPath = "C:\Users\Tejas\AppData\Roaming\IDM\"  Error Code:0
2012-11-09 20:34:22 --> Finilized Path $AppDataIDMFolder= "C:\Users\Tejas\AppData\Roaming\IDM\"
2012-11-09 20:34:22 --> Finilized Path $TempPath= "C:\Users\Tejas\AppData\Roaming\IDM\"
2012-11-09 20:34:22 --> $AppDataIDMFolder = "C:\Users\Tejas\AppData\Roaming\IDM\"  Error Code:0
2012-11-09 20:34:22 --> $TempPath = "C:\Users\Tejas\AppData\Roaming\IDM\"  Error Code:0
2012-11-09 20:34:22 --> Finilized Path $AppDataIDMFolder= "C:\Users\Tejas\AppData\Roaming\IDM\"
2012-11-09 20:34:22 --> Finilized Path $TempPath= "C:\Users\Tejas\AppData\Roaming\IDM\"
2012-11-09 20:34:22 --> Window Created: IDM Backup Manager0.9.3(Beta) With Error Code: 0

============================= New Session Started at 2012-11-09 20:37:03 --> =============================

============================= System Information =============================
Module Name and Version: IDM Backup Manager0.9.3(Beta)
Module Path: C:\Users\Tejas\desktop\project\IDM\IDM BUILD_4\IDM Backup Manager.au3
OS Type: WIN32_NT
OS Version: WIN_7
Service Package: Service Pack 1
Total Memory: 1302072
Available Memory: 814120

============================= Variable Assignment =============================
2012-11-09 20:37:03 --> $AppDataIDMFolder = "C:\Users\Tejas\AppData\Roaming\IDM\"  Error Code:0
2012-11-09 20:37:03 --> $TempPath = "C:\Users\Tejas\AppData\Roaming\IDM\"  Error Code:0
2012-11-09 20:37:03 --> Finilized Path $AppDataIDMFolder= "C:\Users\Tejas\AppData\Roaming\IDM\"
2012-11-09 20:37:03 --> Finilized Path $TempPath= "C:\Users\Tejas\AppData\Roaming\IDM\"
2012-11-09 20:37:03 --> $AppDataIDMFolder = "C:\Users\Tejas\AppData\Roaming\IDM\"  Error Code:0
2012-11-09 20:37:03 --> $TempPath = "C:\Users\Tejas\AppData\Roaming\IDM\"  Error Code:0
2012-11-09 20:37:03 --> Finilized Path $AppDataIDMFolder= "C:\Users\Tejas\AppData\Roaming\IDM\"
2012-11-09 20:37:03 --> Finilized Path $TempPath= "C:\Users\Tejas\AppData\Roaming\IDM\"
2012-11-09 20:37:03 --> Window Created: IDM Backup Manager0.9.3(Beta) With Error Code: 0

============================= New Session Started at 2012-11-09 20:39:30 --> =============================

============================= System Information =============================
Module Name and Version: IDM Backup Manager0.9.3(Beta)
Module Path: C:\Users\Tejas\desktop\project\IDM\IDM BUILD_4\IDM Backup Manager.au3
OS Type: WIN32_NT
OS Version: WIN_7
Service Package: Service Pack 1
Total Memory: 1302072
Available Memory: 814244

============================= Variable Assignment =============================
2012-11-09 20:39:30 --> $AppDataIDMFolder = "C:\Users\Tejas\AppData\Roaming\IDM\"  Error Code:0
2012-11-09 20:39:30 --> $TempPath = "C:\Users\Tejas\AppData\Roaming\IDM\"  Error Code:0
2012-11-09 20:39:30 --> Finilized Path $AppDataIDMFolder= "C:\Users\Tejas\AppData\Roaming\IDM\"
2012-11-09 20:39:30 --> Finilized Path $TempPath= "C:\Users\Tejas\AppData\Roaming\IDM\"
2012-11-09 20:39:30 --> $AppDataIDMFolder = "C:\Users\Tejas\AppData\Roaming\IDM\"  Error Code:0
2012-11-09 20:39:30 --> $TempPath = "C:\Users\Tejas\AppData\Roaming\IDM\"  Error Code:0
2012-11-09 20:39:30 --> Finilized Path $AppDataIDMFolder= "C:\Users\Tejas\AppData\Roaming\IDM\"
2012-11-09 20:39:30 --> Finilized Path $TempPath= "C:\Users\Tejas\AppData\Roaming\IDM\"
2012-11-09 20:39:31 --> Window Created: IDM Backup Manager0.9.3(Beta) With Error Code: 0

============================= New Session Started at 2012-11-09 20:39:41 --> =============================

============================= System Information =============================
Module Name and Version: IDM Backup Manager0.9.3(Beta)
Module Path: C:\Users\Tejas\desktop\project\IDM\IDM BUILD_4\IDM Backup Manager.au3
OS Type: WIN32_NT
OS Version: WIN_7
Service Package: Service Pack 1
Total Memory: 1302072
Available Memory: 805380

============================= Variable Assignment =============================
2012-11-09 20:39:41 --> $AppDataIDMFolder = "C:\Users\Tejas\AppData\Roaming\IDM\"  Error Code:0
2012-11-09 20:39:41 --> $TempPath = "C:\Users\Tejas\AppData\Roaming\IDM\"  Error Code:0
2012-11-09 20:39:41 --> Finilized Path $AppDataIDMFolder= "C:\Users\Tejas\AppData\Roaming\IDM\"
2012-11-09 20:39:41 --> Finilized Path $TempPath= "C:\Users\Tejas\AppData\Roaming\IDM\"
2012-11-09 20:39:41 --> $AppDataIDMFolder = "C:\Users\Tejas\AppData\Roaming\IDM\"  Error Code:0
2012-11-09 20:39:42 --> $TempPath = "C:\Users\Tejas\AppData\Roaming\IDM\"  Error Code:0
2012-11-09 20:39:42 --> Finilized Path $AppDataIDMFolder= "C:\Users\Tejas\AppData\Roaming\IDM\"
2012-11-09 20:39:42 --> Finilized Path $TempPath= "C:\Users\Tejas\AppData\Roaming\IDM\"
2012-11-09 20:39:42 --> Window Created: IDM Backup Manager0.9.3(Beta) With Error Code: 0

============================= New Session Started at 2012-11-09 20:43:41 --> =============================

============================= System Information =============================
Module Name and Version: IDM Backup Manager0.9.3(Beta)
Module Path: C:\Users\Tejas\desktop\project\IDM\IDM BUILD_4\IDM Backup Manager.au3
OS Type: WIN32_NT
OS Version: WIN_7
Service Package: Service Pack 1
Total Memory: 1302072
Available Memory: 568244

============================= Variable Assignment =============================
2012-11-09 20:43:41 --> $AppDataIDMFolder = "C:\Users\Tejas\AppData\Roaming\IDM\"  Error Code:0
2012-11-09 20:43:41 --> $TempPath = "C:\Users\Tejas\AppData\Roaming\IDM\"  Error Code:0
2012-11-09 20:43:41 --> Finilized Path $AppDataIDMFolder= "C:\Users\Tejas\AppData\Roaming\IDM\"
2012-11-09 20:43:41 --> Finilized Path $TempPath= "C:\Users\Tejas\AppData\Roaming\IDM\"
2012-11-09 20:43:41 --> $AppDataIDMFolder = "C:\Users\Tejas\AppData\Roaming\IDM\"  Error Code:0
2012-11-09 20:43:41 --> $TempPath = "C:\Users\Tejas\AppData\Roaming\IDM\"  Error Code:0
2012-11-09 20:43:41 --> Finilized Path $AppDataIDMFolder= "C:\Users\Tejas\AppData\Roaming\IDM\"
2012-11-09 20:43:41 --> Finilized Path $TempPath= "C:\Users\Tejas\AppData\Roaming\IDM\"
2012-11-09 20:43:41 --> Window Created: IDM Backup Manager0.9.3(Beta) With Error Code: 0

============================= New Session Started at 2012-11-09 20:44:28 --> =============================

============================= System Information =============================
Module Name and Version: IDM Backup Manager0.9.3(Beta)
Module Path: C:\Users\Tejas\desktop\project\IDM\IDM BUILD_4\IDM Backup Manager.au3
OS Type: WIN32_NT
OS Version: WIN_7
Service Package: Service Pack 1
Total Memory: 1302072
Available Memory: 577408

============================= Variable Assignment =============================
2012-11-09 20:44:28 --> $AppDataIDMFolder = "C:\Users\Tejas\AppData\Roaming\IDM\"  Error Code:0
2012-11-09 20:44:28 --> $TempPath = "C:\Users\Tejas\AppData\Roaming\IDM\"  Error Code:0
2012-11-09 20:44:28 --> Finilized Path $AppDataIDMFolder= "C:\Users\Tejas\AppData\Roaming\IDM\"
2012-11-09 20:44:28 --> Finilized Path $TempPath= "C:\Users\Tejas\AppData\Roaming\IDM\"
2012-11-09 20:44:28 --> $AppDataIDMFolder = "C:\Users\Tejas\AppData\Roaming\IDM\"  Error Code:0
2012-11-09 20:44:28 --> $TempPath = "C:\Users\Tejas\AppData\Roaming\IDM\"  Error Code:0
2012-11-09 20:44:28 --> Finilized Path $AppDataIDMFolder= "C:\Users\Tejas\AppData\Roaming\IDM\"
2012-11-09 20:44:28 --> Finilized Path $TempPath= "C:\Users\Tejas\AppData\Roaming\IDM\"
2012-11-09 20:44:28 --> Window Created: IDM Backup Manager0.9.3(Beta) With Error Code: 0

============================= New Session Started at 2012-11-09 20:48:13 --> =============================

============================= System Information =============================
Module Name and Version: IDM Backup Manager0.9.3(Beta)
Module Path: C:\Users\Tejas\desktop\project\IDM\IDM BUILD_4\IDM Backup Manager.au3
OS Type: WIN32_NT
OS Version: WIN_7
Service Package: Service Pack 1
Total Memory: 1302072
Available Memory: 603108

============================= Variable Assignment =============================
2012-11-09 20:48:13 --> $AppDataIDMFolder = "C:\Users\Tejas\AppData\Roaming\IDM\"  Error Code:0
2012-11-09 20:48:13 --> $TempPath = "C:\Users\Tejas\AppData\Roaming\IDM\"  Error Code:0
2012-11-09 20:48:13 --> Finilized Path $AppDataIDMFolder= "C:\Users\Tejas\AppData\Roaming\IDM\"
2012-11-09 20:48:13 --> Finilized Path $TempPath= "C:\Users\Tejas\AppData\Roaming\IDM\"
2012-11-09 20:48:13 --> $AppDataIDMFolder = "C:\Users\Tejas\AppData\Roaming\IDM\"  Error Code:0
2012-11-09 20:48:13 --> $TempPath = "C:\Users\Tejas\AppData\Roaming\IDM\"  Error Code:0
2012-11-09 20:48:13 --> Finilized Path $AppDataIDMFolder= "C:\Users\Tejas\AppData\Roaming\IDM\"
2012-11-09 20:48:13 --> Finilized Path $TempPath= "C:\Users\Tejas\AppData\Roaming\IDM\"
2012-11-09 20:48:13 --> Window Created: IDM Backup Manager0.9.3(Beta) With Error Code: 0

============================= New Session Started at 2012-11-09 20:53:12 --> =============================

============================= System Information =============================
Module Name and Version: IDM Backup Manager0.9.3(Beta)
Module Path: C:\Users\Tejas\desktop\project\IDM\IDM BUILD_4\IDM Backup Manager.au3
OS Type: WIN32_NT
OS Version: WIN_7
Service Package: Service Pack 1
Total Memory: 1302072
Available Memory: 553452

============================= Variable Assignment =============================
2012-11-09 20:53:12 --> $AppDataIDMFolder = "C:\Users\Tejas\AppData\Roaming\IDM\"  Error Code:0
2012-11-09 20:53:12 --> $TempPath = "C:\Users\Tejas\AppData\Roaming\IDM\"  Error Code:0
2012-11-09 20:53:12 --> Finilized Path $AppDataIDMFolder= "C:\Users\Tejas\AppData\Roaming\IDM\"
2012-11-09 20:53:12 --> Finilized Path $TempPath= "C:\Users\Tejas\AppData\Roaming\IDM\"
2012-11-09 20:53:12 --> $AppDataIDMFolder = "C:\Users\Tejas\AppData\Roaming\IDM\"  Error Code:0
2012-11-09 20:53:12 --> $TempPath = "C:\Users\Tejas\AppData\Roaming\IDM\"  Error Code:0
2012-11-09 20:53:12 --> Finilized Path $AppDataIDMFolder= "C:\Users\Tejas\AppData\Roaming\IDM\"
2012-11-09 20:53:12 --> Finilized Path $TempPath= "C:\Users\Tejas\AppData\Roaming\IDM\"
2012-11-09 20:53:12 --> Window Created: IDM Backup Manager0.9.3(Beta) With Error Code: 0

============================= New Session Started at 2012-11-09 21:01:22 --> =============================

============================= System Information =============================
Module Name and Version: IDM Backup Manager0.9.3(Beta)
Module Path: C:\Users\Tejas\desktop\project\IDM\IDM BUILD_4\IDM Backup Manager.au3
OS Type: WIN32_NT
OS Version: WIN_7
Service Package: Service Pack 1
Total Memory: 1302072
Available Memory: 561416

============================= Variable Assignment =============================
2012-11-09 21:01:22 --> $AppDataIDMFolder = "C:\Users\Tejas\AppData\Roaming\IDM\"  Error Code:0
2012-11-09 21:01:22 --> $TempPath = "C:\Users\Tejas\AppData\Roaming\IDM\"  Error Code:0
2012-11-09 21:01:22 --> Finilized Path $AppDataIDMFolder= "C:\Users\Tejas\AppData\Roaming\IDM\"
2012-11-09 21:01:22 --> Finilized Path $TempPath= "C:\Users\Tejas\AppData\Roaming\IDM\"
2012-11-09 21:01:22 --> $AppDataIDMFolder = "C:\Users\Tejas\AppData\Roaming\IDM\"  Error Code:0
2012-11-09 21:01:22 --> $TempPath = "C:\Users\Tejas\AppData\Roaming\IDM\"  Error Code:0
2012-11-09 21:01:22 --> Finilized Path $AppDataIDMFolder= "C:\Users\Tejas\AppData\Roaming\IDM\"
2012-11-09 21:01:22 --> Finilized Path $TempPath= "C:\Users\Tejas\AppData\Roaming\IDM\"
2012-11-09 21:01:22 --> Window Created: IDM Backup Manager0.9.3(Beta) With Error Code: 0

============================= New Session Started at 2012-11-09 21:40:57 --> =============================

============================= System Information =============================
Module Name and Version: IDM Backup Manager0.9.3(Beta)
Module Path: C:\Users\Tejas\desktop\project\IDM\IDM BUILD_4\IDM Backup Manager.au3
OS Type: WIN32_NT
OS Version: WIN_7
Service Package: Service Pack 1
Total Memory: 1302072
Available Memory: 555564

============================= Variable Assignment =============================
2012-11-09 21:40:57 --> $AppDataIDMFolder = "C:\Users\Tejas\AppData\Roaming\IDM\"  Error Code:0
2012-11-09 21:40:57 --> $TempPath = "C:\Users\Tejas\AppData\Roaming\IDM\"  Error Code:0
2012-11-09 21:40:57 --> Finilized Path $AppDataIDMFolder= "C:\Users\Tejas\AppData\Roaming\IDM\"
2012-11-09 21:40:57 --> Finilized Path $TempPath= "C:\Users\Tejas\AppData\Roaming\IDM\"
2012-11-09 21:40:57 --> $AppDataIDMFolder = "C:\Users\Tejas\AppData\Roaming\IDM\"  Error Code:0
2012-11-09 21:40:57 --> $TempPath = "C:\Users\Tejas\AppData\Roaming\IDM\"  Error Code:0
2012-11-09 21:40:57 --> Finilized Path $AppDataIDMFolder= "C:\Users\Tejas\AppData\Roaming\IDM\"
2012-11-09 21:40:57 --> Finilized Path $TempPath= "C:\Users\Tejas\AppData\Roaming\IDM\"
2012-11-09 21:40:57 --> Window Created: IDM Backup Manager0.9.3(Beta) With Error Code: 0

============================= New Session Started at 2012-11-09 21:41:34 --> =============================

============================= System Information =============================
Module Name and Version: IDM Backup Manager0.9.3(Beta)
Module Path: C:\Users\Tejas\desktop\project\IDM\IDM BUILD_4\IDM Backup Manager.au3
OS Type: WIN32_NT
OS Version: WIN_7
Service Package: Service Pack 1
Total Memory: 1302072
Available Memory: 558344

============================= Variable Assignment =============================
2012-11-09 21:41:34 --> $AppDataIDMFolder = "C:\Users\Tejas\AppData\Roaming\IDM\"  Error Code:0
2012-11-09 21:41:34 --> $TempPath = "C:\Users\Tejas\AppData\Roaming\IDM\"  Error Code:0
2012-11-09 21:41:34 --> Finilized Path $AppDataIDMFolder= "C:\Users\Tejas\AppData\Roaming\IDM\"
2012-11-09 21:41:34 --> Finilized Path $TempPath= "C:\Users\Tejas\AppData\Roaming\IDM\"
2012-11-09 21:41:34 --> $AppDataIDMFolder = "C:\Users\Tejas\AppData\Roaming\IDM\"  Error Code:0
2012-11-09 21:41:34 --> $TempPath = "C:\Users\Tejas\AppData\Roaming\IDM\"  Error Code:0
2012-11-09 21:41:34 --> Finilized Path $AppDataIDMFolder= "C:\Users\Tejas\AppData\Roaming\IDM\"
2012-11-09 21:41:34 --> Finilized Path $TempPath= "C:\Users\Tejas\AppData\Roaming\IDM\"
2012-11-09 21:41:34 --> Window Created: IDM Backup Manager0.9.3(Beta) With Error Code: 0

============================= New Session Started at 2012-11-09 21:42:35 --> =============================

============================= System Information =============================
Module Name and Version: IDM Backup Manager0.9.3(Beta)
Module Path: C:\Users\Tejas\desktop\project\IDM\IDM BUILD_4\IDM Backup Manager.au3
OS Type: WIN32_NT
OS Version: WIN_7
Service Package: Service Pack 1
Total Memory: 1302072
Available Memory: 564944

============================= Variable Assignment =============================
2012-11-09 21:42:35 --> $AppDataIDMFolder = "C:\Users\Tejas\AppData\Roaming\IDM\"  Error Code:0
2012-11-09 21:42:35 --> $TempPath = "C:\Users\Tejas\AppData\Roaming\IDM\"  Error Code:0
2012-11-09 21:42:35 --> Finilized Path $AppDataIDMFolder= "C:\Users\Tejas\AppData\Roaming\IDM\"
2012-11-09 21:42:35 --> Finilized Path $TempPath= "C:\Users\Tejas\AppData\Roaming\IDM\"
2012-11-09 21:42:35 --> $AppDataIDMFolder = "C:\Users\Tejas\AppData\Roaming\IDM\"  Error Code:0
2012-11-09 21:42:35 --> $TempPath = "C:\Users\Tejas\AppData\Roaming\IDM\"  Error Code:0
2012-11-09 21:42:35 --> Finilized Path $AppDataIDMFolder= "C:\Users\Tejas\AppData\Roaming\IDM\"
2012-11-09 21:42:35 --> Finilized Path $TempPath= "C:\Users\Tejas\AppData\Roaming\IDM\"
2012-11-09 21:42:36 --> Window Created: IDM Backup Manager0.9.3(Beta) With Error Code: 0

============================= New Session Started at 2012-11-09 21:43:05 --> =============================

============================= System Information =============================
Module Name and Version: IDM Backup Manager0.9.3(Beta)
Module Path: C:\Users\Tejas\desktop\project\IDM\IDM BUILD_4\IDM Backup Manager.au3
OS Type: WIN32_NT
OS Version: WIN_7
Service Package: Service Pack 1
Total Memory: 1302072
Available Memory: 573440

============================= Variable Assignment =============================
2012-11-09 21:43:05 --> $AppDataIDMFolder = "C:\Users\Tejas\AppData\Roaming\IDM\"  Error Code:0
2012-11-09 21:43:05 --> $TempPath = "C:\Users\Tejas\AppData\Roaming\IDM\"  Error Code:0
2012-11-09 21:43:05 --> Finilized Path $AppDataIDMFolder= "C:\Users\Tejas\AppData\Roaming\IDM\"
2012-11-09 21:43:05 --> Finilized Path $TempPath= "C:\Users\Tejas\AppData\Roaming\IDM\"
2012-11-09 21:43:05 --> $AppDataIDMFolder = "C:\Users\Tejas\AppData\Roaming\IDM\"  Error Code:0
2012-11-09 21:43:05 --> $TempPath = "C:\Users\Tejas\AppData\Roaming\IDM\"  Error Code:0
2012-11-09 21:43:05 --> Finilized Path $AppDataIDMFolder= "C:\Users\Tejas\AppData\Roaming\IDM\"
2012-11-09 21:43:05 --> Finilized Path $TempPath= "C:\Users\Tejas\AppData\Roaming\IDM\"
2012-11-09 21:43:05 --> Window Created: IDM Backup Manager0.9.3(Beta) With Error Code: 0

============================= New Session Started at 2012-11-09 21:48:13 --> =============================

============================= System Information =============================
Module Name and Version: IDM Backup Manager0.9.3(Beta)
Module Path: C:\Users\Tejas\desktop\project\IDM\IDM BUILD_4\IDM Backup Manager.au3
OS Type: WIN32_NT
OS Version: WIN_7
Service Package: Service Pack 1
Total Memory: 1302072
Available Memory: 623392

============================= Variable Assignment =============================
2012-11-09 21:48:13 --> $AppDataIDMFolder = "C:\Users\Tejas\AppData\Roaming\IDM\"  Error Code:0
2012-11-09 21:48:13 --> $TempPath = "C:\Users\Tejas\AppData\Roaming\IDM\"  Error Code:0
2012-11-09 21:48:13 --> Finilized Path $AppDataIDMFolder= "C:\Users\Tejas\AppData\Roaming\IDM\"
2012-11-09 21:48:13 --> Finilized Path $TempPath= "C:\Users\Tejas\AppData\Roaming\IDM\"
2012-11-09 21:48:13 --> $AppDataIDMFolder = "C:\Users\Tejas\AppData\Roaming\IDM\"  Error Code:0
2012-11-09 21:48:13 --> $TempPath = "C:\Users\Tejas\AppData\Roaming\IDM\"  Error Code:0
2012-11-09 21:48:13 --> Finilized Path $AppDataIDMFolder= "C:\Users\Tejas\AppData\Roaming\IDM\"
2012-11-09 21:48:13 --> Finilized Path $TempPath= "C:\Users\Tejas\AppData\Roaming\IDM\"
2012-11-09 21:48:14 --> Window Created: IDM Backup Manager0.9.3(Beta) With Error Code: 0

============================= New Session Started at 2012-11-09 21:52:56 --> =============================

============================= System Information =============================
Module Name and Version: IDM Backup Manager0.9.3(Beta)
Module Path: C:\Users\Tejas\desktop\project\IDM\IDM BUILD_4\IDM Backup Manager.au3
OS Type: WIN32_NT
OS Version: WIN_7
Service Package: Service Pack 1
Total Memory: 1302072
Available Memory: 649040

============================= Variable Assignment =============================
2012-11-09 21:52:56 --> $AppDataIDMFolder = "C:\Users\Tejas\AppData\Roaming\IDM\"  Error Code:0
2012-11-09 21:52:56 --> $TempPath = "C:\Users\Tejas\AppData\Roaming\IDM\"  Error Code:0
2012-11-09 21:52:56 --> Finilized Path $AppDataIDMFolder= "C:\Users\Tejas\AppData\Roaming\IDM\"
2012-11-09 21:52:56 --> Finilized Path $TempPath= "C:\Users\Tejas\AppData\Roaming\IDM\"
2012-11-09 21:52:56 --> $AppDataIDMFolder = "C:\Users\Tejas\AppData\Roaming\IDM\"  Error Code:0
2012-11-09 21:52:56 --> $TempPath = "C:\Users\Tejas\AppData\Roaming\IDM\"  Error Code:0
2012-11-09 21:52:56 --> Finilized Path $AppDataIDMFolder= "C:\Users\Tejas\AppData\Roaming\IDM\"
2012-11-09 21:52:56 --> Finilized Path $TempPath= "C:\Users\Tejas\AppData\Roaming\IDM\"
2012-11-09 21:52:56 --> Window Created: IDM Backup Manager0.9.3(Beta) With Error Code: 0

============================= New Session Started at 2012-11-09 21:53:20 --> =============================

============================= System Information =============================
Module Name and Version: IDM Backup Manager0.9.3(Beta)
Module Path: C:\Users\Tejas\desktop\project\IDM\IDM BUILD_4\IDM Backup Manager.au3
OS Type: WIN32_NT
OS Version: WIN_7
Service Package: Service Pack 1
Total Memory: 1302072
Available Memory: 647820

============================= Variable Assignment =============================
2012-11-09 21:53:20 --> $AppDataIDMFolder = "C:\Users\Tejas\AppData\Roaming\IDM\"  Error Code:0
2012-11-09 21:53:20 --> $TempPath = "C:\Users\Tejas\AppData\Roaming\IDM\"  Error Code:0
2012-11-09 21:53:20 --> Finilized Path $AppDataIDMFolder= "C:\Users\Tejas\AppData\Roaming\IDM\"
2012-11-09 21:53:20 --> Finilized Path $TempPath= "C:\Users\Tejas\AppData\Roaming\IDM\"
2012-11-09 21:53:20 --> $AppDataIDMFolder = "C:\Users\Tejas\AppData\Roaming\IDM\"  Error Code:0
2012-11-09 21:53:20 --> $TempPath = "C:\Users\Tejas\AppData\Roaming\IDM\"  Error Code:0
2012-11-09 21:53:20 --> Finilized Path $AppDataIDMFolder= "C:\Users\Tejas\AppData\Roaming\IDM\"
2012-11-09 21:53:20 --> Finilized Path $TempPath= "C:\Users\Tejas\AppData\Roaming\IDM\"
2012-11-09 21:53:20 --> Window Created: IDM Backup Manager0.9.3(Beta) With Error Code: 0

============================= New Session Started at 2012-11-09 21:53:57 --> =============================

============================= System Information =============================
Module Name and Version: IDM Backup Manager0.9.3(Beta)
Module Path: C:\Users\Tejas\desktop\project\IDM\IDM BUILD_4\IDM Backup Manager.au3
OS Type: WIN32_NT
OS Version: WIN_7
Service Package: Service Pack 1
Total Memory: 1302072
Available Memory: 649396

============================= Variable Assignment =============================
2012-11-09 21:53:57 --> $AppDataIDMFolder = "C:\Users\Tejas\AppData\Roaming\IDM\"  Error Code:0
2012-11-09 21:53:57 --> $TempPath = "C:\Users\Tejas\AppData\Roaming\IDM\"  Error Code:0
2012-11-09 21:53:57 --> Finilized Path $AppDataIDMFolder= "C:\Users\Tejas\AppData\Roaming\IDM\"
2012-11-09 21:53:57 --> Finilized Path $TempPath= "C:\Users\Tejas\AppData\Roaming\IDM\"
2012-11-09 21:53:57 --> $AppDataIDMFolder = "C:\Users\Tejas\AppData\Roaming\IDM\"  Error Code:0
2012-11-09 21:53:57 --> $TempPath = "C:\Users\Tejas\AppData\Roaming\IDM\"  Error Code:0
2012-11-09 21:53:57 --> Finilized Path $AppDataIDMFolder= "C:\Users\Tejas\AppData\Roaming\IDM\"
2012-11-09 21:53:57 --> Finilized Path $TempPath= "C:\Users\Tejas\AppData\Roaming\IDM\"
2012-11-09 21:53:57 --> Window Created: IDM Backup Manager0.9.3(Beta) With Error Code: 0

============================= New Session Started at 2012-11-09 21:56:54 --> =============================

============================= System Information =============================
Module Name and Version: IDM Backup Manager0.9.3(Beta)
Module Path: C:\Users\Tejas\desktop\project\IDM\IDM BUILD_4\IDM Backup Manager.au3
OS Type: WIN32_NT
OS Version: WIN_7
Service Package: Service Pack 1
Total Memory: 1302072
Available Memory: 651996

============================= Variable Assignment =============================
2012-11-09 21:56:54 --> $AppDataIDMFolder = "C:\Users\Tejas\AppData\Roaming\IDM\"  Error Code:0
2012-11-09 21:56:54 --> $TempPath = "C:\Users\Tejas\AppData\Roaming\IDM\"  Error Code:0
2012-11-09 21:56:54 --> Finilized Path $AppDataIDMFolder= "C:\Users\Tejas\AppData\Roaming\IDM\"
2012-11-09 21:56:54 --> Finilized Path $TempPath= "C:\Users\Tejas\AppData\Roaming\IDM\"
2012-11-09 21:56:54 --> $AppDataIDMFolder = "C:\Users\Tejas\AppData\Roaming\IDM\"  Error Code:0
2012-11-09 21:56:54 --> $TempPath = "C:\Users\Tejas\AppData\Roaming\IDM\"  Error Code:0
2012-11-09 21:56:54 --> Finilized Path $AppDataIDMFolder= "C:\Users\Tejas\AppData\Roaming\IDM\"
2012-11-09 21:56:54 --> Finilized Path $TempPath= "C:\Users\Tejas\AppData\Roaming\IDM\"
2012-11-09 21:56:54 --> Window Created: IDM Backup Manager0.9.3(Beta) With Error Code: 0

============================= New Session Started at 2012-11-09 21:57:12 --> =============================

============================= System Information =============================
Module Name and Version: IDM Backup Manager0.9.3(Beta)
Module Path: C:\Users\Tejas\desktop\project\IDM\IDM BUILD_4\IDM Backup Manager.au3
OS Type: WIN32_NT
OS Version: WIN_7
Service Package: Service Pack 1
Total Memory: 1302072
Available Memory: 658732

============================= Variable Assignment =============================
2012-11-09 21:57:12 --> $AppDataIDMFolder = "C:\Users\Tejas\AppData\Roaming\IDM\"  Error Code:0
2012-11-09 21:57:12 --> $TempPath = "C:\Users\Tejas\AppData\Roaming\IDM\"  Error Code:0
2012-11-09 21:57:12 --> Finilized Path $AppDataIDMFolder= "C:\Users\Tejas\AppData\Roaming\IDM\"
2012-11-09 21:57:12 --> Finilized Path $TempPath= "C:\Users\Tejas\AppData\Roaming\IDM\"
2012-11-09 21:57:12 --> $AppDataIDMFolder = "C:\Users\Tejas\AppData\Roaming\IDM\"  Error Code:0
2012-11-09 21:57:12 --> $TempPath = "C:\Users\Tejas\AppData\Roaming\IDM\"  Error Code:0
2012-11-09 21:57:12 --> Finilized Path $AppDataIDMFolder= "C:\Users\Tejas\AppData\Roaming\IDM\"
2012-11-09 21:57:12 --> Finilized Path $TempPath= "C:\Users\Tejas\AppData\Roaming\IDM\"
2012-11-09 21:57:12 --> Window Created: IDM Backup Manager0.9.3(Beta) With Error Code: 0

============================= New Session Started at 2012-11-09 22:00:33 --> =============================

============================= System Information =============================
Module Name and Version: IDM Backup Manager0.9.3(Beta)
Module Path: C:\Users\Tejas\desktop\project\IDM\IDM BUILD_4\IDM Backup Manager.au3
OS Type: WIN32_NT
OS Version: WIN_7
Service Package: Service Pack 1
Total Memory: 1302072
Available Memory: 674760

============================= Variable Assignment =============================
2012-11-09 22:00:33 --> $AppDataIDMFolder = "C:\Users\Tejas\AppData\Roaming\IDM\"  Error Code:0
2012-11-09 22:00:33 --> $TempPath = "C:\Users\Tejas\AppData\Roaming\IDM\"  Error Code:0
2012-11-09 22:00:33 --> Finilized Path $AppDataIDMFolder= "C:\Users\Tejas\AppData\Roaming\IDM\"
2012-11-09 22:00:33 --> Finilized Path $TempPath= "C:\Users\Tejas\AppData\Roaming\IDM\"
2012-11-09 22:00:33 --> $AppDataIDMFolder = "C:\Users\Tejas\AppData\Roaming\IDM\"  Error Code:0
2012-11-09 22:00:33 --> $TempPath = "C:\Users\Tejas\AppData\Roaming\IDM\"  Error Code:0
2012-11-09 22:00:33 --> Finilized Path $AppDataIDMFolder= "C:\Users\Tejas\AppData\Roaming\IDM\"
2012-11-09 22:00:33 --> Finilized Path $TempPath= "C:\Users\Tejas\AppData\Roaming\IDM\"
2012-11-09 22:00:33 --> Window Created: IDM Backup Manager0.9.3(Beta) With Error Code: 0

============================= New Session Started at 2012-11-09 22:01:36 --> =============================

============================= System Information =============================
Module Name and Version: IDM Backup Manager0.9.3(Beta)
Module Path: C:\Users\Tejas\desktop\project\IDM\IDM BUILD_4\IDM Backup Manager.au3
OS Type: WIN32_NT
OS Version: WIN_7
Service Package: Service Pack 1
Total Memory: 1302072
Available Memory: 678224

============================= Variable Assignment =============================
2012-11-09 22:01:36 --> $AppDataIDMFolder = "C:\Users\Tejas\AppData\Roaming\IDM\"  Error Code:0
2012-11-09 22:01:36 --> $TempPath = "C:\Users\Tejas\AppData\Roaming\IDM\"  Error Code:0
2012-11-09 22:01:36 --> Finilized Path $AppDataIDMFolder= "C:\Users\Tejas\AppData\Roaming\IDM\"
2012-11-09 22:01:36 --> Finilized Path $TempPath= "C:\Users\Tejas\AppData\Roaming\IDM\"
2012-11-09 22:01:36 --> $AppDataIDMFolder = "C:\Users\Tejas\AppData\Roaming\IDM\"  Error Code:0
2012-11-09 22:01:36 --> $TempPath = "C:\Users\Tejas\AppData\Roaming\IDM\"  Error Code:0
2012-11-09 22:01:36 --> Finilized Path $AppDataIDMFolder= "C:\Users\Tejas\AppData\Roaming\IDM\"
2012-11-09 22:01:36 --> Finilized Path $TempPath= "C:\Users\Tejas\AppData\Roaming\IDM\"
2012-11-09 22:01:36 --> Window Created: IDM Backup Manager0.9.3(Beta) With Error Code: 0

============================= New Session Started at 2012-11-09 22:01:56 --> =============================

============================= System Information =============================
Module Name and Version: IDM Backup Manager0.9.3(Beta)
Module Path: C:\Users\Tejas\desktop\project\IDM\IDM BUILD_4\IDM Backup Manager.au3
OS Type: WIN32_NT
OS Version: WIN_7
Service Package: Service Pack 1
Total Memory: 1302072
Available Memory: 673304

============================= Variable Assignment =============================
2012-11-09 22:01:56 --> $AppDataIDMFolder = "C:\Users\Tejas\AppData\Roaming\IDM\"  Error Code:0
2012-11-09 22:01:56 --> $TempPath = "C:\Users\Tejas\AppData\Roaming\IDM\"  Error Code:0
2012-11-09 22:01:56 --> Finilized Path $AppDataIDMFolder= "C:\Users\Tejas\AppData\Roaming\IDM\"
2012-11-09 22:01:56 --> Finilized Path $TempPath= "C:\Users\Tejas\AppData\Roaming\IDM\"
2012-11-09 22:01:56 --> $AppDataIDMFolder = "C:\Users\Tejas\AppData\Roaming\IDM\"  Error Code:0
2012-11-09 22:01:56 --> $TempPath = "C:\Users\Tejas\AppData\Roaming\IDM\"  Error Code:0
2012-11-09 22:01:56 --> Finilized Path $AppDataIDMFolder= "C:\Users\Tejas\AppData\Roaming\IDM\"
2012-11-09 22:01:56 --> Finilized Path $TempPath= "C:\Users\Tejas\AppData\Roaming\IDM\"
2012-11-09 22:01:57 --> Window Created: IDM Backup Manager0.9.3(Beta) With Error Code: 0

============================= New Session Started at 2012-11-09 22:02:27 --> =============================

============================= System Information =============================
Module Name and Version: IDM Backup Manager0.9.3(Beta)
Module Path: C:\Users\Tejas\desktop\project\IDM\IDM BUILD_4\IDM Backup Manager.au3
OS Type: WIN32_NT
OS Version: WIN_7
Service Package: Service Pack 1
Total Memory: 1302072
Available Memory: 676808

============================= Variable Assignment =============================
2012-11-09 22:02:27 --> $AppDataIDMFolder = "C:\Users\Tejas\AppData\Roaming\IDM\"  Error Code:0
2012-11-09 22:02:27 --> $TempPath = "C:\Users\Tejas\AppData\Roaming\IDM\"  Error Code:0
2012-11-09 22:02:27 --> Finilized Path $AppDataIDMFolder= "C:\Users\Tejas\AppData\Roaming\IDM\"
2012-11-09 22:02:27 --> Finilized Path $TempPath= "C:\Users\Tejas\AppData\Roaming\IDM\"
2012-11-09 22:02:27 --> $AppDataIDMFolder = "C:\Users\Tejas\AppData\Roaming\IDM\"  Error Code:0
2012-11-09 22:02:27 --> $TempPath = "C:\Users\Tejas\AppData\Roaming\IDM\"  Error Code:0
2012-11-09 22:02:27 --> Finilized Path $AppDataIDMFolder= "C:\Users\Tejas\AppData\Roaming\IDM\"
2012-11-09 22:02:27 --> Finilized Path $TempPath= "C:\Users\Tejas\AppData\Roaming\IDM\"
2012-11-09 22:02:27 --> Window Created: IDM Backup Manager0.9.3(Beta) With Error Code: 0

============================= New Session Started at 2012-11-09 22:04:28 --> =============================

============================= System Information =============================
Module Name and Version: IDM Backup Manager0.9.3(Beta)
Module Path: C:\Users\Tejas\desktop\project\IDM\IDM BUILD_4\IDM Backup Manager.au3
OS Type: WIN32_NT
OS Version: WIN_7
Service Package: Service Pack 1
Total Memory: 1302072
Available Memory: 683568

============================= Variable Assignment =============================
2012-11-09 22:04:28 --> $AppDataIDMFolder = "C:\Users\Tejas\AppData\Roaming\IDM\"  Error Code:0
2012-11-09 22:04:28 --> $TempPath = "C:\Users\Tejas\AppData\Roaming\IDM\"  Error Code:0
2012-11-09 22:04:28 --> Finilized Path $AppDataIDMFolder= "C:\Users\Tejas\AppData\Roaming\IDM\"
2012-11-09 22:04:28 --> Finilized Path $TempPath= "C:\Users\Tejas\AppData\Roaming\IDM\"
2012-11-09 22:04:28 --> $AppDataIDMFolder = "C:\Users\Tejas\AppData\Roaming\IDM\"  Error Code:0
2012-11-09 22:04:28 --> $TempPath = "C:\Users\Tejas\AppData\Roaming\IDM\"  Error Code:0
2012-11-09 22:04:28 --> Finilized Path $AppDataIDMFolder= "C:\Users\Tejas\AppData\Roaming\IDM\"
2012-11-09 22:04:28 --> Finilized Path $TempPath= "C:\Users\Tejas\AppData\Roaming\IDM\"
2012-11-09 22:04:28 --> Window Created: IDM Backup Manager0.9.3(Beta) With Error Code: 0

============================= New Session Started at 2012-11-09 22:05:27 --> =============================

============================= System Information =============================
Module Name and Version: IDM Backup Manager0.9.3(Beta)
Module Path: C:\Users\Tejas\desktop\project\IDM\IDM BUILD_4\IDM Backup Manager.au3
OS Type: WIN32_NT
OS Version: WIN_7
Service Package: Service Pack 1
Total Memory: 1302072
Available Memory: 687584

============================= Variable Assignment =============================
2012-11-09 22:05:27 --> $AppDataIDMFolder = "C:\Users\Tejas\AppData\Roaming\IDM\"  Error Code:0
2012-11-09 22:05:27 --> $TempPath = "C:\Users\Tejas\AppData\Roaming\IDM\"  Error Code:0
2012-11-09 22:05:27 --> Finilized Path $AppDataIDMFolder= "C:\Users\Tejas\AppData\Roaming\IDM\"
2012-11-09 22:05:27 --> Finilized Path $TempPath= "C:\Users\Tejas\AppData\Roaming\IDM\"
2012-11-09 22:05:27 --> $AppDataIDMFolder = "C:\Users\Tejas\AppData\Roaming\IDM\"  Error Code:0
2012-11-09 22:05:27 --> $TempPath = "C:\Users\Tejas\AppData\Roaming\IDM\"  Error Code:0
2012-11-09 22:05:27 --> Finilized Path $AppDataIDMFolder= "C:\Users\Tejas\AppData\Roaming\IDM\"
2012-11-09 22:05:27 --> Finilized Path $TempPath= "C:\Users\Tejas\AppData\Roaming\IDM\"
2012-11-09 22:05:27 --> Window Created: IDM Backup Manager0.9.3(Beta) With Error Code: 0

============================= New Session Started at 2012-11-09 22:08:00 --> =============================

============================= System Information =============================
Module Name and Version: IDM Backup Manager0.9.3(Beta)
Module Path: C:\Users\Tejas\desktop\project\IDM\IDM BUILD_4\IDM Backup Manager.au3
OS Type: WIN32_NT
OS Version: WIN_7
Service Package: Service Pack 1
Total Memory: 1302072
Available Memory: 631116

============================= Variable Assignment =============================
2012-11-09 22:08:00 --> $AppDataIDMFolder = "C:\Users\Tejas\AppData\Roaming\IDM\"  Error Code:0
2012-11-09 22:08:00 --> $TempPath = "C:\Users\Tejas\AppData\Roaming\IDM\"  Error Code:0
2012-11-09 22:08:00 --> Finilized Path $AppDataIDMFolder= "C:\Users\Tejas\AppData\Roaming\IDM\"
2012-11-09 22:08:00 --> Finilized Path $TempPath= "C:\Users\Tejas\AppData\Roaming\IDM\"
2012-11-09 22:08:00 --> $AppDataIDMFolder = "C:\Users\Tejas\AppData\Roaming\IDM\"  Error Code:0
2012-11-09 22:08:00 --> $TempPath = "C:\Users\Tejas\AppData\Roaming\IDM\"  Error Code:0
2012-11-09 22:08:00 --> Finilized Path $AppDataIDMFolder= "C:\Users\Tejas\AppData\Roaming\IDM\"
2012-11-09 22:08:00 --> Finilized Path $TempPath= "C:\Users\Tejas\AppData\Roaming\IDM\"
2012-11-09 22:08:00 --> Window Created: IDM Backup Manager0.9.3(Beta) With Error Code: 0

============================= New Session Started at 2012-11-09 22:09:00 --> =============================

============================= System Information =============================
Module Name and Version: IDM Backup Manager0.9.3(Beta)
Module Path: C:\Users\Tejas\desktop\project\IDM\IDM BUILD_4\IDM Backup Manager.au3
OS Type: WIN32_NT
OS Version: WIN_7
Service Package: Service Pack 1
Total Memory: 1302072
Available Memory: 599520

============================= Variable Assignment =============================
2012-11-09 22:09:00 --> $AppDataIDMFolder = "C:\Users\Tejas\AppData\Roaming\IDM\"  Error Code:0
2012-11-09 22:09:00 --> $TempPath = "C:\Users\Tejas\AppData\Roaming\IDM\"  Error Code:0
2012-11-09 22:09:00 --> Finilized Path $AppDataIDMFolder= "C:\Users\Tejas\AppData\Roaming\IDM\"
2012-11-09 22:09:00 --> Finilized Path $TempPath= "C:\Users\Tejas\AppData\Roaming\IDM\"
2012-11-09 22:09:00 --> $AppDataIDMFolder = "C:\Users\Tejas\AppData\Roaming\IDM\"  Error Code:0
2012-11-09 22:09:00 --> $TempPath = "C:\Users\Tejas\AppData\Roaming\IDM\"  Error Code:0
2012-11-09 22:09:00 --> Finilized Path $AppDataIDMFolder= "C:\Users\Tejas\AppData\Roaming\IDM\"
2012-11-09 22:09:00 --> Finilized Path $TempPath= "C:\Users\Tejas\AppData\Roaming\IDM\"
2012-11-09 22:09:01 --> Window Created: IDM Backup Manager0.9.3(Beta) With Error Code: 0

============================= New Session Started at 2012-11-09 22:21:31 --> =============================

============================= System Information =============================
Module Name and Version: IDM Backup Manager0.9.3(Beta)
Module Path: C:\Users\Tejas\desktop\project\IDM\IDM BUILD_4\IDM Backup Manager.au3
OS Type: WIN32_NT
OS Version: WIN_7
Service Package: Service Pack 1
Total Memory: 1302072
Available Memory: 526132

============================= Variable Assignment =============================
2012-11-09 22:21:31 --> $AppDataIDMFolder = "C:\Users\Tejas\AppData\Roaming\IDM\"  Error Code:0
2012-11-09 22:21:31 --> $TempPath = "C:\Users\Tejas\AppData\Roaming\IDM\"  Error Code:0
2012-11-09 22:21:31 --> Finilized Path $AppDataIDMFolder= "C:\Users\Tejas\AppData\Roaming\IDM\"
2012-11-09 22:21:31 --> Finilized Path $TempPath= "C:\Users\Tejas\AppData\Roaming\IDM\"
2012-11-09 22:21:31 --> $AppDataIDMFolder = "C:\Users\Tejas\AppData\Roaming\IDM\"  Error Code:0
2012-11-09 22:21:31 --> $TempPath = "C:\Users\Tejas\AppData\Roaming\IDM\"  Error Code:0
2012-11-09 22:21:31 --> Finilized Path $AppDataIDMFolder= "C:\Users\Tejas\AppData\Roaming\IDM\"
2012-11-09 22:21:31 --> Finilized Path $TempPath= "C:\Users\Tejas\AppData\Roaming\IDM\"
2012-11-09 22:21:31 --> Window Created: IDM Backup Manager0.9.3(Beta) With Error Code: 0

============================= New Session Started at 2012-11-09 22:21:46 --> =============================

============================= System Information =============================
Module Name and Version: IDM Backup Manager0.9.3(Beta)
Module Path: C:\Users\Tejas\desktop\project\IDM\IDM BUILD_4\IDM Backup Manager.au3
OS Type: WIN32_NT
OS Version: WIN_7
Service Package: Service Pack 1
Total Memory: 1302072
Available Memory: 526820

============================= Variable Assignment =============================
2012-11-09 22:21:46 --> $AppDataIDMFolder = "C:\Users\Tejas\AppData\Roaming\IDM\"  Error Code:0
2012-11-09 22:21:46 --> $TempPath = "C:\Users\Tejas\AppData\Roaming\IDM\"  Error Code:0
2012-11-09 22:21:46 --> Finilized Path $AppDataIDMFolder= "C:\Users\Tejas\AppData\Roaming\IDM\"
2012-11-09 22:21:46 --> Finilized Path $TempPath= "C:\Users\Tejas\AppData\Roaming\IDM\"
2012-11-09 22:21:46 --> $AppDataIDMFolder = "C:\Users\Tejas\AppData\Roaming\IDM\"  Error Code:0
2012-11-09 22:21:46 --> $TempPath = "C:\Users\Tejas\AppData\Roaming\IDM\"  Error Code:0
2012-11-09 22:21:46 --> Finilized Path $AppDataIDMFolder= "C:\Users\Tejas\AppData\Roaming\IDM\"
2012-11-09 22:21:46 --> Finilized Path $TempPath= "C:\Users\Tejas\AppData\Roaming\IDM\"
2012-11-09 22:21:47 --> Window Created: IDM Backup Manager0.9.3(Beta) With Error Code: 0

============================= New Session Started at 2012-11-09 22:22:08 --> =============================

============================= System Information =============================
Module Name and Version: IDM Backup Manager0.9.3(Beta)
Module Path: C:\Users\Tejas\desktop\project\IDM\IDM BUILD_4\IDM Backup Manager.au3
OS Type: WIN32_NT
OS Version: WIN_7
Service Package: Service Pack 1
Total Memory: 1302072
Available Memory: 537176

============================= Variable Assignment =============================
2012-11-09 22:22:08 --> $AppDataIDMFolder = "C:\Users\Tejas\AppData\Roaming\IDM\"  Error Code:0
2012-11-09 22:22:08 --> $TempPath = "C:\Users\Tejas\AppData\Roaming\IDM\"  Error Code:0
2012-11-09 22:22:08 --> Finilized Path $AppDataIDMFolder= "C:\Users\Tejas\AppData\Roaming\IDM\"
2012-11-09 22:22:08 --> Finilized Path $TempPath= "C:\Users\Tejas\AppData\Roaming\IDM\"
2012-11-09 22:22:08 --> $AppDataIDMFolder = "C:\Users\Tejas\AppData\Roaming\IDM\"  Error Code:0
2012-11-09 22:22:08 --> $TempPath = "C:\Users\Tejas\AppData\Roaming\IDM\"  Error Code:0
2012-11-09 22:22:08 --> Finilized Path $AppDataIDMFolder= "C:\Users\Tejas\AppData\Roaming\IDM\"
2012-11-09 22:22:08 --> Finilized Path $TempPath= "C:\Users\Tejas\AppData\Roaming\IDM\"
2012-11-09 22:22:08 --> Window Created: IDM Backup Manager0.9.3(Beta) With Error Code: 0

============================= New Session Started at 2012-11-09 22:48:53 --> =============================

============================= System Information =============================
Module Name and Version: IDM Backup Manager0.9.3(Beta)
Module Path: C:\Users\Tejas\desktop\project\IDM\IDM BUILD_4\IDM Backup Manager.au3
OS Type: WIN32_NT
OS Version: WIN_7
Service Package: Service Pack 1
Total Memory: 1302072
Available Memory: 728748

============================= Variable Assignment =============================
2012-11-09 22:48:54 --> Internet Download Manager Is Running Now...User Selected No
2012-11-09 22:48:54 --> $AppDataIDMFolder = "C:\Users\Tejas\AppData\Roaming\IDM\"  Error Code:0
2012-11-09 22:48:54 --> $TempPath = "C:\Users\Tejas\AppData\Roaming\IDM\"  Error Code:0
2012-11-09 22:48:54 --> Finilized Path $AppDataIDMFolder= "C:\Users\Tejas\AppData\Roaming\IDM\"
2012-11-09 22:48:54 --> Finilized Path $TempPath= "C:\Users\Tejas\AppData\Roaming\IDM\"
2012-11-09 22:48:54 --> $AppDataIDMFolder = "C:\Users\Tejas\AppData\Roaming\IDM\"  Error Code:0
2012-11-09 22:48:54 --> $TempPath = "C:\Users\Tejas\AppData\Roaming\IDM\"  Error Code:0
2012-11-09 22:48:54 --> Finilized Path $AppDataIDMFolder= "C:\Users\Tejas\AppData\Roaming\IDM\"
2012-11-09 22:48:54 --> Finilized Path $TempPath= "C:\Users\Tejas\AppData\Roaming\IDM\"
2012-11-09 22:48:55 --> Window Created: IDM Backup Manager0.9.3(Beta) With Error Code: 0

============================= New Session Started at 2012-11-09 22:50:42 --> =============================

============================= System Information =============================
Module Name and Version: IDM Backup Manager0.9.3(Beta)
Module Path: C:\Users\Tejas\desktop\project\IDM\IDM BUILD_4\IDM Backup Manager.au3
OS Type: WIN32_NT
OS Version: WIN_7
Service Package: Service Pack 1
Total Memory: 1302072
Available Memory: 723376

============================= Variable Assignment =============================
2012-11-09 22:50:43 --> Internet Download Manager Is Running Now...User Selected No
2012-11-09 22:50:44 --> $AppDataIDMFolder = "C:\Users\Tejas\AppData\Roaming\IDM\"  Error Code:0
2012-11-09 22:50:44 --> $TempPath = "C:\Users\Tejas\AppData\Roaming\IDM\"  Error Code:0
2012-11-09 22:50:44 --> Finilized Path $AppDataIDMFolder= "C:\Users\Tejas\AppData\Roaming\IDM\"
2012-11-09 22:50:44 --> Finilized Path $TempPath= "C:\Users\Tejas\AppData\Roaming\IDM\"
2012-11-09 22:50:44 --> $AppDataIDMFolder = "C:\Users\Tejas\AppData\Roaming\IDM\"  Error Code:0
2012-11-09 22:50:44 --> $TempPath = "C:\Users\Tejas\AppData\Roaming\IDM\"  Error Code:0
2012-11-09 22:50:44 --> Finilized Path $AppDataIDMFolder= "C:\Users\Tejas\AppData\Roaming\IDM\"
2012-11-09 22:50:44 --> Finilized Path $TempPath= "C:\Users\Tejas\AppData\Roaming\IDM\"
2012-11-09 22:50:44 --> Window Created: IDM Backup Manager0.9.3(Beta) With Error Code: 0

============================= New Session Started at 2012-11-09 22:52:18 --> =============================

============================= System Information =============================
Module Name and Version: IDM Backup Manager0.9.3(Beta)
Module Path: C:\Users\Tejas\desktop\project\IDM\IDM BUILD_4\IDM Backup Manager.au3
OS Type: WIN32_NT
OS Version: WIN_7
Service Package: Service Pack 1
Total Memory: 1302072
Available Memory: 713144

============================= Variable Assignment =============================
2012-11-09 22:52:21 --> Internet Download Manager Is Running Now...User Selected No
2012-11-09 22:52:22 --> $AppDataIDMFolder = "C:\Users\Tejas\AppData\Roaming\IDM\"  Error Code:0
2012-11-09 22:52:22 --> $TempPath = "C:\Users\Tejas\AppData\Roaming\IDM\"  Error Code:0
2012-11-09 22:52:22 --> Finilized Path $AppDataIDMFolder= "C:\Users\Tejas\AppData\Roaming\IDM\"
2012-11-09 22:52:22 --> Finilized Path $TempPath= "C:\Users\Tejas\AppData\Roaming\IDM\"
2012-11-09 22:52:22 --> $AppDataIDMFolder = "C:\Users\Tejas\AppData\Roaming\IDM\"  Error Code:0
2012-11-09 22:52:22 --> $TempPath = "C:\Users\Tejas\AppData\Roaming\IDM\"  Error Code:0
2012-11-09 22:52:22 --> Finilized Path $AppDataIDMFolder= "C:\Users\Tejas\AppData\Roaming\IDM\"
2012-11-09 22:52:22 --> Finilized Path $TempPath= "C:\Users\Tejas\AppData\Roaming\IDM\"
2012-11-09 22:52:22 --> Window Created: IDM Backup Manager0.9.3(Beta) With Error Code: 0

============================= New Session Started at 2012-11-10 08:50:20 --> =============================

============================= System Information =============================
Module Name and Version: IDM Backup Manager0.9.3(Beta)
Module Path: C:\Users\Tejas\desktop\project\IDM\IDM BUILD_4\IDM Backup Manager.au3
OS Type: WIN32_NT
OS Version: WIN_7
Service Package: Service Pack 1
Total Memory: 1302072
Available Memory: 747160

============================= Variable Assignment =============================
2012-11-10 08:50:20 --> Internet Download Manager Is Running Now...User Selected No
2012-11-10 08:50:21 --> $AppDataIDMFolder = "C:\Users\Tejas\AppData\Roaming\IDM\"  Error Code:0
2012-11-10 08:50:21 --> $TempPath = "C:\Users\Tejas\AppData\Roaming\IDM\"  Error Code:0
2012-11-10 08:50:21 --> Finilized Path $AppDataIDMFolder= "C:\Users\Tejas\AppData\Roaming\IDM\"
2012-11-10 08:50:21 --> Finilized Path $TempPath= "C:\Users\Tejas\AppData\Roaming\IDM\"
2012-11-10 08:50:21 --> $AppDataIDMFolder = "C:\Users\Tejas\AppData\Roaming\IDM\"  Error Code:0
2012-11-10 08:50:21 --> $TempPath = "C:\Users\Tejas\AppData\Roaming\IDM\"  Error Code:0
2012-11-10 08:50:21 --> Finilized Path $AppDataIDMFolder= "C:\Users\Tejas\AppData\Roaming\IDM\"
2012-11-10 08:50:21 --> Finilized Path $TempPath= "C:\Users\Tejas\AppData\Roaming\IDM\"
2012-11-10 08:50:21 --> Window Created: IDM Backup Manager0.9.3(Beta) With Error Code: 0

============================= New Session Started at 2012-11-10 09:10:23 --> =============================

============================= System Information =============================
Module Name and Version: IDM Backup Manager0.9.3(Beta)
Module Path: C:\Users\Tejas\desktop\project\IDM\IDM BUILD_4\IDM Backup Manager.au3
OS Type: WIN32_NT
OS Version: WIN_7
Service Package: Service Pack 1
Total Memory: 1302072
Available Memory: 437652

============================= Variable Assignment =============================
2012-11-10 09:10:24 --> Internet Download Manager Is Running Now...User Selected No
2012-11-10 09:10:25 --> $AppDataIDMFolder = "C:\Users\Tejas\AppData\Roaming\IDM\"  Error Code:0
2012-11-10 09:10:25 --> $TempPath = "C:\Users\Tejas\AppData\Roaming\IDM\"  Error Code:0
2012-11-10 09:10:25 --> Finilized Path $AppDataIDMFolder= "C:\Users\Tejas\AppData\Roaming\IDM\"
2012-11-10 09:10:25 --> Finilized Path $TempPath= "C:\Users\Tejas\AppData\Roaming\IDM\"
2012-11-10 09:10:25 --> $AppDataIDMFolder = "C:\Users\Tejas\AppData\Roaming\IDM\"  Error Code:0
2012-11-10 09:10:25 --> $TempPath = "C:\Users\Tejas\AppData\Roaming\IDM\"  Error Code:0
2012-11-10 09:10:25 --> Finilized Path $AppDataIDMFolder= "C:\Users\Tejas\AppData\Roaming\IDM\"
2012-11-10 09:10:25 --> Finilized Path $TempPath= "C:\Users\Tejas\AppData\Roaming\IDM\"
2012-11-10 09:10:25 --> Window Created: IDM Backup Manager0.9.3(Beta) With Error Code: 0

============================= New Session Started at 2012-11-10 09:10:42 --> =============================

============================= System Information =============================
Module Name and Version: IDM Backup Manager0.9.3(Beta)
Module Path: C:\Users\Tejas\desktop\project\IDM\IDM BUILD_4\IDM Backup Manager.au3
OS Type: WIN32_NT
OS Version: WIN_7
Service Package: Service Pack 1
Total Memory: 1302072
Available Memory: 441888

============================= Variable Assignment =============================
2012-11-10 09:10:43 --> Internet Download Manager Is Running Now...User Selected No
2012-11-10 09:10:43 --> $AppDataIDMFolder = "C:\Users\Tejas\AppData\Roaming\IDM\"  Error Code:0
2012-11-10 09:10:43 --> $TempPath = "C:\Users\Tejas\AppData\Roaming\IDM\"  Error Code:0
2012-11-10 09:10:43 --> Finilized Path $AppDataIDMFolder= "C:\Users\Tejas\AppData\Roaming\IDM\"
2012-11-10 09:10:43 --> Finilized Path $TempPath= "C:\Users\Tejas\AppData\Roaming\IDM\"
2012-11-10 09:10:43 --> $AppDataIDMFolder = "C:\Users\Tejas\AppData\Roaming\IDM\"  Error Code:0
2012-11-10 09:10:43 --> $TempPath = "C:\Users\Tejas\AppData\Roaming\IDM\"  Error Code:0
2012-11-10 09:10:43 --> Finilized Path $AppDataIDMFolder= "C:\Users\Tejas\AppData\Roaming\IDM\"
2012-11-10 09:10:43 --> Finilized Path $TempPath= "C:\Users\Tejas\AppData\Roaming\IDM\"
2012-11-10 09:10:44 --> Window Created: IDM Backup Manager0.9.3(Beta) With Error Code: 0

============================= New Session Started at 2012-11-10 09:12:05 --> =============================

============================= System Information =============================
Module Name and Version: IDM Backup Manager0.9.3(Beta)
Module Path: C:\Users\Tejas\desktop\project\IDM\IDM BUILD_4\IDM Backup Manager.au3
OS Type: WIN32_NT
OS Version: WIN_7
Service Package: Service Pack 1
Total Memory: 1302072
Available Memory: 435088

============================= Variable Assignment =============================
2012-11-10 09:12:06 --> Internet Download Manager Is Running Now...User Selected No
2012-11-10 09:12:07 --> $AppDataIDMFolder = "C:\Users\Tejas\AppData\Roaming\IDM\"  Error Code:0
2012-11-10 09:12:07 --> $TempPath = "C:\Users\Tejas\AppData\Roaming\IDM\"  Error Code:0
2012-11-10 09:12:07 --> Finilized Path $AppDataIDMFolder= "C:\Users\Tejas\AppData\Roaming\IDM\"
2012-11-10 09:12:07 --> Finilized Path $TempPath= "C:\Users\Tejas\AppData\Roaming\IDM\"
2012-11-10 09:12:07 --> $AppDataIDMFolder = "C:\Users\Tejas\AppData\Roaming\IDM\"  Error Code:0
2012-11-10 09:12:07 --> $TempPath = "C:\Users\Tejas\AppData\Roaming\IDM\"  Error Code:0
2012-11-10 09:12:07 --> Finilized Path $AppDataIDMFolder= "C:\Users\Tejas\AppData\Roaming\IDM\"
2012-11-10 09:12:07 --> Finilized Path $TempPath= "C:\Users\Tejas\AppData\Roaming\IDM\"
2012-11-10 09:12:07 --> Window Created: IDM Backup Manager0.9.3(Beta) With Error Code: 0

============================= New Session Started at 2012-11-10 09:12:25 --> =============================

============================= System Information =============================
Module Name and Version: IDM Backup Manager0.9.3(Beta)
Module Path: C:\Users\Tejas\desktop\project\IDM\IDM BUILD_4\IDM Backup Manager.au3
OS Type: WIN32_NT
OS Version: WIN_7
Service Package: Service Pack 1
Total Memory: 1302072
Available Memory: 438376

============================= Variable Assignment =============================
2012-11-10 09:12:26 --> Internet Download Manager Is Running Now...User Selected No
2012-11-10 09:12:26 --> $AppDataIDMFolder = "C:\Users\Tejas\AppData\Roaming\IDM\"  Error Code:0
2012-11-10 09:12:26 --> $TempPath = "C:\Users\Tejas\AppData\Roaming\IDM\"  Error Code:0
2012-11-10 09:12:26 --> Finilized Path $AppDataIDMFolder= "C:\Users\Tejas\AppData\Roaming\IDM\"
2012-11-10 09:12:26 --> Finilized Path $TempPath= "C:\Users\Tejas\AppData\Roaming\IDM\"
2012-11-10 09:12:26 --> $AppDataIDMFolder = "C:\Users\Tejas\AppData\Roaming\IDM\"  Error Code:0
2012-11-10 09:12:26 --> $TempPath = "C:\Users\Tejas\AppData\Roaming\IDM\"  Error Code:0
2012-11-10 09:12:26 --> Finilized Path $AppDataIDMFolder= "C:\Users\Tejas\AppData\Roaming\IDM\"
2012-11-10 09:12:26 --> Finilized Path $TempPath= "C:\Users\Tejas\AppData\Roaming\IDM\"
2012-11-10 09:12:27 --> Window Created: IDM Backup Manager0.9.3(Beta) With Error Code: 0

============================= New Session Started at 2012-11-10 09:14:10 --> =============================

============================= System Information =============================
Module Name and Version: IDM Backup Manager0.9.3(Beta)
Module Path: C:\Users\Tejas\desktop\project\IDM\IDM BUILD_4\IDM Backup Manager.au3
OS Type: WIN32_NT
OS Version: WIN_7
Service Package: Service Pack 1
Total Memory: 1302072
Available Memory: 444712

============================= Variable Assignment =============================
2012-11-10 09:14:11 --> Internet Download Manager Is Running Now...User Selected No
2012-11-10 09:14:11 --> $AppDataIDMFolder = "C:\Users\Tejas\AppData\Roaming\IDM\"  Error Code:0
2012-11-10 09:14:11 --> $TempPath = "C:\Users\Tejas\AppData\Roaming\IDM\"  Error Code:0
2012-11-10 09:14:11 --> Finilized Path $AppDataIDMFolder= "C:\Users\Tejas\AppData\Roaming\IDM\"
2012-11-10 09:14:11 --> Finilized Path $TempPath= "C:\Users\Tejas\AppData\Roaming\IDM\"
2012-11-10 09:14:11 --> $AppDataIDMFolder = "C:\Users\Tejas\AppData\Roaming\IDM\"  Error Code:0
2012-11-10 09:14:11 --> $TempPath = "C:\Users\Tejas\AppData\Roaming\IDM\"  Error Code:0
2012-11-10 09:14:11 --> Finilized Path $AppDataIDMFolder= "C:\Users\Tejas\AppData\Roaming\IDM\"
2012-11-10 09:14:11 --> Finilized Path $TempPath= "C:\Users\Tejas\AppData\Roaming\IDM\"
2012-11-10 09:14:12 --> Window Created: IDM Backup Manager0.9.3(Beta) With Error Code: 0

============================= New Session Started at 2012-11-10 09:14:25 --> =============================

============================= System Information =============================
Module Name and Version: IDM Backup Manager0.9.3(Beta)
Module Path: C:\Users\Tejas\desktop\project\IDM\IDM BUILD_4\IDM Backup Manager.au3
OS Type: WIN32_NT
OS Version: WIN_7
Service Package: Service Pack 1
Total Memory: 1302072
Available Memory: 450176

============================= Variable Assignment =============================
2012-11-10 09:14:26 --> Internet Download Manager Is Running Now...User Selected No
2012-11-10 09:14:27 --> $AppDataIDMFolder = "C:\Users\Tejas\AppData\Roaming\IDM\"  Error Code:0
2012-11-10 09:14:27 --> $TempPath = "C:\Users\Tejas\AppData\Roaming\IDM\"  Error Code:0
2012-11-10 09:14:27 --> Finilized Path $AppDataIDMFolder= "C:\Users\Tejas\AppData\Roaming\IDM\"
2012-11-10 09:14:27 --> Finilized Path $TempPath= "C:\Users\Tejas\AppData\Roaming\IDM\"
2012-11-10 09:14:27 --> $AppDataIDMFolder = "C:\Users\Tejas\AppData\Roaming\IDM\"  Error Code:0
2012-11-10 09:14:27 --> $TempPath = "C:\Users\Tejas\AppData\Roaming\IDM\"  Error Code:0
2012-11-10 09:14:27 --> Finilized Path $AppDataIDMFolder= "C:\Users\Tejas\AppData\Roaming\IDM\"
2012-11-10 09:14:27 --> Finilized Path $TempPath= "C:\Users\Tejas\AppData\Roaming\IDM\"
2012-11-10 09:14:27 --> Window Created: IDM Backup Manager0.9.3(Beta) With Error Code: 0

============================= New Session Started at 2012-11-10 09:14:58 --> =============================

============================= System Information =============================
Module Name and Version: IDM Backup Manager0.9.3(Beta)
Module Path: C:\Users\Tejas\desktop\project\IDM\IDM BUILD_4\IDM Backup Manager.au3
OS Type: WIN32_NT
OS Version: WIN_7
Service Package: Service Pack 1
Total Memory: 1302072
Available Memory: 447056

============================= Variable Assignment =============================
2012-11-10 09:14:59 --> Internet Download Manager Is Running Now...User Selected No
2012-11-10 09:14:59 --> $AppDataIDMFolder = "C:\Users\Tejas\AppData\Roaming\IDM\"  Error Code:0
2012-11-10 09:14:59 --> $TempPath = "C:\Users\Tejas\AppData\Roaming\IDM\"  Error Code:0
2012-11-10 09:14:59 --> Finilized Path $AppDataIDMFolder= "C:\Users\Tejas\AppData\Roaming\IDM\"
2012-11-10 09:14:59 --> Finilized Path $TempPath= "C:\Users\Tejas\AppData\Roaming\IDM\"
2012-11-10 09:14:59 --> $AppDataIDMFolder = "C:\Users\Tejas\AppData\Roaming\IDM\"  Error Code:0
2012-11-10 09:14:59 --> $TempPath = "C:\Users\Tejas\AppData\Roaming\IDM\"  Error Code:0
2012-11-10 09:14:59 --> Finilized Path $AppDataIDMFolder= "C:\Users\Tejas\AppData\Roaming\IDM\"
2012-11-10 09:14:59 --> Finilized Path $TempPath= "C:\Users\Tejas\AppData\Roaming\IDM\"
2012-11-10 09:15:00 --> Window Created: IDM Backup Manager0.9.3(Beta) With Error Code: 0

============================= New Session Started at 2012-11-10 09:15:19 --> =============================

============================= System Information =============================
Module Name and Version: IDM Backup Manager0.9.3(Beta)
Module Path: C:\Users\Tejas\desktop\project\IDM\IDM BUILD_4\IDM Backup Manager.au3
OS Type: WIN32_NT
OS Version: WIN_7
Service Package: Service Pack 1
Total Memory: 1302072
Available Memory: 447556

============================= Variable Assignment =============================
2012-11-10 09:15:20 --> Internet Download Manager Is Running Now...User Selected No
2012-11-10 09:15:21 --> $AppDataIDMFolder = "C:\Users\Tejas\AppData\Roaming\IDM\"  Error Code:0
2012-11-10 09:15:21 --> $TempPath = "C:\Users\Tejas\AppData\Roaming\IDM\"  Error Code:0
2012-11-10 09:15:21 --> Finilized Path $AppDataIDMFolder= "C:\Users\Tejas\AppData\Roaming\IDM\"
2012-11-10 09:15:21 --> Finilized Path $TempPath= "C:\Users\Tejas\AppData\Roaming\IDM\"
2012-11-10 09:15:21 --> $AppDataIDMFolder = "C:\Users\Tejas\AppData\Roaming\IDM\"  Error Code:0
2012-11-10 09:15:21 --> $TempPath = "C:\Users\Tejas\AppData\Roaming\IDM\"  Error Code:0
2012-11-10 09:15:21 --> Finilized Path $AppDataIDMFolder= "C:\Users\Tejas\AppData\Roaming\IDM\"
2012-11-10 09:15:21 --> Finilized Path $TempPath= "C:\Users\Tejas\AppData\Roaming\IDM\"
2012-11-10 09:15:21 --> Window Created: IDM Backup Manager0.9.3(Beta) With Error Code: 0

============================= New Session Started at 2012-11-10 09:16:57 --> =============================

============================= System Information =============================
Module Name and Version: IDM Backup Manager0.9.3(Beta)
Module Path: C:\Users\Tejas\desktop\project\IDM\IDM BUILD_4\IDM Backup Manager.au3
OS Type: WIN32_NT
OS Version: WIN_7
Service Package: Service Pack 1
Total Memory: 1302072
Available Memory: 447064

============================= Variable Assignment =============================
2012-11-10 09:16:58 --> Internet Download Manager Is Running Now...User Selected No
2012-11-10 09:17:02 --> $AppDataIDMFolder = "C:\Users\Tejas\AppData\Roaming\IDM\"  Error Code:0
2012-11-10 09:17:02 --> $TempPath = "C:\Users\Tejas\AppData\Roaming\IDM\"  Error Code:0
2012-11-10 09:17:02 --> Finilized Path $AppDataIDMFolder= "C:\Users\Tejas\AppData\Roaming\IDM\"
2012-11-10 09:17:02 --> Finilized Path $TempPath= "C:\Users\Tejas\AppData\Roaming\IDM\"
2012-11-10 09:17:02 --> $AppDataIDMFolder = "C:\Users\Tejas\AppData\Roaming\IDM\"  Error Code:0
2012-11-10 09:17:02 --> $TempPath = "C:\Users\Tejas\AppData\Roaming\IDM\"  Error Code:0
2012-11-10 09:17:02 --> Finilized Path $AppDataIDMFolder= "C:\Users\Tejas\AppData\Roaming\IDM\"
2012-11-10 09:17:02 --> Finilized Path $TempPath= "C:\Users\Tejas\AppData\Roaming\IDM\"
2012-11-10 09:17:03 --> Window Created: IDM Backup Manager0.9.3(Beta) With Error Code: 0

============================= New Session Started at 2012-11-10 09:17:28 --> =============================

============================= System Information =============================
Module Name and Version: IDM Backup Manager0.9.3(Beta)
Module Path: C:\Users\Tejas\desktop\project\IDM\IDM BUILD_4\IDM Backup Manager.au3
OS Type: WIN32_NT
OS Version: WIN_7
Service Package: Service Pack 1
Total Memory: 1302072
Available Memory: 445604

============================= Variable Assignment =============================
2012-11-10 09:17:29 --> Internet Download Manager Is Running Now...User Selected No
2012-11-10 09:17:30 --> $AppDataIDMFolder = "C:\Users\Tejas\AppData\Roaming\IDM\"  Error Code:0
2012-11-10 09:17:30 --> $TempPath = "C:\Users\Tejas\AppData\Roaming\IDM\"  Error Code:0
2012-11-10 09:17:30 --> Finilized Path $AppDataIDMFolder= "C:\Users\Tejas\AppData\Roaming\IDM\"
2012-11-10 09:17:30 --> Finilized Path $TempPath= "C:\Users\Tejas\AppData\Roaming\IDM\"
2012-11-10 09:17:30 --> $AppDataIDMFolder = "C:\Users\Tejas\AppData\Roaming\IDM\"  Error Code:0
2012-11-10 09:17:30 --> $TempPath = "C:\Users\Tejas\AppData\Roaming\IDM\"  Error Code:0
2012-11-10 09:17:30 --> Finilized Path $AppDataIDMFolder= "C:\Users\Tejas\AppData\Roaming\IDM\"
2012-11-10 09:17:30 --> Finilized Path $TempPath= "C:\Users\Tejas\AppData\Roaming\IDM\"
2012-11-10 09:17:30 --> Window Created: IDM Backup Manager0.9.3(Beta) With Error Code: 0

============================= New Session Started at 2012-11-10 09:19:56 --> =============================

============================= System Information =============================
Module Name and Version: IDM Backup Manager0.9.3(Beta)
Module Path: C:\Users\Tejas\desktop\project\IDM\IDM BUILD_4\IDM Backup Manager.au3
OS Type: WIN32_NT
OS Version: WIN_7
Service Package: Service Pack 1
Total Memory: 1302072
Available Memory: 485876

============================= Variable Assignment =============================
2012-11-10 09:19:57 --> Internet Download Manager Is Running Now...User Selected No
2012-11-10 09:19:57 --> $AppDataIDMFolder = "C:\Users\Tejas\AppData\Roaming\IDM\"  Error Code:0
2012-11-10 09:19:57 --> $TempPath = "C:\Users\Tejas\AppData\Roaming\IDM\"  Error Code:0
2012-11-10 09:19:57 --> Finilized Path $AppDataIDMFolder= "C:\Users\Tejas\AppData\Roaming\IDM\"
2012-11-10 09:19:57 --> Finilized Path $TempPath= "C:\Users\Tejas\AppData\Roaming\IDM\"
2012-11-10 09:19:57 --> $AppDataIDMFolder = "C:\Users\Tejas\AppData\Roaming\IDM\"  Error Code:0
2012-11-10 09:19:57 --> $TempPath = "C:\Users\Tejas\AppData\Roaming\IDM\"  Error Code:0
2012-11-10 09:19:57 --> Finilized Path $AppDataIDMFolder= "C:\Users\Tejas\AppData\Roaming\IDM\"
2012-11-10 09:19:57 --> Finilized Path $TempPath= "C:\Users\Tejas\AppData\Roaming\IDM\"
2012-11-10 09:19:58 --> Window Created: IDM Backup Manager0.9.3(Beta) With Error Code: 0

============================= New Session Started at 2012-11-10 09:20:47 --> =============================

============================= System Information =============================
Module Name and Version: IDM Backup Manager0.9.3(Beta)
Module Path: C:\Users\Tejas\desktop\project\IDM\IDM BUILD_4\IDM Backup Manager.au3
OS Type: WIN32_NT
OS Version: WIN_7
Service Package: Service Pack 1
Total Memory: 1302072
Available Memory: 484220

============================= Variable Assignment =============================
2012-11-10 09:20:48 --> Internet Download Manager Is Running Now...User Selected No
2012-11-10 09:20:48 --> $AppDataIDMFolder = "C:\Users\Tejas\AppData\Roaming\IDM\"  Error Code:0
2012-11-10 09:20:48 --> $TempPath = "C:\Users\Tejas\AppData\Roaming\IDM\"  Error Code:0
2012-11-10 09:20:48 --> Finilized Path $AppDataIDMFolder= "C:\Users\Tejas\AppData\Roaming\IDM\"
2012-11-10 09:20:48 --> Finilized Path $TempPath= "C:\Users\Tejas\AppData\Roaming\IDM\"
2012-11-10 09:20:48 --> $AppDataIDMFolder = "C:\Users\Tejas\AppData\Roaming\IDM\"  Error Code:0
2012-11-10 09:20:48 --> $TempPath = "C:\Users\Tejas\AppData\Roaming\IDM\"  Error Code:0
2012-11-10 09:20:48 --> Finilized Path $AppDataIDMFolder= "C:\Users\Tejas\AppData\Roaming\IDM\"
2012-11-10 09:20:48 --> Finilized Path $TempPath= "C:\Users\Tejas\AppData\Roaming\IDM\"
2012-11-10 09:20:49 --> Window Created: IDM Backup Manager0.9.3(Beta) With Error Code: 0

============================= New Session Started at 2012-11-10 09:20:58 --> =============================

============================= System Information =============================
Module Name and Version: IDM Backup Manager0.9.3(Beta)
Module Path: C:\Users\Tejas\desktop\project\IDM\IDM BUILD_4\IDM Backup Manager.au3
OS Type: WIN32_NT
OS Version: WIN_7
Service Package: Service Pack 1
Total Memory: 1302072
Available Memory: 483648

============================= Variable Assignment =============================
2012-11-10 09:20:59 --> Internet Download Manager Is Running Now...User Selected No
2012-11-10 09:20:59 --> $AppDataIDMFolder = "C:\Users\Tejas\AppData\Roaming\IDM\"  Error Code:0
2012-11-10 09:20:59 --> $TempPath = "C:\Users\Tejas\AppData\Roaming\IDM\"  Error Code:0
2012-11-10 09:20:59 --> Finilized Path $AppDataIDMFolder= "C:\Users\Tejas\AppData\Roaming\IDM\"
2012-11-10 09:20:59 --> Finilized Path $TempPath= "C:\Users\Tejas\AppData\Roaming\IDM\"
2012-11-10 09:20:59 --> $AppDataIDMFolder = "C:\Users\Tejas\AppData\Roaming\IDM\"  Error Code:0
2012-11-10 09:20:59 --> $TempPath = "C:\Users\Tejas\AppData\Roaming\IDM\"  Error Code:0
2012-11-10 09:20:59 --> Finilized Path $AppDataIDMFolder= "C:\Users\Tejas\AppData\Roaming\IDM\"
2012-11-10 09:20:59 --> Finilized Path $TempPath= "C:\Users\Tejas\AppData\Roaming\IDM\"
2012-11-10 09:21:00 --> Window Created: IDM Backup Manager0.9.3(Beta) With Error Code: 0

============================= New Session Started at 2012-11-10 09:21:50 --> =============================

============================= System Information =============================
Module Name and Version: IDM Backup Manager0.9.3(Beta)
Module Path: C:\Users\Tejas\desktop\project\IDM\IDM BUILD_4\IDM Backup Manager.au3
OS Type: WIN32_NT
OS Version: WIN_7
Service Package: Service Pack 1
Total Memory: 1302072
Available Memory: 483644

============================= Variable Assignment =============================
2012-11-10 09:21:51 --> Internet Download Manager Is Running Now...User Selected No
2012-11-10 09:21:51 --> $AppDataIDMFolder = "C:\Users\Tejas\AppData\Roaming\IDM\"  Error Code:0
2012-11-10 09:21:51 --> $TempPath = "C:\Users\Tejas\AppData\Roaming\IDM\"  Error Code:0
2012-11-10 09:21:51 --> Finilized Path $AppDataIDMFolder= "C:\Users\Tejas\AppData\Roaming\IDM\"
2012-11-10 09:21:51 --> Finilized Path $TempPath= "C:\Users\Tejas\AppData\Roaming\IDM\"
2012-11-10 09:21:51 --> $AppDataIDMFolder = "C:\Users\Tejas\AppData\Roaming\IDM\"  Error Code:0
2012-11-10 09:21:51 --> $TempPath = "C:\Users\Tejas\AppData\Roaming\IDM\"  Error Code:0
2012-11-10 09:21:51 --> Finilized Path $AppDataIDMFolder= "C:\Users\Tejas\AppData\Roaming\IDM\"
2012-11-10 09:21:51 --> Finilized Path $TempPath= "C:\Users\Tejas\AppData\Roaming\IDM\"
2012-11-10 09:21:52 --> Window Created: IDM Backup Manager0.9.3(Beta) With Error Code: 0

============================= New Session Started at 2012-11-10 09:22:22 --> =============================

============================= System Information =============================
Module Name and Version: IDM Backup Manager0.9.3(Beta)
Module Path: C:\Users\Tejas\desktop\project\IDM\IDM BUILD_4\ii.au3
OS Type: WIN32_NT
OS Version: WIN_7
Service Package: Service Pack 1
Total Memory: 1302072
Available Memory: 483316

============================= Variable Assignment =============================
2012-11-10 09:22:22 --> Internet Download Manager Is Running Now...User Selected No
2012-11-10 09:22:23 --> $AppDataIDMFolder = "C:\Users\Tejas\AppData\Roaming\IDM\"  Error Code:0
2012-11-10 09:22:23 --> $TempPath = "C:\Users\Tejas\AppData\Roaming\IDM\"  Error Code:0
2012-11-10 09:22:23 --> Finilized Path $AppDataIDMFolder= "C:\Users\Tejas\AppData\Roaming\IDM\"
2012-11-10 09:22:23 --> Finilized Path $TempPath= "C:\Users\Tejas\AppData\Roaming\IDM\"
2012-11-10 09:22:23 --> $AppDataIDMFolder = "C:\Users\Tejas\AppData\Roaming\IDM\"  Error Code:0
2012-11-10 09:22:23 --> $TempPath = "C:\Users\Tejas\AppData\Roaming\IDM\"  Error Code:0
2012-11-10 09:22:23 --> Finilized Path $AppDataIDMFolder= "C:\Users\Tejas\AppData\Roaming\IDM\"
2012-11-10 09:22:23 --> Finilized Path $TempPath= "C:\Users\Tejas\AppData\Roaming\IDM\"
2012-11-10 09:22:23 --> Window Created: IDM Backup Manager0.9.3(Beta) With Error Code: 0

============================= New Session Started at 2012-11-10 09:23:01 --> =============================

============================= System Information =============================
Module Name and Version: IDM Backup Manager0.9.3(Beta)
Module Path: C:\Users\Tejas\desktop\project\IDM\IDM BUILD_4\IDM Backup Manager.au3
OS Type: WIN32_NT
OS Version: WIN_7
Service Package: Service Pack 1
Total Memory: 1302072
Available Memory: 477764

============================= Variable Assignment =============================
2012-11-10 09:23:03 --> Internet Download Manager Is Running Now...User Selected No
2012-11-10 09:23:05 --> $AppDataIDMFolder = "C:\Users\Tejas\AppData\Roaming\IDM\"  Error Code:0
2012-11-10 09:23:05 --> $TempPath = "C:\Users\Tejas\AppData\Roaming\IDM\"  Error Code:0
2012-11-10 09:23:05 --> Finilized Path $AppDataIDMFolder= "C:\Users\Tejas\AppData\Roaming\IDM\"
2012-11-10 09:23:05 --> Finilized Path $TempPath= "C:\Users\Tejas\AppData\Roaming\IDM\"
2012-11-10 09:23:05 --> $AppDataIDMFolder = "C:\Users\Tejas\AppData\Roaming\IDM\"  Error Code:0
2012-11-10 09:23:05 --> $TempPath = "C:\Users\Tejas\AppData\Roaming\IDM\"  Error Code:0
2012-11-10 09:23:05 --> Finilized Path $AppDataIDMFolder= "C:\Users\Tejas\AppData\Roaming\IDM\"
2012-11-10 09:23:05 --> Finilized Path $TempPath= "C:\Users\Tejas\AppData\Roaming\IDM\"
2012-11-10 09:23:06 --> Window Created: IDM Backup Manager0.9.3(Beta) With Error Code: 0

============================= New Session Started at 2012-11-10 09:23:15 --> =============================

============================= System Information =============================
Module Name and Version: IDM Backup Manager0.9.3(Beta)
Module Path: C:\Users\Tejas\desktop\project\IDM\IDM BUILD_4\IDM Backup Manager.au3
OS Type: WIN32_NT
OS Version: WIN_7
Service Package: Service Pack 1
Total Memory: 1302072
Available Memory: 474916

============================= Variable Assignment =============================
2012-11-10 09:23:15 --> Internet Download Manager Is Running Now...User Selected No
2012-11-10 09:23:16 --> $AppDataIDMFolder = "C:\Users\Tejas\AppData\Roaming\IDM\"  Error Code:0
2012-11-10 09:23:16 --> $TempPath = "C:\Users\Tejas\AppData\Roaming\IDM\"  Error Code:0
2012-11-10 09:23:16 --> Finilized Path $AppDataIDMFolder= "C:\Users\Tejas\AppData\Roaming\IDM\"
2012-11-10 09:23:16 --> Finilized Path $TempPath= "C:\Users\Tejas\AppData\Roaming\IDM\"
2012-11-10 09:23:16 --> $AppDataIDMFolder = "C:\Users\Tejas\AppData\Roaming\IDM\"  Error Code:0
2012-11-10 09:23:16 --> $TempPath = "C:\Users\Tejas\AppData\Roaming\IDM\"  Error Code:0
2012-11-10 09:23:16 --> Finilized Path $AppDataIDMFolder= "C:\Users\Tejas\AppData\Roaming\IDM\"
2012-11-10 09:23:16 --> Finilized Path $TempPath= "C:\Users\Tejas\AppData\Roaming\IDM\"
2012-11-10 09:23:16 --> Window Created: IDM Backup Manager0.9.3(Beta) With Error Code: 0

============================= New Session Started at 2012-11-10 09:23:39 --> =============================

============================= System Information =============================
Module Name and Version: IDM Backup Manager0.9.3(Beta)
Module Path: C:\Users\Tejas\desktop\project\IDM\IDM BUILD_4\IDM Backup Manager.au3
OS Type: WIN32_NT
OS Version: WIN_7
Service Package: Service Pack 1
Total Memory: 1302072
Available Memory: 480252

============================= Variable Assignment =============================
2012-11-10 09:23:40 --> Internet Download Manager Is Running Now...User Selected No
2012-11-10 09:23:40 --> $AppDataIDMFolder = "C:\Users\Tejas\AppData\Roaming\IDM\"  Error Code:0
2012-11-10 09:23:40 --> $TempPath = "C:\Users\Tejas\AppData\Roaming\IDM\"  Error Code:0
2012-11-10 09:23:40 --> Finilized Path $AppDataIDMFolder= "C:\Users\Tejas\AppData\Roaming\IDM\"
2012-11-10 09:23:40 --> Finilized Path $TempPath= "C:\Users\Tejas\AppData\Roaming\IDM\"
2012-11-10 09:23:40 --> $AppDataIDMFolder = "C:\Users\Tejas\AppData\Roaming\IDM\"  Error Code:0
2012-11-10 09:23:40 --> $TempPath = "C:\Users\Tejas\AppData\Roaming\IDM\"  Error Code:0
2012-11-10 09:23:40 --> Finilized Path $AppDataIDMFolder= "C:\Users\Tejas\AppData\Roaming\IDM\"
2012-11-10 09:23:40 --> Finilized Path $TempPath= "C:\Users\Tejas\AppData\Roaming\IDM\"
2012-11-10 09:23:41 --> Window Created: IDM Backup Manager0.9.3(Beta) With Error Code: 0

============================= New Session Started at 2012-11-10 09:24:17 --> =============================

============================= System Information =============================
Module Name and Version: IDM Backup Manager0.9.3(Beta)
Module Path: C:\Users\Tejas\desktop\project\IDM\IDM BUILD_4\IDM Backup Manager.au3
OS Type: WIN32_NT
OS Version: WIN_7
Service Package: Service Pack 1
Total Memory: 1302072
Available Memory: 467272

============================= Variable Assignment =============================
2012-11-10 09:24:18 --> Internet Download Manager Is Running Now...User Selected No
2012-11-10 09:24:18 --> $AppDataIDMFolder = "C:\Users\Tejas\AppData\Roaming\IDM\"  Error Code:0
2012-11-10 09:24:18 --> $TempPath = "C:\Users\Tejas\AppData\Roaming\IDM\"  Error Code:0
2012-11-10 09:24:18 --> Finilized Path $AppDataIDMFolder= "C:\Users\Tejas\AppData\Roaming\IDM\"
2012-11-10 09:24:18 --> Finilized Path $TempPath= "C:\Users\Tejas\AppData\Roaming\IDM\"
2012-11-10 09:24:18 --> $AppDataIDMFolder = "C:\Users\Tejas\AppData\Roaming\IDM\"  Error Code:0
2012-11-10 09:24:18 --> $TempPath = "C:\Users\Tejas\AppData\Roaming\IDM\"  Error Code:0
2012-11-10 09:24:18 --> Finilized Path $AppDataIDMFolder= "C:\Users\Tejas\AppData\Roaming\IDM\"
2012-11-10 09:24:18 --> Finilized Path $TempPath= "C:\Users\Tejas\AppData\Roaming\IDM\"
2012-11-10 09:24:18 --> Window Created: IDM Backup Manager0.9.3(Beta) With Error Code: 0

============================= New Session Started at 2012-11-10 10:28:16 --> =============================

============================= System Information =============================
Module Name and Version: IDM Backup Manager0.9.3(Beta)
Module Path: C:\Users\Tejas\desktop\project\IDM\IDM BUILD_4\IDM Backup Manager.au3
OS Type: WIN32_NT
OS Version: WIN_7
Service Package: Service Pack 1
Total Memory: 1302072
Available Memory: 421868

============================= Variable Assignment =============================
2012-11-10 10:28:17 --> Internet Download Manager Is Running Now...User Selected No
2012-11-10 10:28:17 --> $AppDataIDMFolder = "C:\Users\Tejas\AppData\Roaming\IDM\"  Error Code:0
2012-11-10 10:28:17 --> $TempPath = "C:\Users\Tejas\AppData\Roaming\IDM\"  Error Code:0
2012-11-10 10:28:17 --> Finilized Path $AppDataIDMFolder= "C:\Users\Tejas\AppData\Roaming\IDM\"
2012-11-10 10:28:17 --> Finilized Path $TempPath= "C:\Users\Tejas\AppData\Roaming\IDM\"
2012-11-10 10:28:17 --> $AppDataIDMFolder = "C:\Users\Tejas\AppData\Roaming\IDM\"  Error Code:0
2012-11-10 10:28:17 --> $TempPath = "C:\Users\Tejas\AppData\Roaming\IDM\"  Error Code:0
2012-11-10 10:28:17 --> Finilized Path $AppDataIDMFolder= "C:\Users\Tejas\AppData\Roaming\IDM\"
2012-11-10 10:28:17 --> Finilized Path $TempPath= "C:\Users\Tejas\AppData\Roaming\IDM\"
2012-11-10 10:28:18 --> Window Created: IDM Backup Manager0.9.3(Beta) With Error Code: 0

============================= New Session Started at 2012-11-10 10:29:05 --> =============================

============================= System Information =============================
Module Name and Version: IDM Backup Manager0.9.3(Beta)
Module Path: C:\Users\Tejas\desktop\project\IDM\IDM BUILD_4\IDM Backup Manager.au3
OS Type: WIN32_NT
OS Version: WIN_7
Service Package: Service Pack 1
Total Memory: 1302072
Available Memory: 404568

============================= Variable Assignment =============================
2012-11-10 10:29:05 --> Internet Download Manager Is Running Now...User Selected No
2012-11-10 10:29:06 --> $AppDataIDMFolder = "C:\Users\Tejas\AppData\Roaming\IDM\"  Error Code:0
2012-11-10 10:29:06 --> $TempPath = "C:\Users\Tejas\AppData\Roaming\IDM\"  Error Code:0
2012-11-10 10:29:06 --> Finilized Path $AppDataIDMFolder= "C:\Users\Tejas\AppData\Roaming\IDM\"
2012-11-10 10:29:06 --> Finilized Path $TempPath= "C:\Users\Tejas\AppData\Roaming\IDM\"
2012-11-10 10:29:06 --> $AppDataIDMFolder = "C:\Users\Tejas\AppData\Roaming\IDM\"  Error Code:0
2012-11-10 10:29:06 --> $TempPath = "C:\Users\Tejas\AppData\Roaming\IDM\"  Error Code:0
2012-11-10 10:29:06 --> Finilized Path $AppDataIDMFolder= "C:\Users\Tejas\AppData\Roaming\IDM\"
2012-11-10 10:29:06 --> Finilized Path $TempPath= "C:\Users\Tejas\AppData\Roaming\IDM\"
2012-11-10 10:29:06 --> Window Created: IDM Backup Manager0.9.3(Beta) With Error Code: 0

============================= New Session Started at 2012-11-10 10:29:17 --> =============================

============================= System Information =============================
Module Name and Version: IDM Backup Manager0.9.3(Beta)
Module Path: C:\Users\Tejas\desktop\project\IDM\IDM BUILD_4\IDM Backup Manager.au3
OS Type: WIN32_NT
OS Version: WIN_7
Service Package: Service Pack 1
Total Memory: 1302072
Available Memory: 404012

============================= Variable Assignment =============================
2012-11-10 10:29:18 --> Internet Download Manager Is Running Now...User Selected No
2012-11-10 10:29:19 --> $AppDataIDMFolder = "C:\Users\Tejas\AppData\Roaming\IDM\"  Error Code:0
2012-11-10 10:29:19 --> $TempPath = "C:\Users\Tejas\AppData\Roaming\IDM\"  Error Code:0
2012-11-10 10:29:19 --> Finilized Path $AppDataIDMFolder= "C:\Users\Tejas\AppData\Roaming\IDM\"
2012-11-10 10:29:19 --> Finilized Path $TempPath= "C:\Users\Tejas\AppData\Roaming\IDM\"
2012-11-10 10:29:19 --> $AppDataIDMFolder = "C:\Users\Tejas\AppData\Roaming\IDM\"  Error Code:0
2012-11-10 10:29:19 --> $TempPath = "C:\Users\Tejas\AppData\Roaming\IDM\"  Error Code:0
2012-11-10 10:29:19 --> Finilized Path $AppDataIDMFolder= "C:\Users\Tejas\AppData\Roaming\IDM\"
2012-11-10 10:29:19 --> Finilized Path $TempPath= "C:\Users\Tejas\AppData\Roaming\IDM\"
2012-11-10 10:29:19 --> Window Created: IDM Backup Manager0.9.3(Beta) With Error Code: 0

============================= New Session Started at 2012-11-10 10:29:37 --> =============================

============================= System Information =============================
Module Name and Version: IDM Backup Manager0.9.3(Beta)
Module Path: C:\Users\Tejas\desktop\project\IDM\IDM BUILD_4\IDM Backup Manager.au3
OS Type: WIN32_NT
OS Version: WIN_7
Service Package: Service Pack 1
Total Memory: 1302072
Available Memory: 407904

============================= Variable Assignment =============================
2012-11-10 10:29:39 --> Internet Download Manager Is Running Now...User Selected No
2012-11-10 10:29:40 --> $AppDataIDMFolder = "C:\Users\Tejas\AppData\Roaming\IDM\"  Error Code:0
2012-11-10 10:29:40 --> $TempPath = "C:\Users\Tejas\AppData\Roaming\IDM\"  Error Code:0
2012-11-10 10:29:40 --> Finilized Path $AppDataIDMFolder= "C:\Users\Tejas\AppData\Roaming\IDM\"
2012-11-10 10:29:40 --> Finilized Path $TempPath= "C:\Users\Tejas\AppData\Roaming\IDM\"
2012-11-10 10:29:40 --> $AppDataIDMFolder = "C:\Users\Tejas\AppData\Roaming\IDM\"  Error Code:0
2012-11-10 10:29:40 --> $TempPath = "C:\Users\Tejas\AppData\Roaming\IDM\"  Error Code:0
2012-11-10 10:29:40 --> Finilized Path $AppDataIDMFolder= "C:\Users\Tejas\AppData\Roaming\IDM\"
2012-11-10 10:29:40 --> Finilized Path $TempPath= "C:\Users\Tejas\AppData\Roaming\IDM\"
2012-11-10 10:29:41 --> Window Created: IDM Backup Manager0.9.3(Beta) With Error Code: 0

============================= New Session Started at 2012-11-10 10:55:00 --> =============================

============================= System Information =============================
Module Name and Version: IDM Backup Manager0.9.3(Beta)
Module Path: C:\Users\Tejas\desktop\project\IDM\IDM BUILD_4\IDM Backup Manager.au3
OS Type: WIN32_NT
OS Version: WIN_7
Service Package: Service Pack 1
Total Memory: 1302072
Available Memory: 787600

============================= Variable Assignment =============================
2012-11-10 10:55:01 --> Internet Download Manager Is Running Now...User Selected No
2012-11-10 10:55:01 --> $AppDataIDMFolder = "C:\Users\Tejas\AppData\Roaming\IDM\"  Error Code:0
2012-11-10 10:55:01 --> $TempPath = "C:\Users\Tejas\AppData\Roaming\IDM\"  Error Code:0
2012-11-10 10:55:01 --> Finilized Path $AppDataIDMFolder= "C:\Users\Tejas\AppData\Roaming\IDM\"
2012-11-10 10:55:01 --> Finilized Path $TempPath= "C:\Users\Tejas\AppData\Roaming\IDM\"
2012-11-10 10:55:01 --> $AppDataIDMFolder = "C:\Users\Tejas\AppData\Roaming\IDM\"  Error Code:0
2012-11-10 10:55:01 --> $TempPath = "C:\Users\Tejas\AppData\Roaming\IDM\"  Error Code:0
2012-11-10 10:55:01 --> Finilized Path $AppDataIDMFolder= "C:\Users\Tejas\AppData\Roaming\IDM\"
2012-11-10 10:55:01 --> Finilized Path $TempPath= "C:\Users\Tejas\AppData\Roaming\IDM\"
2012-11-10 10:55:01 --> Window Created: IDM Backup Manager0.9.3(Beta) With Error Code: 0

============================= New Session Started at 2012-11-10 10:55:42 --> =============================

============================= System Information =============================
Module Name and Version: IDM Backup Manager0.9.3(Beta)
Module Path: C:\Users\Tejas\desktop\project\IDM\IDM BUILD_4\IDM Backup Manager.au3
OS Type: WIN32_NT
OS Version: WIN_7
Service Package: Service Pack 1
Total Memory: 1302072
Available Memory: 811376

============================= Variable Assignment =============================
2012-11-10 10:55:42 --> Internet Download Manager Is Running Now...User Selected No
2012-11-10 10:55:43 --> $AppDataIDMFolder = "C:\Users\Tejas\AppData\Roaming\IDM\"  Error Code:0
2012-11-10 10:55:43 --> $TempPath = "C:\Users\Tejas\AppData\Roaming\IDM\"  Error Code:0
2012-11-10 10:55:43 --> Finilized Path $AppDataIDMFolder= "C:\Users\Tejas\AppData\Roaming\IDM\"
2012-11-10 10:55:43 --> Finilized Path $TempPath= "C:\Users\Tejas\AppData\Roaming\IDM\"
2012-11-10 10:55:43 --> $AppDataIDMFolder = "C:\Users\Tejas\AppData\Roaming\IDM\"  Error Code:0
2012-11-10 10:55:43 --> $TempPath = "C:\Users\Tejas\AppData\Roaming\IDM\"  Error Code:0
2012-11-10 10:55:43 --> Finilized Path $AppDataIDMFolder= "C:\Users\Tejas\AppData\Roaming\IDM\"
2012-11-10 10:55:43 --> Finilized Path $TempPath= "C:\Users\Tejas\AppData\Roaming\IDM\"
2012-11-10 10:55:43 --> Window Created: IDM Backup Manager0.9.3(Beta) With Error Code: 0

============================= New Session Started at 2012-11-10 10:56:38 --> =============================

============================= System Information =============================
Module Name and Version: IDM Backup Manager0.9.3(Beta)
Module Path: C:\Users\Tejas\desktop\project\IDM\IDM BUILD_4\IDM Backup Manager.au3
OS Type: WIN32_NT
OS Version: WIN_7
Service Package: Service Pack 1
Total Memory: 1302072
Available Memory: 811552

============================= Variable Assignment =============================
2012-11-10 10:56:39 --> Internet Download Manager Is Running Now...User Selected No
2012-11-10 10:56:39 --> $AppDataIDMFolder = "C:\Users\Tejas\AppData\Roaming\IDM\"  Error Code:0
2012-11-10 10:56:39 --> $TempPath = "C:\Users\Tejas\AppData\Roaming\IDM\"  Error Code:0
2012-11-10 10:56:39 --> Finilized Path $AppDataIDMFolder= "C:\Users\Tejas\AppData\Roaming\IDM\"
2012-11-10 10:56:39 --> Finilized Path $TempPath= "C:\Users\Tejas\AppData\Roaming\IDM\"
2012-11-10 10:56:39 --> $AppDataIDMFolder = "C:\Users\Tejas\AppData\Roaming\IDM\"  Error Code:0
2012-11-10 10:56:39 --> $TempPath = "C:\Users\Tejas\AppData\Roaming\IDM\"  Error Code:0
2012-11-10 10:56:39 --> Finilized Path $AppDataIDMFolder= "C:\Users\Tejas\AppData\Roaming\IDM\"
2012-11-10 10:56:39 --> Finilized Path $TempPath= "C:\Users\Tejas\AppData\Roaming\IDM\"
2012-11-10 10:56:40 --> Window Created: IDM Backup Manager0.9.3(Beta) With Error Code: 0

============================= New Session Started at 2012-11-10 10:58:01 --> =============================

============================= System Information =============================
Module Name and Version: IDM Backup Manager0.9.3(Beta)
Module Path: C:\Users\Tejas\desktop\project\IDM\IDM BUILD_4\IDM Backup Manager.au3
OS Type: WIN32_NT
OS Version: WIN_7
Service Package: Service Pack 1
Total Memory: 1302072
Available Memory: 804820

============================= Variable Assignment =============================
2012-11-10 10:58:01 --> Internet Download Manager Is Running Now...User Selected No
2012-11-10 10:58:02 --> $AppDataIDMFolder = "C:\Users\Tejas\AppData\Roaming\IDM\"  Error Code:0
2012-11-10 10:58:02 --> $TempPath = "C:\Users\Tejas\AppData\Roaming\IDM\"  Error Code:0
2012-11-10 10:58:02 --> Finilized Path $AppDataIDMFolder= "C:\Users\Tejas\AppData\Roaming\IDM\"
2012-11-10 10:58:02 --> Finilized Path $TempPath= "C:\Users\Tejas\AppData\Roaming\IDM\"
2012-11-10 10:58:02 --> $AppDataIDMFolder = "C:\Users\Tejas\AppData\Roaming\IDM\"  Error Code:0
2012-11-10 10:58:02 --> $TempPath = "C:\Users\Tejas\AppData\Roaming\IDM\"  Error Code:0
2012-11-10 10:58:02 --> Finilized Path $AppDataIDMFolder= "C:\Users\Tejas\AppData\Roaming\IDM\"
2012-11-10 10:58:02 --> Finilized Path $TempPath= "C:\Users\Tejas\AppData\Roaming\IDM\"
2012-11-10 10:58:02 --> Window Created: IDM Backup Manager0.9.3(Beta) With Error Code: 0

============================= New Session Started at 2012-11-10 10:58:56 --> =============================

============================= System Information =============================
Module Name and Version: IDM Backup Manager0.9.3(Beta)
Module Path: C:\Users\Tejas\desktop\project\IDM\IDM BUILD_4\IDM Backup Manager.au3
OS Type: WIN32_NT
OS Version: WIN_7
Service Package: Service Pack 1
Total Memory: 1302072
Available Memory: 806828

============================= Variable Assignment =============================
2012-11-10 10:58:56 --> Internet Download Manager Is Running Now...User Selected No
2012-11-10 10:58:57 --> $AppDataIDMFolder = "C:\Users\Tejas\AppData\Roaming\IDM\"  Error Code:0
2012-11-10 10:58:57 --> $TempPath = "C:\Users\Tejas\AppData\Roaming\IDM\"  Error Code:0
2012-11-10 10:58:57 --> Finilized Path $AppDataIDMFolder= "C:\Users\Tejas\AppData\Roaming\IDM\"
2012-11-10 10:58:57 --> Finilized Path $TempPath= "C:\Users\Tejas\AppData\Roaming\IDM\"
2012-11-10 10:58:57 --> $AppDataIDMFolder = "C:\Users\Tejas\AppData\Roaming\IDM\"  Error Code:0
2012-11-10 10:58:57 --> $TempPath = "C:\Users\Tejas\AppData\Roaming\IDM\"  Error Code:0
2012-11-10 10:58:57 --> Finilized Path $AppDataIDMFolder= "C:\Users\Tejas\AppData\Roaming\IDM\"
2012-11-10 10:58:57 --> Finilized Path $TempPath= "C:\Users\Tejas\AppData\Roaming\IDM\"
2012-11-10 10:58:57 --> Window Created: IDM Backup Manager0.9.3(Beta) With Error Code: 0

============================= New Session Started at 2012-11-10 11:00:05 --> =============================

============================= System Information =============================
Module Name and Version: IDM Backup Manager0.9.3(Beta)
Module Path: C:\Users\Tejas\desktop\project\IDM\IDM BUILD_4\IDM Backup Manager.exe
OS Type: WIN32_NT
OS Version: WIN_7
Service Package: Service Pack 1
Total Memory: 1302072
Available Memory: 824808

============================= Variable Assignment =============================
2012-11-10 11:00:06 --> Internet Download Manager Is Running Now...User Selected No
2012-11-10 11:00:06 --> $AppDataIDMFolder = "C:\Users\Tejas\AppData\Roaming\IDM\"  Error Code:0
2012-11-10 11:00:06 --> $TempPath = "C:\Users\Tejas\AppData\Roaming\IDM\"  Error Code:0
2012-11-10 11:00:06 --> Finilized Path $AppDataIDMFolder= "C:\Users\Tejas\AppData\Roaming\IDM\"
2012-11-10 11:00:06 --> Finilized Path $TempPath= "C:\Users\Tejas\AppData\Roaming\IDM\"
2012-11-10 11:00:06 --> $AppDataIDMFolder = "C:\Users\Tejas\AppData\Roaming\IDM\"  Error Code:0
2012-11-10 11:00:06 --> $TempPath = "C:\Users\Tejas\AppData\Roaming\IDM\"  Error Code:0
2012-11-10 11:00:06 --> Finilized Path $AppDataIDMFolder= "C:\Users\Tejas\AppData\Roaming\IDM\"
2012-11-10 11:00:06 --> Finilized Path $TempPath= "C:\Users\Tejas\AppData\Roaming\IDM\"
2012-11-10 11:00:07 --> Window Created: IDM Backup Manager0.9.3(Beta) With Error Code: 0

============================= New Session Started at 2012-11-10 11:02:26 --> =============================

============================= System Information =============================
Module Name and Version: IDM Backup Manager0.9.3(Beta)
Module Path: C:\Users\Tejas\desktop\project\IDM\IDM BUILD_4\IDM Backup Manager.exe
OS Type: WIN32_NT
OS Version: WIN_7
Service Package: Service Pack 1
Total Memory: 1302072
Available Memory: 825892

============================= Variable Assignment =============================
2012-11-10 11:02:27 --> Internet Download Manager Is Running Now...User Selected No
2012-11-10 11:02:27 --> $AppDataIDMFolder = "C:\Users\Tejas\AppData\Roaming\IDM\"  Error Code:0
2012-11-10 11:02:27 --> $TempPath = "C:\Users\Tejas\AppData\Roaming\IDM\"  Error Code:0
2012-11-10 11:02:27 --> Finilized Path $AppDataIDMFolder= "C:\Users\Tejas\AppData\Roaming\IDM\"
2012-11-10 11:02:27 --> Finilized Path $TempPath= "C:\Users\Tejas\AppData\Roaming\IDM\"
2012-11-10 11:02:27 --> $AppDataIDMFolder = "C:\Users\Tejas\AppData\Roaming\IDM\"  Error Code:0
2012-11-10 11:02:27 --> $TempPath = "C:\Users\Tejas\AppData\Roaming\IDM\"  Error Code:0
2012-11-10 11:02:27 --> Finilized Path $AppDataIDMFolder= "C:\Users\Tejas\AppData\Roaming\IDM\"
2012-11-10 11:02:27 --> Finilized Path $TempPath= "C:\Users\Tejas\AppData\Roaming\IDM\"
2012-11-10 11:02:28 --> Window Created: IDM Backup Manager0.9.3(Beta) With Error Code: 0

============================= New Session Started at 2012-11-10 11:10:08 --> =============================

============================= System Information =============================
Module Name and Version: IDM Backup Manager0.9.3(Beta)
Module Path: C:\Users\Tejas\desktop\project\IDM\IDM BUILD_4\IDM Backup Manager.au3
OS Type: WIN32_NT
OS Version: WIN_7
Service Package: Service Pack 1
Total Memory: 1302072
Available Memory: 779332

============================= Variable Assignment =============================
2012-11-10 11:10:09 --> Internet Download Manager Is Running Now...User Selected No
2012-11-10 11:10:09 --> $AppDataIDMFolder = "C:\Users\Tejas\AppData\Roaming\IDM\"  Error Code:0
2012-11-10 11:10:09 --> $TempPath = "C:\Users\Tejas\AppData\Roaming\IDM\"  Error Code:0
2012-11-10 11:10:09 --> Finilized Path $AppDataIDMFolder= "C:\Users\Tejas\AppData\Roaming\IDM\"
2012-11-10 11:10:09 --> Finilized Path $TempPath= "C:\Users\Tejas\AppData\Roaming\IDM\"
2012-11-10 11:10:09 --> $AppDataIDMFolder = "C:\Users\Tejas\AppData\Roaming\IDM\"  Error Code:0
2012-11-10 11:10:09 --> $TempPath = "C:\Users\Tejas\AppData\Roaming\IDM\"  Error Code:0
2012-11-10 11:10:09 --> Finilized Path $AppDataIDMFolder= "C:\Users\Tejas\AppData\Roaming\IDM\"
2012-11-10 11:10:09 --> Finilized Path $TempPath= "C:\Users\Tejas\AppData\Roaming\IDM\"
2012-11-10 11:10:10 --> Window Created: IDM Backup Manager0.9.3(Beta) With Error Code: 0

============================= New Session Started at 2012-11-10 11:10:33 --> =============================

============================= System Information =============================
Module Name and Version: IDM Backup Manager0.9.3(Beta)
Module Path: C:\Users\Tejas\desktop\project\IDM\IDM BUILD_4\IDM Backup Manager.au3
OS Type: WIN32_NT
OS Version: WIN_7
Service Package: Service Pack 1
Total Memory: 1302072
Available Memory: 782360

============================= Variable Assignment =============================
2012-11-10 11:10:33 --> Internet Download Manager Is Running Now...User Selected No
2012-11-10 11:10:34 --> $AppDataIDMFolder = "C:\Users\Tejas\AppData\Roaming\IDM\"  Error Code:0
2012-11-10 11:10:34 --> $TempPath = "C:\Users\Tejas\AppData\Roaming\IDM\"  Error Code:0
2012-11-10 11:10:34 --> Finilized Path $AppDataIDMFolder= "C:\Users\Tejas\AppData\Roaming\IDM\"
2012-11-10 11:10:34 --> Finilized Path $TempPath= "C:\Users\Tejas\AppData\Roaming\IDM\"
2012-11-10 11:10:34 --> $AppDataIDMFolder = "C:\Users\Tejas\AppData\Roaming\IDM\"  Error Code:0
2012-11-10 11:10:34 --> $TempPath = "C:\Users\Tejas\AppData\Roaming\IDM\"  Error Code:0
2012-11-10 11:10:34 --> Finilized Path $AppDataIDMFolder= "C:\Users\Tejas\AppData\Roaming\IDM\"
2012-11-10 11:10:34 --> Finilized Path $TempPath= "C:\Users\Tejas\AppData\Roaming\IDM\"
2012-11-10 11:10:34 --> Window Created: IDM Backup Manager0.9.3(Beta) With Error Code: 0

============================= New Session Started at 2012-11-10 11:12:26 --> =============================

============================= System Information =============================
Module Name and Version: IDM Backup Manager0.9.3(Beta)
Module Path: C:\Users\Tejas\desktop\project\IDM\IDM BUILD_4\IDM Backup Manager.au3
OS Type: WIN32_NT
OS Version: WIN_7
Service Package: Service Pack 1
Total Memory: 1302072
Available Memory: 790452

============================= Variable Assignment =============================
2012-11-10 11:12:27 --> Internet Download Manager Is Running Now...User Selected No
2012-11-10 11:12:27 --> $AppDataIDMFolder = "C:\Users\Tejas\AppData\Roaming\IDM\"  Error Code:0
2012-11-10 11:12:27 --> $TempPath = "C:\Users\Tejas\AppData\Roaming\IDM\"  Error Code:0
2012-11-10 11:12:27 --> Finilized Path $AppDataIDMFolder= "C:\Users\Tejas\AppData\Roaming\IDM\"
2012-11-10 11:12:27 --> Finilized Path $TempPath= "C:\Users\Tejas\AppData\Roaming\IDM\"
2012-11-10 11:12:27 --> $AppDataIDMFolder = "C:\Users\Tejas\AppData\Roaming\IDM\"  Error Code:0
2012-11-10 11:12:27 --> $TempPath = "C:\Users\Tejas\AppData\Roaming\IDM\"  Error Code:0
2012-11-10 11:12:27 --> Finilized Path $AppDataIDMFolder= "C:\Users\Tejas\AppData\Roaming\IDM\"
2012-11-10 11:12:27 --> Finilized Path $TempPath= "C:\Users\Tejas\AppData\Roaming\IDM\"
2012-11-10 11:12:28 --> Window Created: IDM Backup Manager0.9.3(Beta) With Error Code: 0

============================= New Session Started at 2012-11-10 11:14:20 --> =============================

============================= System Information =============================
Module Name and Version: IDM Backup Manager0.9.3(Beta)
Module Path: C:\Users\Tejas\desktop\project\IDM\IDM BUILD_4\IDM Backup Manager.au3
OS Type: WIN32_NT
OS Version: WIN_7
Service Package: Service Pack 1
Total Memory: 1302072
Available Memory: 794240

============================= Variable Assignment =============================
2012-11-10 11:14:21 --> Internet Download Manager Is Running Now...User Selected No
2012-11-10 11:14:22 --> $AppDataIDMFolder = "C:\Users\Tejas\AppData\Roaming\IDM\"  Error Code:0
2012-11-10 11:14:22 --> $TempPath = "C:\Users\Tejas\AppData\Roaming\IDM\"  Error Code:0
2012-11-10 11:14:22 --> Finilized Path $AppDataIDMFolder= "C:\Users\Tejas\AppData\Roaming\IDM\"
2012-11-10 11:14:22 --> Finilized Path $TempPath= "C:\Users\Tejas\AppData\Roaming\IDM\"
2012-11-10 11:14:22 --> $AppDataIDMFolder = "C:\Users\Tejas\AppData\Roaming\IDM\"  Error Code:0
2012-11-10 11:14:22 --> $TempPath = "C:\Users\Tejas\AppData\Roaming\IDM\"  Error Code:0
2012-11-10 11:14:22 --> Finilized Path $AppDataIDMFolder= "C:\Users\Tejas\AppData\Roaming\IDM\"
2012-11-10 11:14:22 --> Finilized Path $TempPath= "C:\Users\Tejas\AppData\Roaming\IDM\"
2012-11-10 11:14:22 --> Window Created: IDM Backup Manager0.9.3(Beta) With Error Code: 0

============================= New Session Started at 2012-11-10 11:14:55 --> =============================

============================= System Information =============================
Module Name and Version: IDM Backup Manager0.9.3(Beta)
Module Path: C:\Users\Tejas\desktop\project\IDM\IDM BUILD_4\IDM Backup Manager.au3
OS Type: WIN32_NT
OS Version: WIN_7
Service Package: Service Pack 1
Total Memory: 1302072
Available Memory: 796152

============================= Variable Assignment =============================
2012-11-10 11:14:56 --> Internet Download Manager Is Running Now...User Selected No
2012-11-10 11:14:56 --> $AppDataIDMFolder = "C:\Users\Tejas\AppData\Roaming\IDM\"  Error Code:0
2012-11-10 11:14:56 --> $TempPath = "C:\Users\Tejas\AppData\Roaming\IDM\"  Error Code:0
2012-11-10 11:14:56 --> Finilized Path $AppDataIDMFolder= "C:\Users\Tejas\AppData\Roaming\IDM\"
2012-11-10 11:14:56 --> Finilized Path $TempPath= "C:\Users\Tejas\AppData\Roaming\IDM\"
2012-11-10 11:14:56 --> $AppDataIDMFolder = "C:\Users\Tejas\AppData\Roaming\IDM\"  Error Code:0
2012-11-10 11:14:56 --> $TempPath = "C:\Users\Tejas\AppData\Roaming\IDM\"  Error Code:0
2012-11-10 11:14:56 --> Finilized Path $AppDataIDMFolder= "C:\Users\Tejas\AppData\Roaming\IDM\"
2012-11-10 11:14:56 --> Finilized Path $TempPath= "C:\Users\Tejas\AppData\Roaming\IDM\"
2012-11-10 11:14:56 --> Window Created: IDM Backup Manager0.9.3(Beta) With Error Code: 0

============================= New Session Started at 2012-11-10 11:22:04 --> =============================

============================= System Information =============================
Module Name and Version: IDM Backup Manager0.9.3(Beta)
Module Path: C:\Users\Tejas\desktop\project\IDM\IDM BUILD_4\IDM Backup Manager.au3
OS Type: WIN32_NT
OS Version: WIN_7
Service Package: Service Pack 1
Total Memory: 1302072
Available Memory: 792056

============================= Variable Assignment =============================
2012-11-10 11:22:05 --> Internet Download Manager Is Running Now...User Selected No
2012-11-10 11:22:05 --> $AppDataIDMFolder = "C:\Users\Tejas\AppData\Roaming\IDM\"  Error Code:0
2012-11-10 11:22:05 --> $TempPath = "C:\Users\Tejas\AppData\Roaming\IDM\"  Error Code:0
2012-11-10 11:22:05 --> Finilized Path $AppDataIDMFolder= "C:\Users\Tejas\AppData\Roaming\IDM\"
2012-11-10 11:22:05 --> Finilized Path $TempPath= "C:\Users\Tejas\AppData\Roaming\IDM\"
2012-11-10 11:22:05 --> $AppDataIDMFolder = "C:\Users\Tejas\AppData\Roaming\IDM\"  Error Code:0
2012-11-10 11:22:05 --> $TempPath = "C:\Users\Tejas\AppData\Roaming\IDM\"  Error Code:0
2012-11-10 11:22:05 --> Finilized Path $AppDataIDMFolder= "C:\Users\Tejas\AppData\Roaming\IDM\"
2012-11-10 11:22:05 --> Finilized Path $TempPath= "C:\Users\Tejas\AppData\Roaming\IDM\"
2012-11-10 11:22:06 --> Window Created: IDM Backup Manager0.9.3(Beta) With Error Code: 0

============================= New Session Started at 2012-11-10 11:22:20 --> =============================

============================= System Information =============================
Module Name and Version: IDM Backup Manager0.9.3(Beta)
Module Path: C:\Users\Tejas\desktop\project\IDM\IDM BUILD_4\IDM Backup Manager.au3
OS Type: WIN32_NT
OS Version: WIN_7
Service Package: Service Pack 1
Total Memory: 1302072
Available Memory: 797212

============================= Variable Assignment =============================
2012-11-10 11:22:20 --> Internet Download Manager Is Running Now...User Selected No
2012-11-10 11:22:21 --> $AppDataIDMFolder = "C:\Users\Tejas\AppData\Roaming\IDM\"  Error Code:0
2012-11-10 11:22:21 --> $TempPath = "C:\Users\Tejas\AppData\Roaming\IDM\"  Error Code:0
2012-11-10 11:22:21 --> Finilized Path $AppDataIDMFolder= "C:\Users\Tejas\AppData\Roaming\IDM\"
2012-11-10 11:22:21 --> Finilized Path $TempPath= "C:\Users\Tejas\AppData\Roaming\IDM\"
2012-11-10 11:22:21 --> $AppDataIDMFolder = "C:\Users\Tejas\AppData\Roaming\IDM\"  Error Code:0
2012-11-10 11:22:21 --> $TempPath = "C:\Users\Tejas\AppData\Roaming\IDM\"  Error Code:0
2012-11-10 11:22:21 --> Finilized Path $AppDataIDMFolder= "C:\Users\Tejas\AppData\Roaming\IDM\"
2012-11-10 11:22:21 --> Finilized Path $TempPath= "C:\Users\Tejas\AppData\Roaming\IDM\"
2012-11-10 11:22:21 --> Window Created: IDM Backup Manager0.9.3(Beta) With Error Code: 0

============================= New Session Started at 2012-11-10 11:23:04 --> =============================

============================= System Information =============================
Module Name and Version: IDM Backup Manager0.9.3(Beta)
Module Path: C:\Users\Tejas\desktop\project\IDM\IDM BUILD_4\IDM Backup Manager.au3
OS Type: WIN32_NT
OS Version: WIN_7
Service Package: Service Pack 1
Total Memory: 1302072
Available Memory: 793764

============================= Variable Assignment =============================
2012-11-10 11:23:04 --> Internet Download Manager Is Running Now...User Selected No
2012-11-10 11:23:05 --> $AppDataIDMFolder = "C:\Users\Tejas\AppData\Roaming\IDM\"  Error Code:0
2012-11-10 11:23:05 --> $TempPath = "C:\Users\Tejas\AppData\Roaming\IDM\"  Error Code:0
2012-11-10 11:23:05 --> Finilized Path $AppDataIDMFolder= "C:\Users\Tejas\AppData\Roaming\IDM\"
2012-11-10 11:23:05 --> Finilized Path $TempPath= "C:\Users\Tejas\AppData\Roaming\IDM\"
2012-11-10 11:23:05 --> $AppDataIDMFolder = "C:\Users\Tejas\AppData\Roaming\IDM\"  Error Code:0
2012-11-10 11:23:05 --> $TempPath = "C:\Users\Tejas\AppData\Roaming\IDM\"  Error Code:0
2012-11-10 11:23:05 --> Finilized Path $AppDataIDMFolder= "C:\Users\Tejas\AppData\Roaming\IDM\"
2012-11-10 11:23:05 --> Finilized Path $TempPath= "C:\Users\Tejas\AppData\Roaming\IDM\"
2012-11-10 11:23:05 --> Window Created: IDM Backup Manager0.9.3(Beta) With Error Code: 0

============================= New Session Started at 2012-11-10 11:23:17 --> =============================

============================= System Information =============================
Module Name and Version: IDM Backup Manager0.9.3(Beta)
Module Path: C:\Users\Tejas\desktop\project\IDM\IDM BUILD_4\IDM Backup Manager.au3
OS Type: WIN32_NT
OS Version: WIN_7
Service Package: Service Pack 1
Total Memory: 1302072
Available Memory: 794012

============================= Variable Assignment =============================
2012-11-10 11:23:18 --> Internet Download Manager Is Running Now...User Selected No
2012-11-10 11:23:18 --> $AppDataIDMFolder = "C:\Users\Tejas\AppData\Roaming\IDM\"  Error Code:0
2012-11-10 11:23:18 --> $TempPath = "C:\Users\Tejas\AppData\Roaming\IDM\"  Error Code:0
2012-11-10 11:23:18 --> Finilized Path $AppDataIDMFolder= "C:\Users\Tejas\AppData\Roaming\IDM\"
2012-11-10 11:23:18 --> Finilized Path $TempPath= "C:\Users\Tejas\AppData\Roaming\IDM\"
2012-11-10 11:23:18 --> $AppDataIDMFolder = "C:\Users\Tejas\AppData\Roaming\IDM\"  Error Code:0
2012-11-10 11:23:18 --> $TempPath = "C:\Users\Tejas\AppData\Roaming\IDM\"  Error Code:0
2012-11-10 11:23:18 --> Finilized Path $AppDataIDMFolder= "C:\Users\Tejas\AppData\Roaming\IDM\"
2012-11-10 11:23:18 --> Finilized Path $TempPath= "C:\Users\Tejas\AppData\Roaming\IDM\"
2012-11-10 11:23:19 --> Window Created: IDM Backup Manager0.9.3(Beta) With Error Code: 0

============================= New Session Started at 2012-11-10 11:23:52 --> =============================

============================= System Information =============================
Module Name and Version: IDM Backup Manager0.9.3(Beta)
Module Path: C:\Users\Tejas\desktop\project\IDM\IDM BUILD_4\IDM Backup Manager.au3
OS Type: WIN32_NT
OS Version: WIN_7
Service Package: Service Pack 1
Total Memory: 1302072
Available Memory: 801348

============================= Variable Assignment =============================
2012-11-10 11:23:53 --> Internet Download Manager Is Running Now...User Selected No
2012-11-10 11:23:53 --> $AppDataIDMFolder = "C:\Users\Tejas\AppData\Roaming\IDM\"  Error Code:0
2012-11-10 11:23:53 --> $TempPath = "C:\Users\Tejas\AppData\Roaming\IDM\"  Error Code:0
2012-11-10 11:23:53 --> Finilized Path $AppDataIDMFolder= "C:\Users\Tejas\AppData\Roaming\IDM\"
2012-11-10 11:23:53 --> Finilized Path $TempPath= "C:\Users\Tejas\AppData\Roaming\IDM\"
2012-11-10 11:23:53 --> $AppDataIDMFolder = "C:\Users\Tejas\AppData\Roaming\IDM\"  Error Code:0
2012-11-10 11:23:53 --> $TempPath = "C:\Users\Tejas\AppData\Roaming\IDM\"  Error Code:0
2012-11-10 11:23:53 --> Finilized Path $AppDataIDMFolder= "C:\Users\Tejas\AppData\Roaming\IDM\"
2012-11-10 11:23:53 --> Finilized Path $TempPath= "C:\Users\Tejas\AppData\Roaming\IDM\"
2012-11-10 11:23:53 --> Window Created: IDM Backup Manager0.9.3(Beta) With Error Code: 0

============================= New Session Started at 2012-11-10 11:24:16 --> =============================

============================= System Information =============================
Module Name and Version: IDM Backup Manager0.9.3(Beta)
Module Path: C:\Users\Tejas\desktop\project\IDM\IDM BUILD_4\IDM Backup Manager.au3
OS Type: WIN32_NT
OS Version: WIN_7
Service Package: Service Pack 1
Total Memory: 1302072
Available Memory: 804588

============================= Variable Assignment =============================
2012-11-10 11:24:18 --> Internet Download Manager Is Running Now...User Selected No
2012-11-10 11:24:18 --> $AppDataIDMFolder = "C:\Users\Tejas\AppData\Roaming\IDM\"  Error Code:0
2012-11-10 11:24:18 --> $TempPath = "C:\Users\Tejas\AppData\Roaming\IDM\"  Error Code:0
2012-11-10 11:24:18 --> Finilized Path $AppDataIDMFolder= "C:\Users\Tejas\AppData\Roaming\IDM\"
2012-11-10 11:24:18 --> Finilized Path $TempPath= "C:\Users\Tejas\AppData\Roaming\IDM\"
2012-11-10 11:24:18 --> $AppDataIDMFolder = "C:\Users\Tejas\AppData\Roaming\IDM\"  Error Code:0
2012-11-10 11:24:18 --> $TempPath = "C:\Users\Tejas\AppData\Roaming\IDM\"  Error Code:0
2012-11-10 11:24:18 --> Finilized Path $AppDataIDMFolder= "C:\Users\Tejas\AppData\Roaming\IDM\"
2012-11-10 11:24:18 --> Finilized Path $TempPath= "C:\Users\Tejas\AppData\Roaming\IDM\"
2012-11-10 11:24:18 --> Window Created: IDM Backup Manager0.9.3(Beta) With Error Code: 0

============================= New Session Started at 2012-11-10 13:36:20 --> =============================

============================= System Information =============================
Module Name and Version: IDM Backup Manager0.9.3(Beta)
Module Path: C:\Users\Tejas\desktop\project\IDM\IDM BUILD_4\IDM Backup Manager.exe
OS Type: WIN32_NT
OS Version: WIN_7
Service Package: Service Pack 1
Total Memory: 1302072
Available Memory: 824252

============================= Variable Assignment =============================
2012-11-10 13:36:20 --> Internet Download Manager Is Running Now...User Selected No
2012-11-10 13:36:21 --> $AppDataIDMFolder = "C:\Users\Tejas\AppData\Roaming\IDM\"  Error Code:0
2012-11-10 13:36:21 --> $TempPath = "C:\Users\Tejas\AppData\Roaming\IDM\"  Error Code:0
2012-11-10 13:36:21 --> Finilized Path $AppDataIDMFolder= "C:\Users\Tejas\AppData\Roaming\IDM\"
2012-11-10 13:36:21 --> Finilized Path $TempPath= "C:\Users\Tejas\AppData\Roaming\IDM\"
2012-11-10 13:36:21 --> $AppDataIDMFolder = "C:\Users\Tejas\AppData\Roaming\IDM\"  Error Code:0
2012-11-10 13:36:21 --> $TempPath = "C:\Users\Tejas\AppData\Roaming\IDM\"  Error Code:0
2012-11-10 13:36:21 --> Finilized Path $AppDataIDMFolder= "C:\Users\Tejas\AppData\Roaming\IDM\"
2012-11-10 13:36:21 --> Finilized Path $TempPath= "C:\Users\Tejas\AppData\Roaming\IDM\"
2012-11-10 13:36:21 --> Window Created: IDM Backup Manager0.9.3(Beta) With Error Code: 0

============================= New Session Started at 2012-11-10 13:37:00 --> =============================

============================= System Information =============================
Module Name and Version: IDM Backup Manager0.9.3(Beta)
Module Path: C:\Users\Tejas\desktop\project\IDM\IDM BUILD_4\IDM Backup Manager.exe
OS Type: WIN32_NT
OS Version: WIN_7
Service Package: Service Pack 1
Total Memory: 1302072
Available Memory: 835408

============================= Variable Assignment =============================
2012-11-10 13:37:00 --> Internet Download Manager Is Running Now...User Selected No
2012-11-10 13:37:01 --> $AppDataIDMFolder = "C:\Users\Tejas\AppData\Roaming\IDM\"  Error Code:0
2012-11-10 13:37:01 --> $TempPath = "C:\Users\Tejas\AppData\Roaming\IDM\"  Error Code:0
2012-11-10 13:37:01 --> Finilized Path $AppDataIDMFolder= "C:\Users\Tejas\AppData\Roaming\IDM\"
2012-11-10 13:37:01 --> Finilized Path $TempPath= "C:\Users\Tejas\AppData\Roaming\IDM\"
2012-11-10 13:37:01 --> $AppDataIDMFolder = "C:\Users\Tejas\AppData\Roaming\IDM\"  Error Code:0
2012-11-10 13:37:01 --> $TempPath = "C:\Users\Tejas\AppData\Roaming\IDM\"  Error Code:0
2012-11-10 13:37:01 --> Finilized Path $AppDataIDMFolder= "C:\Users\Tejas\AppData\Roaming\IDM\"
2012-11-10 13:37:01 --> Finilized Path $TempPath= "C:\Users\Tejas\AppData\Roaming\IDM\"
2012-11-10 13:37:01 --> Window Created: IDM Backup Manager0.9.3(Beta) With Error Code: 0

============================= New Session Started at 2012-11-10 13:37:33 --> =============================

============================= System Information =============================
Module Name and Version: IDM Backup Manager0.9.3(Beta)
Module Path: C:\Users\Tejas\desktop\project\IDM\IDM BUILD_4\IDM Backup Manager.exe
OS Type: WIN32_NT
OS Version: WIN_7
Service Package: Service Pack 1
Total Memory: 1302072
Available Memory: 833980

============================= Variable Assignment =============================
2012-11-10 13:37:34 --> Internet Download Manager Is Running Now...User Selected No
2012-11-10 13:37:34 --> $AppDataIDMFolder = "C:\Users\Tejas\AppData\Roaming\IDM\"  Error Code:0
2012-11-10 13:37:34 --> $TempPath = "C:\Users\Tejas\AppData\Roaming\IDM\"  Error Code:0
2012-11-10 13:37:34 --> Finilized Path $AppDataIDMFolder= "C:\Users\Tejas\AppData\Roaming\IDM\"
2012-11-10 13:37:34 --> Finilized Path $TempPath= "C:\Users\Tejas\AppData\Roaming\IDM\"
2012-11-10 13:37:34 --> $AppDataIDMFolder = "C:\Users\Tejas\AppData\Roaming\IDM\"  Error Code:0
2012-11-10 13:37:34 --> $TempPath = "C:\Users\Tejas\AppData\Roaming\IDM\"  Error Code:0
2012-11-10 13:37:34 --> Finilized Path $AppDataIDMFolder= "C:\Users\Tejas\AppData\Roaming\IDM\"
2012-11-10 13:37:34 --> Finilized Path $TempPath= "C:\Users\Tejas\AppData\Roaming\IDM\"
2012-11-10 13:37:35 --> Window Created: IDM Backup Manager0.9.3(Beta) With Error Code: 0

============================= New Session Started at 2012-11-10 13:38:19 --> =============================

============================= System Information =============================
Module Name and Version: IDM Backup Manager0.9.3(Beta)
Module Path: C:\Users\Tejas\desktop\project\IDM\IDM BUILD_4\IDM Backup Manager.au3
OS Type: WIN32_NT
OS Version: WIN_7
Service Package: Service Pack 1
Total Memory: 1302072
Available Memory: 819108

============================= Variable Assignment =============================
2012-11-10 13:38:20 --> Internet Download Manager Is Running Now...User Selected No
2012-11-10 13:38:20 --> $AppDataIDMFolder = "C:\Users\Tejas\AppData\Roaming\IDM\"  Error Code:0
2012-11-10 13:38:20 --> $TempPath = "C:\Users\Tejas\AppData\Roaming\IDM\"  Error Code:0
2012-11-10 13:38:20 --> Finilized Path $AppDataIDMFolder= "C:\Users\Tejas\AppData\Roaming\IDM\"
2012-11-10 13:38:20 --> Finilized Path $TempPath= "C:\Users\Tejas\AppData\Roaming\IDM\"
2012-11-10 13:38:20 --> $AppDataIDMFolder = "C:\Users\Tejas\AppData\Roaming\IDM\"  Error Code:0
2012-11-10 13:38:20 --> $TempPath = "C:\Users\Tejas\AppData\Roaming\IDM\"  Error Code:0
2012-11-10 13:38:20 --> Finilized Path $AppDataIDMFolder= "C:\Users\Tejas\AppData\Roaming\IDM\"
2012-11-10 13:38:20 --> Finilized Path $TempPath= "C:\Users\Tejas\AppData\Roaming\IDM\"
2012-11-10 13:38:21 --> Window Created: IDM Backup Manager0.9.3(Beta) With Error Code: 0

============================= New Session Started at 2012-11-10 13:39:20 --> =============================

============================= System Information =============================
Module Name and Version: IDM Backup Manager0.9.3(Beta)
Module Path: C:\Users\Tejas\desktop\project\IDM\IDM BUILD_4\IDM Backup Manager.au3
OS Type: WIN32_NT
OS Version: WIN_7
Service Package: Service Pack 1
Total Memory: 1302072
Available Memory: 805856

============================= Variable Assignment =============================
2012-11-10 13:39:21 --> Internet Download Manager Is Running Now...User Selected No
2012-11-10 13:39:21 --> $AppDataIDMFolder = "C:\Users\Tejas\AppData\Roaming\IDM\"  Error Code:0
2012-11-10 13:39:21 --> $TempPath = "C:\Users\Tejas\AppData\Roaming\IDM\"  Error Code:0
2012-11-10 13:39:21 --> Finilized Path $AppDataIDMFolder= "C:\Users\Tejas\AppData\Roaming\IDM\"
2012-11-10 13:39:21 --> Finilized Path $TempPath= "C:\Users\Tejas\AppData\Roaming\IDM\"
2012-11-10 13:39:21 --> $AppDataIDMFolder = "C:\Users\Tejas\AppData\Roaming\IDM\"  Error Code:0
2012-11-10 13:39:21 --> $TempPath = "C:\Users\Tejas\AppData\Roaming\IDM\"  Error Code:0
2012-11-10 13:39:21 --> Finilized Path $AppDataIDMFolder= "C:\Users\Tejas\AppData\Roaming\IDM\"
2012-11-10 13:39:21 --> Finilized Path $TempPath= "C:\Users\Tejas\AppData\Roaming\IDM\"
2012-11-10 13:39:22 --> Window Created: IDM Backup Manager0.9.3(Beta) With Error Code: 0

============================= New Session Started at 2012-11-10 13:40:12 --> =============================

============================= System Information =============================
Module Name and Version: IDM Backup Manager0.9.3(Beta)
Module Path: C:\Users\Tejas\desktop\project\IDM\IDM BUILD_4\IDM Backup Manager.au3
OS Type: WIN32_NT
OS Version: WIN_7
Service Package: Service Pack 1
Total Memory: 1302072
Available Memory: 814096

============================= Variable Assignment =============================
2012-11-10 13:40:13 --> Internet Download Manager Is Running Now...User Selected No
2012-11-10 13:40:13 --> $AppDataIDMFolder = "C:\Users\Tejas\AppData\Roaming\IDM\"  Error Code:0
2012-11-10 13:40:13 --> $TempPath = "C:\Users\Tejas\AppData\Roaming\IDM\"  Error Code:0
2012-11-10 13:40:13 --> Finilized Path $AppDataIDMFolder= "C:\Users\Tejas\AppData\Roaming\IDM\"
2012-11-10 13:40:13 --> Finilized Path $TempPath= "C:\Users\Tejas\AppData\Roaming\IDM\"
2012-11-10 13:40:13 --> $AppDataIDMFolder = "C:\Users\Tejas\AppData\Roaming\IDM\"  Error Code:0
2012-11-10 13:40:13 --> $TempPath = "C:\Users\Tejas\AppData\Roaming\IDM\"  Error Code:0
2012-11-10 13:40:13 --> Finilized Path $AppDataIDMFolder= "C:\Users\Tejas\AppData\Roaming\IDM\"
2012-11-10 13:40:13 --> Finilized Path $TempPath= "C:\Users\Tejas\AppData\Roaming\IDM\"
2012-11-10 13:40:13 --> Window Created: IDM Backup Manager0.9.3(Beta) With Error Code: 0

============================= New Session Started at 2012-11-10 13:40:30 --> =============================

============================= System Information =============================
Module Name and Version: IDM Backup Manager0.9.3(Beta)
Module Path: C:\Users\Tejas\desktop\project\IDM\IDM BUILD_4\IDM Backup Manager.au3
OS Type: WIN32_NT
OS Version: WIN_7
Service Package: Service Pack 1
Total Memory: 1302072
Available Memory: 810652

============================= Variable Assignment =============================
2012-11-10 13:40:31 --> Internet Download Manager Is Running Now...User Selected No
2012-11-10 13:40:31 --> $AppDataIDMFolder = "C:\Users\Tejas\AppData\Roaming\IDM\"  Error Code:0
2012-11-10 13:40:31 --> $TempPath = "C:\Users\Tejas\AppData\Roaming\IDM\"  Error Code:0
2012-11-10 13:40:31 --> Finilized Path $AppDataIDMFolder= "C:\Users\Tejas\AppData\Roaming\IDM\"
2012-11-10 13:40:31 --> Finilized Path $TempPath= "C:\Users\Tejas\AppData\Roaming\IDM\"
2012-11-10 13:40:31 --> $AppDataIDMFolder = "C:\Users\Tejas\AppData\Roaming\IDM\"  Error Code:0
2012-11-10 13:40:31 --> $TempPath = "C:\Users\Tejas\AppData\Roaming\IDM\"  Error Code:0
2012-11-10 13:40:31 --> Finilized Path $AppDataIDMFolder= "C:\Users\Tejas\AppData\Roaming\IDM\"
2012-11-10 13:40:31 --> Finilized Path $TempPath= "C:\Users\Tejas\AppData\Roaming\IDM\"
2012-11-10 13:40:31 --> Window Created: IDM Backup Manager0.9.3(Beta) With Error Code: 0

============================= New Session Started at 2012-11-10 13:41:00 --> =============================

============================= System Information =============================
Module Name and Version: IDM Backup Manager0.9.3(Beta)
Module Path: C:\Users\Tejas\desktop\project\IDM\IDM BUILD_4\IDM Backup Manager.au3
OS Type: WIN32_NT
OS Version: WIN_7
Service Package: Service Pack 1
Total Memory: 1302072
Available Memory: 808600

============================= Variable Assignment =============================
2012-11-10 13:41:00 --> Internet Download Manager Is Running Now...User Selected No
2012-11-10 13:41:01 --> $AppDataIDMFolder = "C:\Users\Tejas\AppData\Roaming\IDM\"  Error Code:0
2012-11-10 13:41:01 --> $TempPath = "C:\Users\Tejas\AppData\Roaming\IDM\"  Error Code:0
2012-11-10 13:41:01 --> Finilized Path $AppDataIDMFolder= "C:\Users\Tejas\AppData\Roaming\IDM\"
2012-11-10 13:41:01 --> Finilized Path $TempPath= "C:\Users\Tejas\AppData\Roaming\IDM\"
2012-11-10 13:41:01 --> $AppDataIDMFolder = "C:\Users\Tejas\AppData\Roaming\IDM\"  Error Code:0
2012-11-10 13:41:01 --> $TempPath = "C:\Users\Tejas\AppData\Roaming\IDM\"  Error Code:0
2012-11-10 13:41:01 --> Finilized Path $AppDataIDMFolder= "C:\Users\Tejas\AppData\Roaming\IDM\"
2012-11-10 13:41:01 --> Finilized Path $TempPath= "C:\Users\Tejas\AppData\Roaming\IDM\"
2012-11-10 13:41:01 --> Window Created: IDM Backup Manager0.9.3(Beta) With Error Code: 0

============================= New Session Started at 2012-11-10 13:41:23 --> =============================

============================= System Information =============================
Module Name and Version: IDM Backup Manager0.9.3(Beta)
Module Path: C:\Users\Tejas\desktop\project\IDM\IDM BUILD_4\IDM Backup Manager.au3
OS Type: WIN32_NT
OS Version: WIN_7
Service Package: Service Pack 1
Total Memory: 1302072
Available Memory: 808616

============================= Variable Assignment =============================
2012-11-10 13:41:23 --> Internet Download Manager Is Running Now...User Selected No
2012-11-10 13:41:23 --> $AppDataIDMFolder = "C:\Users\Tejas\AppData\Roaming\IDM\"  Error Code:0
2012-11-10 13:41:23 --> $TempPath = "C:\Users\Tejas\AppData\Roaming\IDM\"  Error Code:0
2012-11-10 13:41:23 --> Finilized Path $AppDataIDMFolder= "C:\Users\Tejas\AppData\Roaming\IDM\"
2012-11-10 13:41:23 --> Finilized Path $TempPath= "C:\Users\Tejas\AppData\Roaming\IDM\"
2012-11-10 13:41:23 --> $AppDataIDMFolder = "C:\Users\Tejas\AppData\Roaming\IDM\"  Error Code:0
2012-11-10 13:41:23 --> $TempPath = "C:\Users\Tejas\AppData\Roaming\IDM\"  Error Code:0
2012-11-10 13:41:23 --> Finilized Path $AppDataIDMFolder= "C:\Users\Tejas\AppData\Roaming\IDM\"
2012-11-10 13:41:23 --> Finilized Path $TempPath= "C:\Users\Tejas\AppData\Roaming\IDM\"
2012-11-10 13:41:24 --> Window Created: IDM Backup Manager0.9.3(Beta) With Error Code: 0

============================= New Session Started at 2012-11-10 13:41:36 --> =============================

============================= System Information =============================
Module Name and Version: IDM Backup Manager0.9.3(Beta)
Module Path: C:\Users\Tejas\desktop\project\IDM\IDM BUILD_4\IDM Backup Manager.au3
OS Type: WIN32_NT
OS Version: WIN_7
Service Package: Service Pack 1
Total Memory: 1302072
Available Memory: 806448

============================= Variable Assignment =============================
2012-11-10 13:41:36 --> Internet Download Manager Is Running Now...User Selected No
2012-11-10 13:41:37 --> $AppDataIDMFolder = "C:\Users\Tejas\AppData\Roaming\IDM\"  Error Code:0
2012-11-10 13:41:37 --> $TempPath = "C:\Users\Tejas\AppData\Roaming\IDM\"  Error Code:0
2012-11-10 13:41:37 --> Finilized Path $AppDataIDMFolder= "C:\Users\Tejas\AppData\Roaming\IDM\"
2012-11-10 13:41:37 --> Finilized Path $TempPath= "C:\Users\Tejas\AppData\Roaming\IDM\"
2012-11-10 13:41:37 --> $AppDataIDMFolder = "C:\Users\Tejas\AppData\Roaming\IDM\"  Error Code:0
2012-11-10 13:41:37 --> $TempPath = "C:\Users\Tejas\AppData\Roaming\IDM\"  Error Code:0
2012-11-10 13:41:37 --> Finilized Path $AppDataIDMFolder= "C:\Users\Tejas\AppData\Roaming\IDM\"
2012-11-10 13:41:37 --> Finilized Path $TempPath= "C:\Users\Tejas\AppData\Roaming\IDM\"
2012-11-10 13:41:37 --> Window Created: IDM Backup Manager0.9.3(Beta) With Error Code: 0

============================= New Session Started at 2012-11-10 13:42:20 --> =============================

============================= System Information =============================
Module Name and Version: IDM Backup Manager0.9.3(Beta)
Module Path: C:\Users\Tejas\desktop\project\IDM\IDM BUILD_4\IDM Backup Manager.au3
OS Type: WIN32_NT
OS Version: WIN_7
Service Package: Service Pack 1
Total Memory: 1302072
Available Memory: 807856

============================= Variable Assignment =============================
2012-11-10 13:42:21 --> Internet Download Manager Is Running Now...User Selected No
2012-11-10 13:42:21 --> $AppDataIDMFolder = "C:\Users\Tejas\AppData\Roaming\IDM\"  Error Code:0
2012-11-10 13:42:21 --> $TempPath = "C:\Users\Tejas\AppData\Roaming\IDM\"  Error Code:0
2012-11-10 13:42:21 --> Finilized Path $AppDataIDMFolder= "C:\Users\Tejas\AppData\Roaming\IDM\"
2012-11-10 13:42:21 --> Finilized Path $TempPath= "C:\Users\Tejas\AppData\Roaming\IDM\"
2012-11-10 13:42:21 --> $AppDataIDMFolder = "C:\Users\Tejas\AppData\Roaming\IDM\"  Error Code:0
2012-11-10 13:42:21 --> $TempPath = "C:\Users\Tejas\AppData\Roaming\IDM\"  Error Code:0
2012-11-10 13:42:21 --> Finilized Path $AppDataIDMFolder= "C:\Users\Tejas\AppData\Roaming\IDM\"
2012-11-10 13:42:21 --> Finilized Path $TempPath= "C:\Users\Tejas\AppData\Roaming\IDM\"
2012-11-10 13:42:21 --> Window Created: IDM Backup Manager0.9.3(Beta) With Error Code: 0

============================= Backup Session Started =============================

============================= New Session Started at 2012-11-10 13:43:32 --> =============================

============================= System Information =============================
Module Name and Version: IDM Backup Manager0.9.3(Beta)
Module Path: C:\Users\Tejas\desktop\project\IDM\IDM BUILD_4\IDM Backup Manager.au3
OS Type: WIN32_NT
OS Version: WIN_7
Service Package: Service Pack 1
Total Memory: 1302072
Available Memory: 817772

============================= Variable Assignment =============================
2012-11-10 13:43:33 --> Internet Download Manager Is Running Now...User Selected No
2012-11-10 13:43:33 --> $AppDataIDMFolder = "C:\Users\Tejas\AppData\Roaming\IDM\"  Error Code:0
2012-11-10 13:43:33 --> $TempPath = "C:\Users\Tejas\AppData\Roaming\IDM\"  Error Code:0
2012-11-10 13:43:33 --> Finilized Path $AppDataIDMFolder= "C:\Users\Tejas\AppData\Roaming\IDM\"
2012-11-10 13:43:33 --> Finilized Path $TempPath= "C:\Users\Tejas\AppData\Roaming\IDM\"
2012-11-10 13:43:33 --> $AppDataIDMFolder = "C:\Users\Tejas\AppData\Roaming\IDM\"  Error Code:0
2012-11-10 13:43:33 --> $TempPath = "C:\Users\Tejas\AppData\Roaming\IDM\"  Error Code:0
2012-11-10 13:43:33 --> Finilized Path $AppDataIDMFolder= "C:\Users\Tejas\AppData\Roaming\IDM\"
2012-11-10 13:43:33 --> Finilized Path $TempPath= "C:\Users\Tejas\AppData\Roaming\IDM\"
2012-11-10 13:43:34 --> Window Created: IDM Backup Manager0.9.3(Beta) With Error Code: 0

============================= New Session Started at 2012-11-10 13:51:40 --> =============================

============================= System Information =============================
Module Name and Version: IDM Backup Manager0.9.3(Beta)
Module Path: C:\Users\Tejas\desktop\project\IDM\IDM BUILD_4\IDM Backup Manager1.exe
OS Type: WIN32_NT
OS Version: WIN_7
Service Package: Service Pack 1
Total Memory: 1302072
Available Memory: 836152

============================= Variable Assignment =============================
2012-11-10 13:51:40 --> Internet Download Manager Is Running Now...User Selected No
2012-11-10 13:51:41 --> $AppDataIDMFolder = "C:\Users\Tejas\AppData\Roaming\IDM\"  Error Code:0
2012-11-10 13:51:41 --> $TempPath = "C:\Users\Tejas\AppData\Roaming\IDM\"  Error Code:0
2012-11-10 13:51:41 --> Finilized Path $AppDataIDMFolder= "C:\Users\Tejas\AppData\Roaming\IDM\"
2012-11-10 13:51:41 --> Finilized Path $TempPath= "C:\Users\Tejas\AppData\Roaming\IDM\"
2012-11-10 13:51:41 --> $AppDataIDMFolder = "C:\Users\Tejas\AppData\Roaming\IDM\"  Error Code:0
2012-11-10 13:51:41 --> $TempPath = "C:\Users\Tejas\AppData\Roaming\IDM\"  Error Code:0
2012-11-10 13:51:41 --> Finilized Path $AppDataIDMFolder= "C:\Users\Tejas\AppData\Roaming\IDM\"
2012-11-10 13:51:41 --> Finilized Path $TempPath= "C:\Users\Tejas\AppData\Roaming\IDM\"
2012-11-10 13:51:41 --> Window Created: IDM Backup Manager0.9.3(Beta) With Error Code: 0

============================= New Session Started at 2012-11-10 13:51:58 --> =============================

============================= System Information =============================
Module Name and Version: IDM Backup Manager0.9.3(Beta)
Module Path: C:\Users\Tejas\desktop\project\IDM\IDM BUILD_4\IDM Backup Manager.exe
OS Type: WIN32_NT
OS Version: WIN_7
Service Package: Service Pack 1
Total Memory: 1302072
Available Memory: 835568

============================= Variable Assignment =============================
2012-11-10 13:51:59 --> Internet Download Manager Is Running Now...User Selected No
2012-11-10 13:51:59 --> $AppDataIDMFolder = "C:\Users\Tejas\AppData\Roaming\IDM\"  Error Code:0
2012-11-10 13:51:59 --> $TempPath = "C:\Users\Tejas\AppData\Roaming\IDM\"  Error Code:0
2012-11-10 13:51:59 --> Finilized Path $AppDataIDMFolder= "C:\Users\Tejas\AppData\Roaming\IDM\"
2012-11-10 13:51:59 --> Finilized Path $TempPath= "C:\Users\Tejas\AppData\Roaming\IDM\"
2012-11-10 13:51:59 --> $AppDataIDMFolder = "C:\Users\Tejas\AppData\Roaming\IDM\"  Error Code:0
2012-11-10 13:51:59 --> $TempPath = "C:\Users\Tejas\AppData\Roaming\IDM\"  Error Code:0
2012-11-10 13:51:59 --> Finilized Path $AppDataIDMFolder= "C:\Users\Tejas\AppData\Roaming\IDM\"
2012-11-10 13:51:59 --> Finilized Path $TempPath= "C:\Users\Tejas\AppData\Roaming\IDM\"
2012-11-10 13:51:59 --> Window Created: IDM Backup Manager0.9.3(Beta) With Error Code: 0

============================= New Session Started at 2012-11-10 15:09:44 --> =============================

============================= System Information =============================
Module Name and Version: IDM Backup Manager0.9.3(Beta)
Module Path: C:\Users\Tejas\desktop\project\IDM\IDM BUILD_4\IDM Backup Manager.au3
OS Type: WIN32_NT
OS Version: WIN_7
Service Package: Service Pack 1
Total Memory: 1302072
Available Memory: 656060

============================= Variable Assignment =============================
2012-11-10 15:09:44 --> Internet Download Manager Is Running Now...User Selected No
2012-11-10 15:09:45 --> $AppDataIDMFolder = "C:\Users\Tejas\AppData\Roaming\IDM\"  Error Code:0
2012-11-10 15:09:45 --> $TempPath = "C:\Users\Tejas\AppData\Roaming\IDM\"  Error Code:0
2012-11-10 15:09:45 --> Finilized Path $AppDataIDMFolder= "C:\Users\Tejas\AppData\Roaming\IDM\"
2012-11-10 15:09:45 --> Finilized Path $TempPath= "C:\Users\Tejas\AppData\Roaming\IDM\"
2012-11-10 15:09:45 --> $AppDataIDMFolder = "C:\Users\Tejas\AppData\Roaming\IDM\"  Error Code:0
2012-11-10 15:09:45 --> $TempPath = "C:\Users\Tejas\AppData\Roaming\IDM\"  Error Code:0
2012-11-10 15:09:45 --> Finilized Path $AppDataIDMFolder= "C:\Users\Tejas\AppData\Roaming\IDM\"
2012-11-10 15:09:45 --> Finilized Path $TempPath= "C:\Users\Tejas\AppData\Roaming\IDM\"
2012-11-10 15:09:45 --> Window Created: IDM Backup Manager0.9.3(Beta) With Error Code: 0

============================= New Session Started at 2012-11-10 15:11:14 --> =============================

============================= System Information =============================
Module Name and Version: IDM Backup Manager0.9.3(Beta)
Module Path: C:\Users\Tejas\desktop\project\IDM\IDM BUILD_4\IDM Backup Manager.au3
OS Type: WIN32_NT
OS Version: WIN_7
Service Package: Service Pack 1
Total Memory: 1302072
Available Memory: 661444

============================= Variable Assignment =============================
2012-11-10 15:11:15 --> Internet Download Manager Is Running Now...User Selected No
2012-11-10 15:11:15 --> $AppDataIDMFolder = "C:\Users\Tejas\AppData\Roaming\IDM\"  Error Code:0
2012-11-10 15:11:15 --> $TempPath = "C:\Users\Tejas\AppData\Roaming\IDM\"  Error Code:0
2012-11-10 15:11:15 --> Finilized Path $AppDataIDMFolder= "C:\Users\Tejas\AppData\Roaming\IDM\"
2012-11-10 15:11:15 --> Finilized Path $TempPath= "C:\Users\Tejas\AppData\Roaming\IDM\"
2012-11-10 15:11:15 --> $AppDataIDMFolder = "C:\Users\Tejas\AppData\Roaming\IDM\"  Error Code:0
2012-11-10 15:11:15 --> $TempPath = "C:\Users\Tejas\AppData\Roaming\IDM\"  Error Code:0
2012-11-10 15:11:15 --> Finilized Path $AppDataIDMFolder= "C:\Users\Tejas\AppData\Roaming\IDM\"
2012-11-10 15:11:15 --> Finilized Path $TempPath= "C:\Users\Tejas\AppData\Roaming\IDM\"
2012-11-10 15:11:15 --> Window Created: IDM Backup Manager0.9.3(Beta) With Error Code: 0

============================= New Session Started at 2012-11-10 15:12:37 --> =============================

============================= System Information =============================
Module Name and Version: IDM Backup Manager0.9.3(Beta)
Module Path: C:\Users\Tejas\desktop\project\IDM\IDM BUILD_4\IDM Backup Manager.au3
OS Type: WIN32_NT
OS Version: WIN_7
Service Package: Service Pack 1
Total Memory: 1302072
Available Memory: 668336

============================= Variable Assignment =============================
2012-11-10 15:12:38 --> Internet Download Manager Is Running Now...User Selected No
2012-11-10 15:12:38 --> $AppDataIDMFolder = "C:\Users\Tejas\AppData\Roaming\IDM\"  Error Code:0
2012-11-10 15:12:38 --> $TempPath = "C:\Users\Tejas\AppData\Roaming\IDM\"  Error Code:0
2012-11-10 15:12:38 --> Finilized Path $AppDataIDMFolder= "C:\Users\Tejas\AppData\Roaming\IDM\"
2012-11-10 15:12:38 --> Finilized Path $TempPath= "C:\Users\Tejas\AppData\Roaming\IDM\"
2012-11-10 15:12:38 --> $AppDataIDMFolder = "C:\Users\Tejas\AppData\Roaming\IDM\"  Error Code:0
2012-11-10 15:12:38 --> $TempPath = "C:\Users\Tejas\AppData\Roaming\IDM\"  Error Code:0
2012-11-10 15:12:38 --> Finilized Path $AppDataIDMFolder= "C:\Users\Tejas\AppData\Roaming\IDM\"
2012-11-10 15:12:38 --> Finilized Path $TempPath= "C:\Users\Tejas\AppData\Roaming\IDM\"
2012-11-10 15:12:39 --> Window Created: IDM Backup Manager0.9.3(Beta) With Error Code: 0

============================= New Session Started at 2012-11-10 15:13:27 --> =============================

============================= System Information =============================
Module Name and Version: IDM Backup Manager0.9.3(Beta)
Module Path: C:\Users\Tejas\desktop\project\IDM\IDM BUILD_4\IDM Backup Manager.au3
OS Type: WIN32_NT
OS Version: WIN_7
Service Package: Service Pack 1
Total Memory: 1302072
Available Memory: 646788

============================= Variable Assignment =============================
2012-11-10 15:13:28 --> Internet Download Manager Is Running Now...User Selected No
2012-11-10 15:13:28 --> $AppDataIDMFolder = "C:\Users\Tejas\AppData\Roaming\IDM\"  Error Code:0
2012-11-10 15:13:28 --> $TempPath = "C:\Users\Tejas\AppData\Roaming\IDM\"  Error Code:0
2012-11-10 15:13:28 --> Finilized Path $AppDataIDMFolder= "C:\Users\Tejas\AppData\Roaming\IDM\"
2012-11-10 15:13:28 --> Finilized Path $TempPath= "C:\Users\Tejas\AppData\Roaming\IDM\"
2012-11-10 15:13:28 --> $AppDataIDMFolder = "C:\Users\Tejas\AppData\Roaming\IDM\"  Error Code:0
2012-11-10 15:13:28 --> $TempPath = "C:\Users\Tejas\AppData\Roaming\IDM\"  Error Code:0
2012-11-10 15:13:28 --> Finilized Path $AppDataIDMFolder= "C:\Users\Tejas\AppData\Roaming\IDM\"
2012-11-10 15:13:28 --> Finilized Path $TempPath= "C:\Users\Tejas\AppData\Roaming\IDM\"
2012-11-10 15:13:29 --> Window Created: IDM Backup Manager0.9.3(Beta) With Error Code: 0

============================= New Session Started at 2012-11-10 15:13:42 --> =============================

============================= System Information =============================
Module Name and Version: IDM Backup Manager0.9.3(Beta)
Module Path: C:\Users\Tejas\desktop\project\IDM\IDM BUILD_4\IDM Backup Manager.au3
OS Type: WIN32_NT
OS Version: WIN_7
Service Package: Service Pack 1
Total Memory: 1302072
Available Memory: 651144

============================= Variable Assignment =============================
2012-11-10 15:13:42 --> Internet Download Manager Is Running Now...User Selected No
2012-11-10 15:13:43 --> $AppDataIDMFolder = "C:\Users\Tejas\AppData\Roaming\IDM\"  Error Code:0
2012-11-10 15:13:43 --> $TempPath = "C:\Users\Tejas\AppData\Roaming\IDM\"  Error Code:0
2012-11-10 15:13:43 --> Finilized Path $AppDataIDMFolder= "C:\Users\Tejas\AppData\Roaming\IDM\"
2012-11-10 15:13:43 --> Finilized Path $TempPath= "C:\Users\Tejas\AppData\Roaming\IDM\"
2012-11-10 15:13:43 --> $AppDataIDMFolder = "C:\Users\Tejas\AppData\Roaming\IDM\"  Error Code:0
2012-11-10 15:13:43 --> $TempPath = "C:\Users\Tejas\AppData\Roaming\IDM\"  Error Code:0
2012-11-10 15:13:43 --> Finilized Path $AppDataIDMFolder= "C:\Users\Tejas\AppData\Roaming\IDM\"
2012-11-10 15:13:43 --> Finilized Path $TempPath= "C:\Users\Tejas\AppData\Roaming\IDM\"
2012-11-10 15:13:43 --> Window Created: IDM Backup Manager0.9.3(Beta) With Error Code: 0

============================= New Session Started at 2012-11-10 15:14:43 --> =============================

============================= System Information =============================
Module Name and Version: IDM Backup Manager0.9.3(Beta)
Module Path: C:\Users\Tejas\desktop\project\IDM\IDM BUILD_4\IDM Backup Manager.au3
OS Type: WIN32_NT
OS Version: WIN_7
Service Package: Service Pack 1
Total Memory: 1302072
Available Memory: 654528

============================= Variable Assignment =============================
2012-11-10 15:14:44 --> Internet Download Manager Is Running Now...User Selected No
2012-11-10 15:14:44 --> $AppDataIDMFolder = "C:\Users\Tejas\AppData\Roaming\IDM\"  Error Code:0
2012-11-10 15:14:44 --> $TempPath = "C:\Users\Tejas\AppData\Roaming\IDM\"  Error Code:0
2012-11-10 15:14:44 --> Finilized Path $AppDataIDMFolder= "C:\Users\Tejas\AppData\Roaming\IDM\"
2012-11-10 15:14:44 --> Finilized Path $TempPath= "C:\Users\Tejas\AppData\Roaming\IDM\"
2012-11-10 15:14:44 --> $AppDataIDMFolder = "C:\Users\Tejas\AppData\Roaming\IDM\"  Error Code:0
2012-11-10 15:14:44 --> $TempPath = "C:\Users\Tejas\AppData\Roaming\IDM\"  Error Code:0
2012-11-10 15:14:44 --> Finilized Path $AppDataIDMFolder= "C:\Users\Tejas\AppData\Roaming\IDM\"
2012-11-10 15:14:44 --> Finilized Path $TempPath= "C:\Users\Tejas\AppData\Roaming\IDM\"
2012-11-10 15:14:44 --> Window Created: IDM Backup Manager0.9.3(Beta) With Error Code: 0

============================= New Session Started at 2012-11-10 15:18:29 --> =============================

============================= System Information =============================
Module Name and Version: IDM Backup Manager0.9.3(Beta)
Module Path: C:\Users\Tejas\desktop\project\IDM\IDM BUILD_4\IDM Backup Manager.au3
OS Type: WIN32_NT
OS Version: WIN_7
Service Package: Service Pack 1
Total Memory: 1302072
Available Memory: 637152

============================= Variable Assignment =============================
2012-11-10 15:18:30 --> Internet Download Manager Is Running Now...User Selected No
2012-11-10 15:18:30 --> $AppDataIDMFolder = "C:\Users\Tejas\AppData\Roaming\IDM\"  Error Code:0
2012-11-10 15:18:30 --> $TempPath = "C:\Users\Tejas\AppData\Roaming\IDM\"  Error Code:0
2012-11-10 15:18:30 --> Finilized Path $AppDataIDMFolder= "C:\Users\Tejas\AppData\Roaming\IDM\"
2012-11-10 15:18:30 --> Finilized Path $TempPath= "C:\Users\Tejas\AppData\Roaming\IDM\"
2012-11-10 15:18:30 --> $AppDataIDMFolder = "C:\Users\Tejas\AppData\Roaming\IDM\"  Error Code:0
2012-11-10 15:18:30 --> $TempPath = "C:\Users\Tejas\AppData\Roaming\IDM\"  Error Code:0
2012-11-10 15:18:30 --> Finilized Path $AppDataIDMFolder= "C:\Users\Tejas\AppData\Roaming\IDM\"
2012-11-10 15:18:30 --> Finilized Path $TempPath= "C:\Users\Tejas\AppData\Roaming\IDM\"
2012-11-10 15:18:31 --> Window Created: IDM Backup Manager0.9.3(Beta) With Error Code: 0

============================= New Session Started at 2012-11-10 16:12:31 --> =============================

============================= System Information =============================
Module Name and Version: IDM Backup Manager0.9.3(Beta)
Module Path: C:\Users\Tejas\desktop\project\IDM\IDM BUILD_4\IDM Backup Manager.au3
OS Type: WIN32_NT
OS Version: WIN_7
Service Package: Service Pack 1
Total Memory: 1302072
Available Memory: 561128

============================= Variable Assignment =============================
2012-11-10 16:12:32 --> Internet Download Manager Is Running Now...User Selected No
2012-11-10 16:12:32 --> $AppDataIDMFolder = "C:\Users\Tejas\AppData\Roaming\IDM\"  Error Code:0
2012-11-10 16:12:32 --> $TempPath = "C:\Users\Tejas\AppData\Roaming\IDM\"  Error Code:0
2012-11-10 16:12:32 --> Finilized Path $AppDataIDMFolder= "C:\Users\Tejas\AppData\Roaming\IDM\"
2012-11-10 16:12:32 --> Finilized Path $TempPath= "C:\Users\Tejas\AppData\Roaming\IDM\"
2012-11-10 16:12:32 --> $AppDataIDMFolder = "C:\Users\Tejas\AppData\Roaming\IDM\"  Error Code:0
2012-11-10 16:12:32 --> $TempPath = "C:\Users\Tejas\AppData\Roaming\IDM\"  Error Code:0
2012-11-10 16:12:32 --> Finilized Path $AppDataIDMFolder= "C:\Users\Tejas\AppData\Roaming\IDM\"
2012-11-10 16:12:32 --> Finilized Path $TempPath= "C:\Users\Tejas\AppData\Roaming\IDM\"
2012-11-10 16:12:32 --> Window Created: IDM Backup Manager0.9.3(Beta) With Error Code: 0

============================= New Session Started at 2012-11-10 16:13:39 --> =============================

============================= System Information =============================
Module Name and Version: IDM Backup Manager0.9.3(Beta)
Module Path: C:\Users\Tejas\desktop\project\IDM\IDM BUILD_4\IDM Backup Manager.au3
OS Type: WIN32_NT
OS Version: WIN_7
Service Package: Service Pack 1
Total Memory: 1302072
Available Memory: 587948

============================= Variable Assignment =============================
2012-11-10 16:13:40 --> Internet Download Manager Is Running Now...User Selected No
2012-11-10 16:13:47 --> $AppDataIDMFolder = "C:\Users\Tejas\AppData\Roaming\IDM\"  Error Code:0
2012-11-10 16:13:47 --> $TempPath = "C:\Users\Tejas\AppData\Roaming\IDM\"  Error Code:0
2012-11-10 16:13:47 --> Finilized Path $AppDataIDMFolder= "C:\Users\Tejas\AppData\Roaming\IDM\"
2012-11-10 16:13:47 --> Finilized Path $TempPath= "C:\Users\Tejas\AppData\Roaming\IDM\"
2012-11-10 16:13:47 --> $AppDataIDMFolder = "C:\Users\Tejas\AppData\Roaming\IDM\"  Error Code:0
2012-11-10 16:13:47 --> $TempPath = "C:\Users\Tejas\AppData\Roaming\IDM\"  Error Code:0
2012-11-10 16:13:47 --> Finilized Path $AppDataIDMFolder= "C:\Users\Tejas\AppData\Roaming\IDM\"
2012-11-10 16:13:47 --> Finilized Path $TempPath= "C:\Users\Tejas\AppData\Roaming\IDM\"
2012-11-10 16:13:47 --> Window Created: IDM Backup Manager0.9.3(Beta) With Error Code: 0

============================= New Session Started at 2012-11-10 16:14:11 --> =============================

============================= System Information =============================
Module Name and Version: IDM Backup Manager0.9.3(Beta)
Module Path: C:\Users\Tejas\desktop\project\IDM\IDM BUILD_4\IDM Backup Manager.au3
OS Type: WIN32_NT
OS Version: WIN_7
Service Package: Service Pack 1
Total Memory: 1302072
Available Memory: 587860

============================= Variable Assignment =============================
2012-11-10 16:14:12 --> Internet Download Manager Is Running Now...User Selected No
2012-11-10 16:14:12 --> $AppDataIDMFolder = "C:\Users\Tejas\AppData\Roaming\IDM\"  Error Code:0
2012-11-10 16:14:12 --> $TempPath = "C:\Users\Tejas\AppData\Roaming\IDM\"  Error Code:0
2012-11-10 16:14:12 --> Finilized Path $AppDataIDMFolder= "C:\Users\Tejas\AppData\Roaming\IDM\"
2012-11-10 16:14:12 --> Finilized Path $TempPath= "C:\Users\Tejas\AppData\Roaming\IDM\"
2012-11-10 16:14:12 --> $AppDataIDMFolder = "C:\Users\Tejas\AppData\Roaming\IDM\"  Error Code:0
2012-11-10 16:14:12 --> $TempPath = "C:\Users\Tejas\AppData\Roaming\IDM\"  Error Code:0
2012-11-10 16:14:12 --> Finilized Path $AppDataIDMFolder= "C:\Users\Tejas\AppData\Roaming\IDM\"
2012-11-10 16:14:12 --> Finilized Path $TempPath= "C:\Users\Tejas\AppData\Roaming\IDM\"
2012-11-10 16:14:12 --> Window Created: IDM Backup Manager0.9.3(Beta) With Error Code: 0

============================= New Session Started at 2012-11-10 16:14:29 --> =============================

============================= System Information =============================
Module Name and Version: IDM Backup Manager0.9.3(Beta)
Module Path: C:\Users\Tejas\desktop\project\IDM\IDM BUILD_4\IDM Backup Manager.au3
OS Type: WIN32_NT
OS Version: WIN_7
Service Package: Service Pack 1
Total Memory: 1302072
Available Memory: 594304

============================= Variable Assignment =============================
2012-11-10 16:14:29 --> Internet Download Manager Is Running Now...User Selected No
2012-11-10 16:14:30 --> $AppDataIDMFolder = "C:\Users\Tejas\AppData\Roaming\IDM\"  Error Code:0
2012-11-10 16:14:30 --> $TempPath = "C:\Users\Tejas\AppData\Roaming\IDM\"  Error Code:0
2012-11-10 16:14:30 --> Finilized Path $AppDataIDMFolder= "C:\Users\Tejas\AppData\Roaming\IDM\"
2012-11-10 16:14:30 --> Finilized Path $TempPath= "C:\Users\Tejas\AppData\Roaming\IDM\"
2012-11-10 16:14:30 --> $AppDataIDMFolder = "C:\Users\Tejas\AppData\Roaming\IDM\"  Error Code:0
2012-11-10 16:14:30 --> $TempPath = "C:\Users\Tejas\AppData\Roaming\IDM\"  Error Code:0
2012-11-10 16:14:30 --> Finilized Path $AppDataIDMFolder= "C:\Users\Tejas\AppData\Roaming\IDM\"
2012-11-10 16:14:30 --> Finilized Path $TempPath= "C:\Users\Tejas\AppData\Roaming\IDM\"
2012-11-10 16:14:30 --> Window Created: IDM Backup Manager0.9.3(Beta) With Error Code: 0

============================= New Session Started at 2012-11-10 16:14:50 --> =============================

============================= System Information =============================
Module Name and Version: IDM Backup Manager0.9.3(Beta)
Module Path: C:\Users\Tejas\desktop\project\IDM\IDM BUILD_4\IDM Backup Manager.au3
OS Type: WIN32_NT
OS Version: WIN_7
Service Package: Service Pack 1
Total Memory: 1302072
Available Memory: 593484

============================= Variable Assignment =============================
2012-11-10 16:14:50 --> Internet Download Manager Is Closed. Now Cont...
2012-11-10 16:14:50 --> $AppDataIDMFolder = "C:\Users\Tejas\AppData\Roaming\IDM\"  Error Code:0
2012-11-10 16:14:50 --> $TempPath = "C:\Users\Tejas\AppData\Roaming\IDM\"  Error Code:0
2012-11-10 16:14:50 --> Finilized Path $AppDataIDMFolder= "C:\Users\Tejas\AppData\Roaming\IDM\"
2012-11-10 16:14:50 --> Finilized Path $TempPath= "C:\Users\Tejas\AppData\Roaming\IDM\"
2012-11-10 16:14:50 --> $AppDataIDMFolder = "C:\Users\Tejas\AppData\Roaming\IDM\"  Error Code:0
2012-11-10 16:14:50 --> $TempPath = "C:\Users\Tejas\AppData\Roaming\IDM\"  Error Code:0
2012-11-10 16:14:50 --> Finilized Path $AppDataIDMFolder= "C:\Users\Tejas\AppData\Roaming\IDM\"
2012-11-10 16:14:50 --> Finilized Path $TempPath= "C:\Users\Tejas\AppData\Roaming\IDM\"
2012-11-10 16:14:51 --> Window Created: IDM Backup Manager0.9.3(Beta) With Error Code: 0

============================= New Session Started at 2012-11-10 16:42:05 --> =============================

============================= System Information =============================
Module Name and Version: IDM Backup Manager0.9.3(Beta)
Module Path: C:\Users\Tejas\desktop\project\IDM\IDM BUILD_4\IDM Backup Manager.au3
OS Type: WIN32_NT
OS Version: WIN_7
Service Package: Service Pack 1
Total Memory: 1302072
Available Memory: 390572

============================= Variable Assignment =============================
2012-11-10 16:42:05 --> Internet Download Manager Is Running Now...User Selected No
2012-11-10 16:42:06 --> $AppDataIDMFolder = "C:\Users\Tejas\AppData\Roaming\IDM\"  Error Code:0
2012-11-10 16:42:06 --> $TempPath = "C:\Users\Tejas\AppData\Roaming\IDM\"  Error Code:0
2012-11-10 16:42:06 --> Finilized Path $AppDataIDMFolder= "C:\Users\Tejas\AppData\Roaming\IDM\"
2012-11-10 16:42:06 --> Finilized Path $TempPath= "C:\Users\Tejas\AppData\Roaming\IDM\"
2012-11-10 16:42:06 --> $AppDataIDMFolder = "C:\Users\Tejas\AppData\Roaming\IDM\"  Error Code:0
2012-11-10 16:42:06 --> $TempPath = "C:\Users\Tejas\AppData\Roaming\IDM\"  Error Code:0
2012-11-10 16:42:06 --> Finilized Path $AppDataIDMFolder= "C:\Users\Tejas\AppData\Roaming\IDM\"
2012-11-10 16:42:06 --> Finilized Path $TempPath= "C:\Users\Tejas\AppData\Roaming\IDM\"
2012-11-10 16:42:06 --> Window Created: IDM Backup Manager0.9.3(Beta) With Error Code: 0

============================= New Session Started at 2012-11-10 16:42:23 --> =============================

============================= System Information =============================
Module Name and Version: IDM Backup Manager0.9.3(Beta)
Module Path: C:\Users\Tejas\desktop\project\IDM\IDM BUILD_4\IDM Backup Manager.au3
OS Type: WIN32_NT
OS Version: WIN_7
Service Package: Service Pack 1
Total Memory: 1302072
Available Memory: 391136

============================= Variable Assignment =============================
2012-11-10 16:42:24 --> Internet Download Manager Is Running Now...User Selected No
2012-11-10 16:42:25 --> $AppDataIDMFolder = "C:\Users\Tejas\AppData\Roaming\IDM\"  Error Code:0
2012-11-10 16:42:25 --> $TempPath = "C:\Users\Tejas\AppData\Roaming\IDM\"  Error Code:0
2012-11-10 16:42:25 --> Finilized Path $AppDataIDMFolder= "C:\Users\Tejas\AppData\Roaming\IDM\"
2012-11-10 16:42:25 --> Finilized Path $TempPath= "C:\Users\Tejas\AppData\Roaming\IDM\"
2012-11-10 16:42:25 --> $AppDataIDMFolder = "C:\Users\Tejas\AppData\Roaming\IDM\"  Error Code:0
2012-11-10 16:42:25 --> $TempPath = "C:\Users\Tejas\AppData\Roaming\IDM\"  Error Code:0
2012-11-10 16:42:25 --> Finilized Path $AppDataIDMFolder= "C:\Users\Tejas\AppData\Roaming\IDM\"
2012-11-10 16:42:25 --> Finilized Path $TempPath= "C:\Users\Tejas\AppData\Roaming\IDM\"
2012-11-10 16:42:25 --> Window Created: IDM Backup Manager0.9.3(Beta) With Error Code: 0

============================= New Session Started at 2012-11-10 16:42:48 --> =============================

============================= System Information =============================
Module Name and Version: IDM Backup Manager0.9.3(Beta)
Module Path: C:\Users\Tejas\desktop\project\IDM\IDM BUILD_4\IDM Backup Manager.au3
OS Type: WIN32_NT
OS Version: WIN_7
Service Package: Service Pack 1
Total Memory: 1302072
Available Memory: 397128

============================= Variable Assignment =============================
2012-11-10 16:42:49 --> Internet Download Manager Is Running Now...User Selected No
2012-11-10 16:42:49 --> $AppDataIDMFolder = "C:\Users\Tejas\AppData\Roaming\IDM\"  Error Code:0
2012-11-10 16:42:49 --> $TempPath = "C:\Users\Tejas\AppData\Roaming\IDM\"  Error Code:0
2012-11-10 16:42:49 --> Finilized Path $AppDataIDMFolder= "C:\Users\Tejas\AppData\Roaming\IDM\"
2012-11-10 16:42:49 --> Finilized Path $TempPath= "C:\Users\Tejas\AppData\Roaming\IDM\"
2012-11-10 16:42:49 --> $AppDataIDMFolder = "C:\Users\Tejas\AppData\Roaming\IDM\"  Error Code:0
2012-11-10 16:42:49 --> $TempPath = "C:\Users\Tejas\AppData\Roaming\IDM\"  Error Code:0
2012-11-10 16:42:49 --> Finilized Path $AppDataIDMFolder= "C:\Users\Tejas\AppData\Roaming\IDM\"
2012-11-10 16:42:49 --> Finilized Path $TempPath= "C:\Users\Tejas\AppData\Roaming\IDM\"
2012-11-10 16:42:50 --> Window Created: IDM Backup Manager0.9.3(Beta) With Error Code: 0

============================= New Session Started at 2012-11-10 16:43:40 --> =============================

============================= System Information =============================
Module Name and Version: IDM Backup Manager0.9.3(Beta)
Module Path: C:\Users\Tejas\desktop\project\IDM\IDM BUILD_4\IDM Backup Manager.au3
OS Type: WIN32_NT
OS Version: WIN_7
Service Package: Service Pack 1
Total Memory: 1302072
Available Memory: 395996

============================= Variable Assignment =============================
2012-11-10 16:43:41 --> Internet Download Manager Is Running Now...User Selected No
2012-11-10 16:43:41 --> $AppDataIDMFolder = "C:\Users\Tejas\AppData\Roaming\IDM\"  Error Code:0
2012-11-10 16:43:41 --> $TempPath = "C:\Users\Tejas\AppData\Roaming\IDM\"  Error Code:0
2012-11-10 16:43:41 --> Finilized Path $AppDataIDMFolder= "C:\Users\Tejas\AppData\Roaming\IDM\"
2012-11-10 16:43:41 --> Finilized Path $TempPath= "C:\Users\Tejas\AppData\Roaming\IDM\"
2012-11-10 16:43:41 --> $AppDataIDMFolder = "C:\Users\Tejas\AppData\Roaming\IDM\"  Error Code:0
2012-11-10 16:43:41 --> $TempPath = "C:\Users\Tejas\AppData\Roaming\IDM\"  Error Code:0
2012-11-10 16:43:41 --> Finilized Path $AppDataIDMFolder= "C:\Users\Tejas\AppData\Roaming\IDM\"
2012-11-10 16:43:41 --> Finilized Path $TempPath= "C:\Users\Tejas\AppData\Roaming\IDM\"
2012-11-10 16:43:42 --> Window Created: IDM Backup Manager0.9.3(Beta) With Error Code: 0

============================= New Session Started at 2012-11-10 17:13:32 --> =============================

============================= System Information =============================
Module Name and Version: IDM Backup Manager0.9.3(Beta)
Module Path: C:\Users\Tejas\desktop\project\IDM\IDM BUILD_4\IDM Backup Manager.au3
OS Type: WIN32_NT
OS Version: WIN_7
Service Package: Service Pack 1
Total Memory: 1302072
Available Memory: 547556

============================= Variable Assignment =============================
2012-11-10 17:13:34 --> Internet Download Manager Is Running Now...User Selected No
2012-11-10 17:13:34 --> $AppDataIDMFolder = "C:\Users\Tejas\AppData\Roaming\IDM\"  Error Code:0
2012-11-10 17:13:34 --> $TempPath = "C:\Users\Tejas\AppData\Roaming\IDM\"  Error Code:0
2012-11-10 17:13:34 --> Finilized Path $AppDataIDMFolder= "C:\Users\Tejas\AppData\Roaming\IDM\"
2012-11-10 17:13:34 --> Finilized Path $TempPath= "C:\Users\Tejas\AppData\Roaming\IDM\"
2012-11-10 17:13:34 --> $AppDataIDMFolder = "C:\Users\Tejas\AppData\Roaming\IDM\"  Error Code:0
2012-11-10 17:13:34 --> $TempPath = "C:\Users\Tejas\AppData\Roaming\IDM\"  Error Code:0
2012-11-10 17:13:34 --> Finilized Path $AppDataIDMFolder= "C:\Users\Tejas\AppData\Roaming\IDM\"
2012-11-10 17:13:34 --> Finilized Path $TempPath= "C:\Users\Tejas\AppData\Roaming\IDM\"
2012-11-10 17:13:35 --> Window Created: IDM Backup Manager0.9.3(Beta) With Error Code: 0

============================= New Session Started at 2012-11-10 17:15:37 --> =============================

============================= System Information =============================
Module Name and Version: IDM Backup Manager0.9.3(Beta)
Module Path: C:\Users\Tejas\desktop\project\IDM\IDM BUILD_4\IDM Backup Manager.au3
OS Type: WIN32_NT
OS Version: WIN_7
Service Package: Service Pack 1
Total Memory: 1302072
Available Memory: 552364

============================= Variable Assignment =============================
2012-11-10 17:15:38 --> Internet Download Manager Is Running Now...User Selected No
2012-11-10 17:15:40 --> $AppDataIDMFolder = "C:\Users\Tejas\AppData\Roaming\IDM\"  Error Code:0
2012-11-10 17:15:40 --> $TempPath = "C:\Users\Tejas\AppData\Roaming\IDM\"  Error Code:0
2012-11-10 17:15:40 --> Finilized Path $AppDataIDMFolder= "C:\Users\Tejas\AppData\Roaming\IDM\"
2012-11-10 17:15:40 --> Finilized Path $TempPath= "C:\Users\Tejas\AppData\Roaming\IDM\"
2012-11-10 17:15:40 --> $AppDataIDMFolder = "C:\Users\Tejas\AppData\Roaming\IDM\"  Error Code:0
2012-11-10 17:15:40 --> $TempPath = "C:\Users\Tejas\AppData\Roaming\IDM\"  Error Code:0
2012-11-10 17:15:40 --> Finilized Path $AppDataIDMFolder= "C:\Users\Tejas\AppData\Roaming\IDM\"
2012-11-10 17:15:40 --> Finilized Path $TempPath= "C:\Users\Tejas\AppData\Roaming\IDM\"
2012-11-10 17:15:41 --> Window Created: IDM Backup Manager0.9.3(Beta) With Error Code: 0

============================= New Session Started at 2012-11-10 17:16:04 --> =============================

============================= System Information =============================
Module Name and Version: IDM Backup Manager0.9.3(Beta)
Module Path: C:\Users\Tejas\desktop\project\IDM\IDM BUILD_4\IDM Backup Manager.au3
OS Type: WIN32_NT
OS Version: WIN_7
Service Package: Service Pack 1
Total Memory: 1302072
Available Memory: 553120

============================= Variable Assignment =============================
2012-11-10 17:16:05 --> Internet Download Manager Is Running Now...User Selected No
2012-11-10 17:16:05 --> $AppDataIDMFolder = "C:\Users\Tejas\AppData\Roaming\IDM\"  Error Code:0
2012-11-10 17:16:05 --> $TempPath = "C:\Users\Tejas\AppData\Roaming\IDM\"  Error Code:0
2012-11-10 17:16:05 --> Finilized Path $AppDataIDMFolder= "C:\Users\Tejas\AppData\Roaming\IDM\"
2012-11-10 17:16:05 --> Finilized Path $TempPath= "C:\Users\Tejas\AppData\Roaming\IDM\"
2012-11-10 17:16:05 --> $AppDataIDMFolder = "C:\Users\Tejas\AppData\Roaming\IDM\"  Error Code:0
2012-11-10 17:16:05 --> $TempPath = "C:\Users\Tejas\AppData\Roaming\IDM\"  Error Code:0
2012-11-10 17:16:05 --> Finilized Path $AppDataIDMFolder= "C:\Users\Tejas\AppData\Roaming\IDM\"
2012-11-10 17:16:05 --> Finilized Path $TempPath= "C:\Users\Tejas\AppData\Roaming\IDM\"
2012-11-10 17:16:06 --> Window Created: IDM Backup Manager0.9.3(Beta) With Error Code: 0

============================= New Session Started at 2012-11-10 17:16:59 --> =============================

============================= System Information =============================
Module Name and Version: IDM Backup Manager0.9.3(Beta)
Module Path: C:\Users\Tejas\desktop\project\IDM\IDM BUILD_4\IDM Backup Manager.au3
OS Type: WIN32_NT
OS Version: WIN_7
Service Package: Service Pack 1
Total Memory: 1302072
Available Memory: 551416

============================= Variable Assignment =============================
2012-11-10 17:17:00 --> Internet Download Manager Is Running Now...User Selected No
2012-11-10 17:17:01 --> $AppDataIDMFolder = "C:\Users\Tejas\AppData\Roaming\IDM\"  Error Code:0
2012-11-10 17:17:01 --> $TempPath = "C:\Users\Tejas\AppData\Roaming\IDM\"  Error Code:0
2012-11-10 17:17:01 --> Finilized Path $AppDataIDMFolder= "C:\Users\Tejas\AppData\Roaming\IDM\"
2012-11-10 17:17:01 --> Finilized Path $TempPath= "C:\Users\Tejas\AppData\Roaming\IDM\"
2012-11-10 17:17:01 --> $AppDataIDMFolder = "C:\Users\Tejas\AppData\Roaming\IDM\"  Error Code:0
2012-11-10 17:17:01 --> $TempPath = "C:\Users\Tejas\AppData\Roaming\IDM\"  Error Code:0
2012-11-10 17:17:01 --> Finilized Path $AppDataIDMFolder= "C:\Users\Tejas\AppData\Roaming\IDM\"
2012-11-10 17:17:01 --> Finilized Path $TempPath= "C:\Users\Tejas\AppData\Roaming\IDM\"
2012-11-10 17:17:01 --> Window Created: IDM Backup Manager0.9.3(Beta) With Error Code: 0

============================= New Session Started at 2012-11-10 17:17:12 --> =============================

============================= System Information =============================
Module Name and Version: IDM Backup Manager0.9.3(Beta)
Module Path: C:\Users\Tejas\desktop\project\IDM\IDM BUILD_4\IDM Backup Manager.au3
OS Type: WIN32_NT
OS Version: WIN_7
Service Package: Service Pack 1
Total Memory: 1302072
Available Memory: 551444

============================= Variable Assignment =============================
2012-11-10 17:17:13 --> Internet Download Manager Is Running Now...User Selected No
2012-11-10 17:17:13 --> $AppDataIDMFolder = "C:\Users\Tejas\AppData\Roaming\IDM\"  Error Code:0
2012-11-10 17:17:13 --> $TempPath = "C:\Users\Tejas\AppData\Roaming\IDM\"  Error Code:0
2012-11-10 17:17:13 --> Finilized Path $AppDataIDMFolder= "C:\Users\Tejas\AppData\Roaming\IDM\"
2012-11-10 17:17:13 --> Finilized Path $TempPath= "C:\Users\Tejas\AppData\Roaming\IDM\"
2012-11-10 17:17:13 --> $AppDataIDMFolder = "C:\Users\Tejas\AppData\Roaming\IDM\"  Error Code:0
2012-11-10 17:17:13 --> $TempPath = "C:\Users\Tejas\AppData\Roaming\IDM\"  Error Code:0
2012-11-10 17:17:13 --> Finilized Path $AppDataIDMFolder= "C:\Users\Tejas\AppData\Roaming\IDM\"
2012-11-10 17:17:13 --> Finilized Path $TempPath= "C:\Users\Tejas\AppData\Roaming\IDM\"
2012-11-10 17:17:14 --> Window Created: IDM Backup Manager0.9.3(Beta) With Error Code: 0

============================= New Session Started at 2012-11-10 17:18:26 --> =============================

============================= System Information =============================
Module Name and Version: IDM Backup Manager0.9.3(Beta)
Module Path: C:\Users\Tejas\desktop\project\IDM\IDM BUILD_4\IDM Backup Manager.au3
OS Type: WIN32_NT
OS Version: WIN_7
Service Package: Service Pack 1
Total Memory: 1302072
Available Memory: 542352

============================= Variable Assignment =============================
2012-11-10 17:18:26 --> Internet Download Manager Is Running Now...User Selected No
2012-11-10 17:18:27 --> $AppDataIDMFolder = "C:\Users\Tejas\AppData\Roaming\IDM\"  Error Code:0
2012-11-10 17:18:27 --> $TempPath = "C:\Users\Tejas\AppData\Roaming\IDM\"  Error Code:0
2012-11-10 17:18:27 --> Finilized Path $AppDataIDMFolder= "C:\Users\Tejas\AppData\Roaming\IDM\"
2012-11-10 17:18:27 --> Finilized Path $TempPath= "C:\Users\Tejas\AppData\Roaming\IDM\"
2012-11-10 17:18:27 --> $AppDataIDMFolder = "C:\Users\Tejas\AppData\Roaming\IDM\"  Error Code:0
2012-11-10 17:18:27 --> $TempPath = "C:\Users\Tejas\AppData\Roaming\IDM\"  Error Code:0
2012-11-10 17:18:27 --> Finilized Path $AppDataIDMFolder= "C:\Users\Tejas\AppData\Roaming\IDM\"
2012-11-10 17:18:27 --> Finilized Path $TempPath= "C:\Users\Tejas\AppData\Roaming\IDM\"
2012-11-10 17:18:27 --> Window Created: IDM Backup Manager0.9.3(Beta) With Error Code: 0

============================= New Session Started at 2012-11-10 17:19:14 --> =============================

============================= System Information =============================
Module Name and Version: IDM Backup Manager0.9.3(Beta)
Module Path: C:\Users\Tejas\desktop\project\IDM\IDM BUILD_4\IDM Backup Manager.au3
OS Type: WIN32_NT
OS Version: WIN_7
Service Package: Service Pack 1
Total Memory: 1302072
Available Memory: 547800

============================= Variable Assignment =============================
2012-11-10 17:19:15 --> Internet Download Manager Is Running Now...User Selected No
2012-11-10 17:19:16 --> $AppDataIDMFolder = "C:\Users\Tejas\AppData\Roaming\IDM\"  Error Code:0
2012-11-10 17:19:16 --> $TempPath = "C:\Users\Tejas\AppData\Roaming\IDM\"  Error Code:0
2012-11-10 17:19:16 --> Finilized Path $AppDataIDMFolder= "C:\Users\Tejas\AppData\Roaming\IDM\"
2012-11-10 17:19:16 --> Finilized Path $TempPath= "C:\Users\Tejas\AppData\Roaming\IDM\"
2012-11-10 17:19:16 --> $AppDataIDMFolder = "C:\Users\Tejas\AppData\Roaming\IDM\"  Error Code:0
2012-11-10 17:19:16 --> $TempPath = "C:\Users\Tejas\AppData\Roaming\IDM\"  Error Code:0
2012-11-10 17:19:16 --> Finilized Path $AppDataIDMFolder= "C:\Users\Tejas\AppData\Roaming\IDM\"
2012-11-10 17:19:16 --> Finilized Path $TempPath= "C:\Users\Tejas\AppData\Roaming\IDM\"
2012-11-10 17:19:16 --> Window Created: IDM Backup Manager0.9.3(Beta) With Error Code: 0

============================= New Session Started at 2012-11-10 17:19:32 --> =============================

============================= System Information =============================
Module Name and Version: IDM Backup Manager0.9.3(Beta)
Module Path: C:\Users\Tejas\desktop\project\IDM\IDM BUILD_4\IDM Backup Manager.au3
OS Type: WIN32_NT
OS Version: WIN_7
Service Package: Service Pack 1
Total Memory: 1302072
Available Memory: 545424

============================= Variable Assignment =============================
2012-11-10 17:19:33 --> Internet Download Manager Is Running Now...User Selected No
2012-11-10 17:19:33 --> $AppDataIDMFolder = "C:\Users\Tejas\AppData\Roaming\IDM\"  Error Code:0
2012-11-10 17:19:34 --> $TempPath = "C:\Users\Tejas\AppData\Roaming\IDM\"  Error Code:0
2012-11-10 17:19:34 --> Finilized Path $AppDataIDMFolder= "C:\Users\Tejas\AppData\Roaming\IDM\"
2012-11-10 17:19:34 --> Finilized Path $TempPath= "C:\Users\Tejas\AppData\Roaming\IDM\"
2012-11-10 17:19:34 --> $AppDataIDMFolder = "C:\Users\Tejas\AppData\Roaming\IDM\"  Error Code:0
2012-11-10 17:19:34 --> $TempPath = "C:\Users\Tejas\AppData\Roaming\IDM\"  Error Code:0
2012-11-10 17:19:34 --> Finilized Path $AppDataIDMFolder= "C:\Users\Tejas\AppData\Roaming\IDM\"
2012-11-10 17:19:34 --> Finilized Path $TempPath= "C:\Users\Tejas\AppData\Roaming\IDM\"
2012-11-10 17:19:34 --> Window Created: IDM Backup Manager0.9.3(Beta) With Error Code: 0

============================= New Session Started at 2012-11-10 17:57:24 --> =============================

============================= System Information =============================
Module Name and Version: IDM Backup Manager0.9.3(Beta)
Module Path: C:\Users\Tejas\desktop\project\IDM\IDM BUILD_4\IDM Backup Manager.au3
OS Type: WIN32_NT
OS Version: WIN_7
Service Package: Service Pack 1
Total Memory: 1302072
Available Memory: 705256

============================= Variable Assignment =============================
2012-11-10 17:57:25 --> Internet Download Manager Is Running Now...User Selected No
2012-11-10 17:57:25 --> $AppDataIDMFolder = "C:\Users\Tejas\AppData\Roaming\IDM\"  Error Code:0
2012-11-10 17:57:25 --> $TempPath = "C:\Users\Tejas\AppData\Roaming\IDM\"  Error Code:0
2012-11-10 17:57:25 --> Finilized Path $AppDataIDMFolder= "C:\Users\Tejas\AppData\Roaming\IDM\"
2012-11-10 17:57:25 --> Finilized Path $TempPath= "C:\Users\Tejas\AppData\Roaming\IDM\"
2012-11-10 17:57:25 --> $AppDataIDMFolder = "C:\Users\Tejas\AppData\Roaming\IDM\"  Error Code:0
2012-11-10 17:57:25 --> $TempPath = "C:\Users\Tejas\AppData\Roaming\IDM\"  Error Code:0
2012-11-10 17:57:25 --> Finilized Path $AppDataIDMFolder= "C:\Users\Tejas\AppData\Roaming\IDM\"
2012-11-10 17:57:25 --> Finilized Path $TempPath= "C:\Users\Tejas\AppData\Roaming\IDM\"
2012-11-10 17:57:26 --> Window Created: IDM Backup Manager0.9.3(Beta) With Error Code: 0

============================= New Session Started at 2012-11-10 17:57:37 --> =============================

============================= System Information =============================
Module Name and Version: IDM Backup Manager0.9.3(Beta)
Module Path: C:\Users\Tejas\desktop\project\IDM\IDM BUILD_4\IDM Backup Manager.au3
OS Type: WIN32_NT
OS Version: WIN_7
Service Package: Service Pack 1
Total Memory: 1302072
Available Memory: 710684

============================= Variable Assignment =============================
2012-11-10 17:57:38 --> Internet Download Manager Is Running Now...User Selected No
2012-11-10 17:57:38 --> $AppDataIDMFolder = "C:\Users\Tejas\AppData\Roaming\IDM\"  Error Code:0
2012-11-10 17:57:38 --> $TempPath = "C:\Users\Tejas\AppData\Roaming\IDM\"  Error Code:0
2012-11-10 17:57:38 --> Finilized Path $AppDataIDMFolder= "C:\Users\Tejas\AppData\Roaming\IDM\"
2012-11-10 17:57:38 --> Finilized Path $TempPath= "C:\Users\Tejas\AppData\Roaming\IDM\"
2012-11-10 17:57:38 --> $AppDataIDMFolder = "C:\Users\Tejas\AppData\Roaming\IDM\"  Error Code:0
2012-11-10 17:57:38 --> $TempPath = "C:\Users\Tejas\AppData\Roaming\IDM\"  Error Code:0
2012-11-10 17:57:38 --> Finilized Path $AppDataIDMFolder= "C:\Users\Tejas\AppData\Roaming\IDM\"
2012-11-10 17:57:38 --> Finilized Path $TempPath= "C:\Users\Tejas\AppData\Roaming\IDM\"
2012-11-10 17:57:39 --> Window Created: IDM Backup Manager0.9.3(Beta) With Error Code: 0

============================= New Session Started at 2012-11-10 17:57:49 --> =============================

============================= System Information =============================
Module Name and Version: IDM Backup Manager0.9.3(Beta)
Module Path: C:\Users\Tejas\desktop\project\IDM\IDM BUILD_4\IDM Backup Manager.au3
OS Type: WIN32_NT
OS Version: WIN_7
Service Package: Service Pack 1
Total Memory: 1302072
Available Memory: 709240

============================= Variable Assignment =============================
2012-11-10 17:57:50 --> Internet Download Manager Is Running Now...User Selected No
2012-11-10 17:57:50 --> $AppDataIDMFolder = "C:\Users\Tejas\AppData\Roaming\IDM\"  Error Code:0
2012-11-10 17:57:50 --> $TempPath = "C:\Users\Tejas\AppData\Roaming\IDM\"  Error Code:0
2012-11-10 17:57:50 --> Finilized Path $AppDataIDMFolder= "C:\Users\Tejas\AppData\Roaming\IDM\"
2012-11-10 17:57:50 --> Finilized Path $TempPath= "C:\Users\Tejas\AppData\Roaming\IDM\"
2012-11-10 17:57:50 --> $AppDataIDMFolder = "C:\Users\Tejas\AppData\Roaming\IDM\"  Error Code:0
2012-11-10 17:57:50 --> $TempPath = "C:\Users\Tejas\AppData\Roaming\IDM\"  Error Code:0
2012-11-10 17:57:50 --> Finilized Path $AppDataIDMFolder= "C:\Users\Tejas\AppData\Roaming\IDM\"
2012-11-10 17:57:50 --> Finilized Path $TempPath= "C:\Users\Tejas\AppData\Roaming\IDM\"
2012-11-10 17:57:51 --> Window Created: IDM Backup Manager0.9.3(Beta) With Error Code: 0

============================= New Session Started at 2012-11-10 17:58:08 --> =============================

============================= System Information =============================
Module Name and Version: IDM Backup Manager0.9.3(Beta)
Module Path: C:\Users\Tejas\desktop\project\IDM\IDM BUILD_4\IDM Backup Manager.au3
OS Type: WIN32_NT
OS Version: WIN_7
Service Package: Service Pack 1
Total Memory: 1302072
Available Memory: 714752

============================= Variable Assignment =============================
2012-11-10 17:58:09 --> Internet Download Manager Is Running Now...User Selected No
2012-11-10 17:58:09 --> $AppDataIDMFolder = "C:\Users\Tejas\AppData\Roaming\IDM\"  Error Code:0
2012-11-10 17:58:09 --> $TempPath = "C:\Users\Tejas\AppData\Roaming\IDM\"  Error Code:0
2012-11-10 17:58:09 --> Finilized Path $AppDataIDMFolder= "C:\Users\Tejas\AppData\Roaming\IDM\"
2012-11-10 17:58:09 --> Finilized Path $TempPath= "C:\Users\Tejas\AppData\Roaming\IDM\"
2012-11-10 17:58:09 --> $AppDataIDMFolder = "C:\Users\Tejas\AppData\Roaming\IDM\"  Error Code:0
2012-11-10 17:58:09 --> $TempPath = "C:\Users\Tejas\AppData\Roaming\IDM\"  Error Code:0
2012-11-10 17:58:09 --> Finilized Path $AppDataIDMFolder= "C:\Users\Tejas\AppData\Roaming\IDM\"
2012-11-10 17:58:09 --> Finilized Path $TempPath= "C:\Users\Tejas\AppData\Roaming\IDM\"
2012-11-10 17:58:10 --> Window Created: IDM Backup Manager0.9.3(Beta) With Error Code: 0

============================= New Session Started at 2012-11-10 17:58:52 --> =============================

============================= System Information =============================
Module Name and Version: IDM Backup Manager0.9.3(Beta)
Module Path: C:\Users\Tejas\desktop\project\IDM\IDM BUILD_4\IDM Backup Manager.au3
OS Type: WIN32_NT
OS Version: WIN_7
Service Package: Service Pack 1
Total Memory: 1302072
Available Memory: 711648

============================= Variable Assignment =============================
2012-11-10 17:58:53 --> Internet Download Manager Is Running Now...User Selected No
2012-11-10 17:58:53 --> $AppDataIDMFolder = "C:\Users\Tejas\AppData\Roaming\IDM\"  Error Code:0
2012-11-10 17:58:53 --> $TempPath = "C:\Users\Tejas\AppData\Roaming\IDM\"  Error Code:0
2012-11-10 17:58:53 --> Finilized Path $AppDataIDMFolder= "C:\Users\Tejas\AppData\Roaming\IDM\"
2012-11-10 17:58:53 --> Finilized Path $TempPath= "C:\Users\Tejas\AppData\Roaming\IDM\"
2012-11-10 17:58:53 --> $AppDataIDMFolder = "C:\Users\Tejas\AppData\Roaming\IDM\"  Error Code:0
2012-11-10 17:58:53 --> $TempPath = "C:\Users\Tejas\AppData\Roaming\IDM\"  Error Code:0
2012-11-10 17:58:53 --> Finilized Path $AppDataIDMFolder= "C:\Users\Tejas\AppData\Roaming\IDM\"
2012-11-10 17:58:53 --> Finilized Path $TempPath= "C:\Users\Tejas\AppData\Roaming\IDM\"
2012-11-10 17:58:53 --> Window Created: IDM Backup Manager0.9.3(Beta) With Error Code: 0

============================= New Session Started at 2012-11-10 17:59:03 --> =============================

============================= System Information =============================
Module Name and Version: IDM Backup Manager0.9.3(Beta)
Module Path: C:\Users\Tejas\desktop\project\IDM\IDM BUILD_4\IDM Backup Manager.au3
OS Type: WIN32_NT
OS Version: WIN_7
Service Package: Service Pack 1
Total Memory: 1302072
Available Memory: 708764

============================= Variable Assignment =============================
2012-11-10 17:59:04 --> Internet Download Manager Is Running Now...User Selected No
2012-11-10 17:59:04 --> $AppDataIDMFolder = "C:\Users\Tejas\AppData\Roaming\IDM\"  Error Code:0
2012-11-10 17:59:04 --> $TempPath = "C:\Users\Tejas\AppData\Roaming\IDM\"  Error Code:0
2012-11-10 17:59:04 --> Finilized Path $AppDataIDMFolder= "C:\Users\Tejas\AppData\Roaming\IDM\"
2012-11-10 17:59:04 --> Finilized Path $TempPath= "C:\Users\Tejas\AppData\Roaming\IDM\"
2012-11-10 17:59:04 --> $AppDataIDMFolder = "C:\Users\Tejas\AppData\Roaming\IDM\"  Error Code:0
2012-11-10 17:59:04 --> $TempPath = "C:\Users\Tejas\AppData\Roaming\IDM\"  Error Code:0
2012-11-10 17:59:04 --> Finilized Path $AppDataIDMFolder= "C:\Users\Tejas\AppData\Roaming\IDM\"
2012-11-10 17:59:04 --> Finilized Path $TempPath= "C:\Users\Tejas\AppData\Roaming\IDM\"
2012-11-10 17:59:05 --> Window Created: IDM Backup Manager0.9.3(Beta) With Error Code: 0

============================= New Session Started at 2012-11-10 17:59:26 --> =============================

============================= System Information =============================
Module Name and Version: IDM Backup Manager0.9.3(Beta)
Module Path: C:\Users\Tejas\desktop\project\IDM\IDM BUILD_4\IDM Backup Manager.au3
OS Type: WIN32_NT
OS Version: WIN_7
Service Package: Service Pack 1
Total Memory: 1302072
Available Memory: 710424

============================= Variable Assignment =============================
2012-11-10 17:59:27 --> Internet Download Manager Is Running Now...User Selected No
2012-11-10 17:59:27 --> $AppDataIDMFolder = "C:\Users\Tejas\AppData\Roaming\IDM\"  Error Code:0
2012-11-10 17:59:27 --> $TempPath = "C:\Users\Tejas\AppData\Roaming\IDM\"  Error Code:0
2012-11-10 17:59:27 --> Finilized Path $AppDataIDMFolder= "C:\Users\Tejas\AppData\Roaming\IDM\"
2012-11-10 17:59:27 --> Finilized Path $TempPath= "C:\Users\Tejas\AppData\Roaming\IDM\"
2012-11-10 17:59:27 --> $AppDataIDMFolder = "C:\Users\Tejas\AppData\Roaming\IDM\"  Error Code:0
2012-11-10 17:59:27 --> $TempPath = "C:\Users\Tejas\AppData\Roaming\IDM\"  Error Code:0
2012-11-10 17:59:27 --> Finilized Path $AppDataIDMFolder= "C:\Users\Tejas\AppData\Roaming\IDM\"
2012-11-10 17:59:27 --> Finilized Path $TempPath= "C:\Users\Tejas\AppData\Roaming\IDM\"
2012-11-10 17:59:28 --> Window Created: IDM Backup Manager0.9.3(Beta) With Error Code: 0

============================= New Session Started at 2012-11-10 17:59:37 --> =============================

============================= System Information =============================
Module Name and Version: IDM Backup Manager0.9.3(Beta)
Module Path: C:\Users\Tejas\desktop\project\IDM\IDM BUILD_4\IDM Backup Manager.au3
OS Type: WIN32_NT
OS Version: WIN_7
Service Package: Service Pack 1
Total Memory: 1302072
Available Memory: 713508

============================= Variable Assignment =============================
2012-11-10 17:59:38 --> Internet Download Manager Is Running Now...User Selected No
2012-11-10 17:59:38 --> $AppDataIDMFolder = "C:\Users\Tejas\AppData\Roaming\IDM\"  Error Code:0
2012-11-10 17:59:38 --> $TempPath = "C:\Users\Tejas\AppData\Roaming\IDM\"  Error Code:0
2012-11-10 17:59:38 --> Finilized Path $AppDataIDMFolder= "C:\Users\Tejas\AppData\Roaming\IDM\"
2012-11-10 17:59:38 --> Finilized Path $TempPath= "C:\Users\Tejas\AppData\Roaming\IDM\"
2012-11-10 17:59:38 --> $AppDataIDMFolder = "C:\Users\Tejas\AppData\Roaming\IDM\"  Error Code:0
2012-11-10 17:59:38 --> $TempPath = "C:\Users\Tejas\AppData\Roaming\IDM\"  Error Code:0
2012-11-10 17:59:38 --> Finilized Path $AppDataIDMFolder= "C:\Users\Tejas\AppData\Roaming\IDM\"
2012-11-10 17:59:38 --> Finilized Path $TempPath= "C:\Users\Tejas\AppData\Roaming\IDM\"
2012-11-10 17:59:39 --> Window Created: IDM Backup Manager0.9.3(Beta) With Error Code: 0

============================= New Session Started at 2012-11-10 17:59:58 --> =============================

============================= System Information =============================
Module Name and Version: IDM Backup Manager0.9.3(Beta)
Module Path: C:\Users\Tejas\desktop\project\IDM\IDM BUILD_4\IDM Backup Manager.au3
OS Type: WIN32_NT
OS Version: WIN_7
Service Package: Service Pack 1
Total Memory: 1302072
Available Memory: 717640

============================= Variable Assignment =============================
2012-11-10 17:59:59 --> Internet Download Manager Is Running Now...User Selected No
2012-11-10 17:59:59 --> $AppDataIDMFolder = "C:\Users\Tejas\AppData\Roaming\IDM\"  Error Code:0
2012-11-10 17:59:59 --> $TempPath = "C:\Users\Tejas\AppData\Roaming\IDM\"  Error Code:0
2012-11-10 17:59:59 --> Finilized Path $AppDataIDMFolder= "C:\Users\Tejas\AppData\Roaming\IDM\"
2012-11-10 17:59:59 --> Finilized Path $TempPath= "C:\Users\Tejas\AppData\Roaming\IDM\"
2012-11-10 17:59:59 --> $AppDataIDMFolder = "C:\Users\Tejas\AppData\Roaming\IDM\"  Error Code:0
2012-11-10 17:59:59 --> $TempPath = "C:\Users\Tejas\AppData\Roaming\IDM\"  Error Code:0
2012-11-10 17:59:59 --> Finilized Path $AppDataIDMFolder= "C:\Users\Tejas\AppData\Roaming\IDM\"
2012-11-10 17:59:59 --> Finilized Path $TempPath= "C:\Users\Tejas\AppData\Roaming\IDM\"
2012-11-10 18:00:00 --> Window Created: IDM Backup Manager0.9.3(Beta) With Error Code: 0

============================= New Session Started at 2012-11-10 18:00:41 --> =============================

============================= System Information =============================
Module Name and Version: IDM Backup Manager0.9.3(Beta)
Module Path: C:\Users\Tejas\desktop\project\IDM\IDM BUILD_4\IDM Backup Manager.au3
OS Type: WIN32_NT
OS Version: WIN_7
Service Package: Service Pack 1
Total Memory: 1302072
Available Memory: 719224

============================= Variable Assignment =============================
2012-11-10 18:00:41 --> Internet Download Manager Is Running Now...User Selected No
2012-11-10 18:00:42 --> $AppDataIDMFolder = "C:\Users\Tejas\AppData\Roaming\IDM\"  Error Code:0
2012-11-10 18:00:42 --> $TempPath = "C:\Users\Tejas\AppData\Roaming\IDM\"  Error Code:0
2012-11-10 18:00:42 --> Finilized Path $AppDataIDMFolder= "C:\Users\Tejas\AppData\Roaming\IDM\"
2012-11-10 18:00:42 --> Finilized Path $TempPath= "C:\Users\Tejas\AppData\Roaming\IDM\"
2012-11-10 18:00:42 --> $AppDataIDMFolder = "C:\Users\Tejas\AppData\Roaming\IDM\"  Error Code:0
2012-11-10 18:00:42 --> $TempPath = "C:\Users\Tejas\AppData\Roaming\IDM\"  Error Code:0
2012-11-10 18:00:42 --> Finilized Path $AppDataIDMFolder= "C:\Users\Tejas\AppData\Roaming\IDM\"
2012-11-10 18:00:42 --> Finilized Path $TempPath= "C:\Users\Tejas\AppData\Roaming\IDM\"
2012-11-10 18:00:42 --> Window Created: IDM Backup Manager0.9.3(Beta) With Error Code: 0

============================= New Session Started at 2012-11-10 18:00:54 --> =============================

============================= System Information =============================
Module Name and Version: IDM Backup Manager0.9.3(Beta)
Module Path: C:\Users\Tejas\desktop\project\IDM\IDM BUILD_4\IDM Backup Manager.au3
OS Type: WIN32_NT
OS Version: WIN_7
Service Package: Service Pack 1
Total Memory: 1302072
Available Memory: 718008

============================= Variable Assignment =============================
2012-11-10 18:00:55 --> Internet Download Manager Is Running Now...User Selected No
2012-11-10 18:00:55 --> $AppDataIDMFolder = "C:\Users\Tejas\AppData\Roaming\IDM\"  Error Code:0
2012-11-10 18:00:55 --> $TempPath = "C:\Users\Tejas\AppData\Roaming\IDM\"  Error Code:0
2012-11-10 18:00:55 --> Finilized Path $AppDataIDMFolder= "C:\Users\Tejas\AppData\Roaming\IDM\"
2012-11-10 18:00:55 --> Finilized Path $TempPath= "C:\Users\Tejas\AppData\Roaming\IDM\"
2012-11-10 18:00:55 --> $AppDataIDMFolder = "C:\Users\Tejas\AppData\Roaming\IDM\"  Error Code:0
2012-11-10 18:00:55 --> $TempPath = "C:\Users\Tejas\AppData\Roaming\IDM\"  Error Code:0
2012-11-10 18:00:55 --> Finilized Path $AppDataIDMFolder= "C:\Users\Tejas\AppData\Roaming\IDM\"
2012-11-10 18:00:55 --> Finilized Path $TempPath= "C:\Users\Tejas\AppData\Roaming\IDM\"
2012-11-10 18:00:56 --> Window Created: IDM Backup Manager0.9.3(Beta) With Error Code: 0

============================= New Session Started at 2012-11-10 18:01:50 --> =============================

============================= System Information =============================
Module Name and Version: IDM Backup Manager0.9.3(Beta)
Module Path: C:\Users\Tejas\desktop\project\IDM\IDM BUILD_4\IDM Backup Manager.au3
OS Type: WIN32_NT
OS Version: WIN_7
Service Package: Service Pack 1
Total Memory: 1302072
Available Memory: 722668

============================= Variable Assignment =============================
2012-11-10 18:01:51 --> Internet Download Manager Is Running Now...User Selected No
2012-11-10 18:01:52 --> $AppDataIDMFolder = "C:\Users\Tejas\AppData\Roaming\IDM\"  Error Code:0
2012-11-10 18:01:52 --> $TempPath = "C:\Users\Tejas\AppData\Roaming\IDM\"  Error Code:0
2012-11-10 18:01:52 --> Finilized Path $AppDataIDMFolder= "C:\Users\Tejas\AppData\Roaming\IDM\"
2012-11-10 18:01:52 --> Finilized Path $TempPath= "C:\Users\Tejas\AppData\Roaming\IDM\"
2012-11-10 18:01:52 --> $AppDataIDMFolder = "C:\Users\Tejas\AppData\Roaming\IDM\"  Error Code:0
2012-11-10 18:01:52 --> $TempPath = "C:\Users\Tejas\AppData\Roaming\IDM\"  Error Code:0
2012-11-10 18:01:52 --> Finilized Path $AppDataIDMFolder= "C:\Users\Tejas\AppData\Roaming\IDM\"
2012-11-10 18:01:52 --> Finilized Path $TempPath= "C:\Users\Tejas\AppData\Roaming\IDM\"
2012-11-10 18:01:52 --> Window Created: IDM Backup Manager0.9.3(Beta) With Error Code: 0

============================= New Session Started at 2012-11-10 18:03:02 --> =============================

============================= System Information =============================
Module Name and Version: IDM Backup Manager0.9.3(Beta)
Module Path: C:\Users\Tejas\desktop\project\IDM\IDM BUILD_4\IDM Backup Manager.au3
OS Type: WIN32_NT
OS Version: WIN_7
Service Package: Service Pack 1
Total Memory: 1302072
Available Memory: 705380

============================= Variable Assignment =============================
2012-11-10 18:03:03 --> Internet Download Manager Is Running Now...User Selected No
2012-11-10 18:03:03 --> $AppDataIDMFolder = "C:\Users\Tejas\AppData\Roaming\IDM\"  Error Code:0
2012-11-10 18:03:03 --> $TempPath = "C:\Users\Tejas\AppData\Roaming\IDM\"  Error Code:0
2012-11-10 18:03:03 --> Finilized Path $AppDataIDMFolder= "C:\Users\Tejas\AppData\Roaming\IDM\"
2012-11-10 18:03:03 --> Finilized Path $TempPath= "C:\Users\Tejas\AppData\Roaming\IDM\"
2012-11-10 18:03:03 --> $AppDataIDMFolder = "C:\Users\Tejas\AppData\Roaming\IDM\"  Error Code:0
2012-11-10 18:03:03 --> $TempPath = "C:\Users\Tejas\AppData\Roaming\IDM\"  Error Code:0
2012-11-10 18:03:03 --> Finilized Path $AppDataIDMFolder= "C:\Users\Tejas\AppData\Roaming\IDM\"
2012-11-10 18:03:03 --> Finilized Path $TempPath= "C:\Users\Tejas\AppData\Roaming\IDM\"
2012-11-10 18:03:04 --> Window Created: IDM Backup Manager0.9.3(Beta) With Error Code: 0

============================= New Session Started at 2012-11-10 18:03:38 --> =============================

============================= System Information =============================
Module Name and Version: IDM Backup Manager0.9.3(Beta)
Module Path: C:\Users\Tejas\desktop\project\IDM\IDM BUILD_4\IDM Backup Manager.au3
OS Type: WIN32_NT
OS Version: WIN_7
Service Package: Service Pack 1
Total Memory: 1302072
Available Memory: 705940

============================= Variable Assignment =============================
2012-11-10 18:03:39 --> Internet Download Manager Is Running Now...User Selected No
2012-11-10 18:03:39 --> $AppDataIDMFolder = "C:\Users\Tejas\AppData\Roaming\IDM\"  Error Code:0
2012-11-10 18:03:39 --> $TempPath = "C:\Users\Tejas\AppData\Roaming\IDM\"  Error Code:0
2012-11-10 18:03:39 --> Finilized Path $AppDataIDMFolder= "C:\Users\Tejas\AppData\Roaming\IDM\"
2012-11-10 18:03:39 --> Finilized Path $TempPath= "C:\Users\Tejas\AppData\Roaming\IDM\"
2012-11-10 18:03:39 --> $AppDataIDMFolder = "C:\Users\Tejas\AppData\Roaming\IDM\"  Error Code:0
2012-11-10 18:03:39 --> $TempPath = "C:\Users\Tejas\AppData\Roaming\IDM\"  Error Code:0
2012-11-10 18:03:39 --> Finilized Path $AppDataIDMFolder= "C:\Users\Tejas\AppData\Roaming\IDM\"
2012-11-10 18:03:39 --> Finilized Path $TempPath= "C:\Users\Tejas\AppData\Roaming\IDM\"
2012-11-10 18:03:40 --> Window Created: IDM Backup Manager0.9.3(Beta) With Error Code: 0

============================= New Session Started at 2012-11-10 18:04:04 --> =============================

============================= System Information =============================
Module Name and Version: IDM Backup Manager0.9.3(Beta)
Module Path: C:\Users\Tejas\desktop\project\IDM\IDM BUILD_4\IDM Backup Manager.au3
OS Type: WIN32_NT
OS Version: WIN_7
Service Package: Service Pack 1
Total Memory: 1302072
Available Memory: 695588

============================= Variable Assignment =============================
2012-11-10 18:04:04 --> Internet Download Manager Is Running Now...User Selected No
2012-11-10 18:04:05 --> $AppDataIDMFolder = "C:\Users\Tejas\AppData\Roaming\IDM\"  Error Code:0
2012-11-10 18:04:05 --> $TempPath = "C:\Users\Tejas\AppData\Roaming\IDM\"  Error Code:0
2012-11-10 18:04:05 --> Finilized Path $AppDataIDMFolder= "C:\Users\Tejas\AppData\Roaming\IDM\"
2012-11-10 18:04:05 --> Finilized Path $TempPath= "C:\Users\Tejas\AppData\Roaming\IDM\"
2012-11-10 18:04:05 --> $AppDataIDMFolder = "C:\Users\Tejas\AppData\Roaming\IDM\"  Error Code:0
2012-11-10 18:04:05 --> $TempPath = "C:\Users\Tejas\AppData\Roaming\IDM\"  Error Code:0
2012-11-10 18:04:05 --> Finilized Path $AppDataIDMFolder= "C:\Users\Tejas\AppData\Roaming\IDM\"
2012-11-10 18:04:05 --> Finilized Path $TempPath= "C:\Users\Tejas\AppData\Roaming\IDM\"
2012-11-10 18:04:05 --> Window Created: IDM Backup Manager0.9.3(Beta) With Error Code: 0

============================= New Session Started at 2012-11-10 18:05:23 --> =============================

============================= System Information =============================
Module Name and Version: IDM Backup Manager0.9.3(Beta)
Module Path: C:\Users\Tejas\desktop\project\IDM\IDM BUILD_4\IDM Backup Manager.au3
OS Type: WIN32_NT
OS Version: WIN_7
Service Package: Service Pack 1
Total Memory: 1302072
Available Memory: 696764

============================= Variable Assignment =============================
2012-11-10 18:05:23 --> Internet Download Manager Is Running Now...User Selected No
2012-11-10 18:05:24 --> $AppDataIDMFolder = "C:\Users\Tejas\AppData\Roaming\IDM\"  Error Code:0
2012-11-10 18:05:24 --> $TempPath = "C:\Users\Tejas\AppData\Roaming\IDM\"  Error Code:0
2012-11-10 18:05:24 --> Finilized Path $AppDataIDMFolder= "C:\Users\Tejas\AppData\Roaming\IDM\"
2012-11-10 18:05:24 --> Finilized Path $TempPath= "C:\Users\Tejas\AppData\Roaming\IDM\"
2012-11-10 18:05:24 --> $AppDataIDMFolder = "C:\Users\Tejas\AppData\Roaming\IDM\"  Error Code:0
2012-11-10 18:05:24 --> $TempPath = "C:\Users\Tejas\AppData\Roaming\IDM\"  Error Code:0
2012-11-10 18:05:24 --> Finilized Path $AppDataIDMFolder= "C:\Users\Tejas\AppData\Roaming\IDM\"
2012-11-10 18:05:24 --> Finilized Path $TempPath= "C:\Users\Tejas\AppData\Roaming\IDM\"
2012-11-10 18:05:24 --> Window Created: IDM Backup Manager0.9.3(Beta) With Error Code: 0

============================= New Session Started at 2012-11-10 18:06:29 --> =============================

============================= System Information =============================
Module Name and Version: IDM Backup Manager0.9.3(Beta)
Module Path: C:\Users\Tejas\desktop\project\IDM\IDM BUILD_4\IDM Backup Manager.au3
OS Type: WIN32_NT
OS Version: WIN_7
Service Package: Service Pack 1
Total Memory: 1302072
Available Memory: 676588

============================= Variable Assignment =============================
2012-11-10 18:06:30 --> Internet Download Manager Is Running Now...User Selected No
2012-11-10 18:06:30 --> $AppDataIDMFolder = "C:\Users\Tejas\AppData\Roaming\IDM\"  Error Code:0
2012-11-10 18:06:30 --> $TempPath = "C:\Users\Tejas\AppData\Roaming\IDM\"  Error Code:0
2012-11-10 18:06:30 --> Finilized Path $AppDataIDMFolder= "C:\Users\Tejas\AppData\Roaming\IDM\"
2012-11-10 18:06:30 --> Finilized Path $TempPath= "C:\Users\Tejas\AppData\Roaming\IDM\"
2012-11-10 18:06:30 --> $AppDataIDMFolder = "C:\Users\Tejas\AppData\Roaming\IDM\"  Error Code:0
2012-11-10 18:06:30 --> $TempPath = "C:\Users\Tejas\AppData\Roaming\IDM\"  Error Code:0
2012-11-10 18:06:30 --> Finilized Path $AppDataIDMFolder= "C:\Users\Tejas\AppData\Roaming\IDM\"
2012-11-10 18:06:30 --> Finilized Path $TempPath= "C:\Users\Tejas\AppData\Roaming\IDM\"
2012-11-10 18:06:31 --> Window Created: IDM Backup Manager0.9.3(Beta) With Error Code: 0

============================= New Session Started at 2012-11-10 18:06:53 --> =============================

============================= System Information =============================
Module Name and Version: IDM Backup Manager0.9.3(Beta)
Module Path: C:\Users\Tejas\desktop\project\IDM\IDM BUILD_4\IDM Backup Manager.au3
OS Type: WIN32_NT
OS Version: WIN_7
Service Package: Service Pack 1
Total Memory: 1302072
Available Memory: 696580

============================= Variable Assignment =============================
2012-11-10 18:06:54 --> Internet Download Manager Is Running Now...User Selected No
2012-11-10 18:06:54 --> $AppDataIDMFolder = "C:\Users\Tejas\AppData\Roaming\IDM\"  Error Code:0
2012-11-10 18:06:54 --> $TempPath = "C:\Users\Tejas\AppData\Roaming\IDM\"  Error Code:0
2012-11-10 18:06:54 --> Finilized Path $AppDataIDMFolder= "C:\Users\Tejas\AppData\Roaming\IDM\"
2012-11-10 18:06:54 --> Finilized Path $TempPath= "C:\Users\Tejas\AppData\Roaming\IDM\"
2012-11-10 18:06:54 --> $AppDataIDMFolder = "C:\Users\Tejas\AppData\Roaming\IDM\"  Error Code:0
2012-11-10 18:06:54 --> $TempPath = "C:\Users\Tejas\AppData\Roaming\IDM\"  Error Code:0
2012-11-10 18:06:54 --> Finilized Path $AppDataIDMFolder= "C:\Users\Tejas\AppData\Roaming\IDM\"
2012-11-10 18:06:54 --> Finilized Path $TempPath= "C:\Users\Tejas\AppData\Roaming\IDM\"
2012-11-10 18:06:55 --> Window Created: IDM Backup Manager0.9.3(Beta) With Error Code: 0

============================= New Session Started at 2012-11-10 18:24:17 --> =============================

============================= System Information =============================
Module Name and Version: IDM Backup Manager0.9.3(Beta)
Module Path: C:\Users\Tejas\desktop\project\IDM\IDM BUILD_4\IDM Backup Manager.au3
OS Type: WIN32_NT
OS Version: WIN_7
Service Package: Service Pack 1
Total Memory: 1302072
Available Memory: 726248

============================= Variable Assignment =============================
2012-11-10 18:24:18 --> Internet Download Manager Is Running Now...User Selected No
2012-11-10 18:24:18 --> $AppDataIDMFolder = "C:\Users\Tejas\AppData\Roaming\IDM\"  Error Code:0
2012-11-10 18:24:18 --> $TempPath = "C:\Users\Tejas\AppData\Roaming\IDM\"  Error Code:0
2012-11-10 18:24:18 --> Finilized Path $AppDataIDMFolder= "C:\Users\Tejas\AppData\Roaming\IDM\"
2012-11-10 18:24:18 --> Finilized Path $TempPath= "C:\Users\Tejas\AppData\Roaming\IDM\"
2012-11-10 18:24:18 --> $AppDataIDMFolder = "C:\Users\Tejas\AppData\Roaming\IDM\"  Error Code:0
2012-11-10 18:24:18 --> $TempPath = "C:\Users\Tejas\AppData\Roaming\IDM\"  Error Code:0
2012-11-10 18:24:18 --> Finilized Path $AppDataIDMFolder= "C:\Users\Tejas\AppData\Roaming\IDM\"
2012-11-10 18:24:18 --> Finilized Path $TempPath= "C:\Users\Tejas\AppData\Roaming\IDM\"
2012-11-10 18:24:18 --> Window Created: IDM Backup Manager0.9.3(Beta) With Error Code: 0

============================= New Session Started at 2012-11-10 18:25:19 --> =============================

============================= System Information =============================
Module Name and Version: IDM Backup Manager0.9.3(Beta)
Module Path: C:\Users\Tejas\desktop\project\IDM\IDM BUILD_4\IDM Backup Manager.au3
OS Type: WIN32_NT
OS Version: WIN_7
Service Package: Service Pack 1
Total Memory: 1302072
Available Memory: 725480

============================= Variable Assignment =============================
2012-11-10 18:25:20 --> Internet Download Manager Is Running Now...User Selected No
2012-11-10 18:25:20 --> $AppDataIDMFolder = "C:\Users\Tejas\AppData\Roaming\IDM\"  Error Code:0
2012-11-10 18:25:20 --> $TempPath = "C:\Users\Tejas\AppData\Roaming\IDM\"  Error Code:0
2012-11-10 18:25:20 --> Finilized Path $AppDataIDMFolder= "C:\Users\Tejas\AppData\Roaming\IDM\"
2012-11-10 18:25:20 --> Finilized Path $TempPath= "C:\Users\Tejas\AppData\Roaming\IDM\"
2012-11-10 18:25:20 --> $AppDataIDMFolder = "C:\Users\Tejas\AppData\Roaming\IDM\"  Error Code:0
2012-11-10 18:25:20 --> $TempPath = "C:\Users\Tejas\AppData\Roaming\IDM\"  Error Code:0
2012-11-10 18:25:20 --> Finilized Path $AppDataIDMFolder= "C:\Users\Tejas\AppData\Roaming\IDM\"
2012-11-10 18:25:20 --> Finilized Path $TempPath= "C:\Users\Tejas\AppData\Roaming\IDM\"
2012-11-10 18:25:21 --> Window Created: IDM Backup Manager0.9.3(Beta) With Error Code: 0

============================= New Session Started at 2012-11-10 18:25:49 --> =============================

============================= System Information =============================
Module Name and Version: IDM Backup Manager0.9.3(Beta)
Module Path: C:\Users\Tejas\desktop\project\IDM\IDM BUILD_4\IDM Backup Manager.au3
OS Type: WIN32_NT
OS Version: WIN_7
Service Package: Service Pack 1
Total Memory: 1302072
Available Memory: 727848

============================= Variable Assignment =============================
2012-11-10 18:25:49 --> Internet Download Manager Is Running Now...User Selected No
2012-11-10 18:25:50 --> $AppDataIDMFolder = "C:\Users\Tejas\AppData\Roaming\IDM\"  Error Code:0
2012-11-10 18:25:50 --> $TempPath = "C:\Users\Tejas\AppData\Roaming\IDM\"  Error Code:0
2012-11-10 18:25:50 --> Finilized Path $AppDataIDMFolder= "C:\Users\Tejas\AppData\Roaming\IDM\"
2012-11-10 18:25:50 --> Finilized Path $TempPath= "C:\Users\Tejas\AppData\Roaming\IDM\"
2012-11-10 18:25:50 --> $AppDataIDMFolder = "C:\Users\Tejas\AppData\Roaming\IDM\"  Error Code:0
2012-11-10 18:25:50 --> $TempPath = "C:\Users\Tejas\AppData\Roaming\IDM\"  Error Code:0
2012-11-10 18:25:50 --> Finilized Path $AppDataIDMFolder= "C:\Users\Tejas\AppData\Roaming\IDM\"
2012-11-10 18:25:50 --> Finilized Path $TempPath= "C:\Users\Tejas\AppData\Roaming\IDM\"
2012-11-10 18:25:50 --> Window Created: IDM Backup Manager0.9.3(Beta) With Error Code: 0

============================= New Session Started at 2012-11-10 18:26:50 --> =============================

============================= System Information =============================
Module Name and Version: IDM Backup Manager0.9.3(Beta)
Module Path: C:\Users\Tejas\desktop\project\IDM\IDM BUILD_4\IDM Backup Manager.au3
OS Type: WIN32_NT
OS Version: WIN_7
Service Package: Service Pack 1
Total Memory: 1302072
Available Memory: 724428

============================= Variable Assignment =============================
2012-11-10 18:26:51 --> Internet Download Manager Is Running Now...User Selected No
2012-11-10 18:26:55 --> $AppDataIDMFolder = "C:\Users\Tejas\AppData\Roaming\IDM\"  Error Code:0
2012-11-10 18:26:55 --> $TempPath = "C:\Users\Tejas\AppData\Roaming\IDM\"  Error Code:0
2012-11-10 18:26:55 --> Finilized Path $AppDataIDMFolder= "C:\Users\Tejas\AppData\Roaming\IDM\"
2012-11-10 18:26:55 --> Finilized Path $TempPath= "C:\Users\Tejas\AppData\Roaming\IDM\"
2012-11-10 18:26:55 --> $AppDataIDMFolder = "C:\Users\Tejas\AppData\Roaming\IDM\"  Error Code:0
2012-11-10 18:26:55 --> $TempPath = "C:\Users\Tejas\AppData\Roaming\IDM\"  Error Code:0
2012-11-10 18:26:55 --> Finilized Path $AppDataIDMFolder= "C:\Users\Tejas\AppData\Roaming\IDM\"
2012-11-10 18:26:55 --> Finilized Path $TempPath= "C:\Users\Tejas\AppData\Roaming\IDM\"
2012-11-10 18:26:55 --> Window Created: IDM Backup Manager0.9.3(Beta) With Error Code: 0

============================= New Session Started at 2012-11-10 18:27:53 --> =============================

============================= System Information =============================
Module Name and Version: IDM Backup Manager0.9.3(Beta)
Module Path: C:\Users\Tejas\desktop\project\IDM\IDM BUILD_4\IDM Backup Manager.au3
OS Type: WIN32_NT
OS Version: WIN_7
Service Package: Service Pack 1
Total Memory: 1302072
Available Memory: 725492

============================= Variable Assignment =============================
2012-11-10 18:27:53 --> Internet Download Manager Is Running Now...User Selected No
2012-11-10 18:27:54 --> $AppDataIDMFolder = "C:\Users\Tejas\AppData\Roaming\IDM\"  Error Code:0
2012-11-10 18:27:54 --> $TempPath = "C:\Users\Tejas\AppData\Roaming\IDM\"  Error Code:0
2012-11-10 18:27:54 --> Finilized Path $AppDataIDMFolder= "C:\Users\Tejas\AppData\Roaming\IDM\"
2012-11-10 18:27:54 --> Finilized Path $TempPath= "C:\Users\Tejas\AppData\Roaming\IDM\"
2012-11-10 18:27:54 --> $AppDataIDMFolder = "C:\Users\Tejas\AppData\Roaming\IDM\"  Error Code:0
2012-11-10 18:27:54 --> $TempPath = "C:\Users\Tejas\AppData\Roaming\IDM\"  Error Code:0
2012-11-10 18:27:54 --> Finilized Path $AppDataIDMFolder= "C:\Users\Tejas\AppData\Roaming\IDM\"
2012-11-10 18:27:54 --> Finilized Path $TempPath= "C:\Users\Tejas\AppData\Roaming\IDM\"
2012-11-10 18:27:54 --> Window Created: IDM Backup Manager0.9.3(Beta) With Error Code: 0

============================= New Session Started at 2012-11-10 18:28:31 --> =============================

============================= System Information =============================
Module Name and Version: IDM Backup Manager0.9.3(Beta)
Module Path: C:\Users\Tejas\desktop\project\IDM\IDM BUILD_4\IDM Backup Manager.au3
OS Type: WIN32_NT
OS Version: WIN_7
Service Package: Service Pack 1
Total Memory: 1302072
Available Memory: 724076

============================= Variable Assignment =============================
2012-11-10 18:28:32 --> Internet Download Manager Is Running Now...User Selected No
2012-11-10 18:28:32 --> $AppDataIDMFolder = "C:\Users\Tejas\AppData\Roaming\IDM\"  Error Code:0
2012-11-10 18:28:32 --> $TempPath = "C:\Users\Tejas\AppData\Roaming\IDM\"  Error Code:0
2012-11-10 18:28:32 --> Finilized Path $AppDataIDMFolder= "C:\Users\Tejas\AppData\Roaming\IDM\"
2012-11-10 18:28:32 --> Finilized Path $TempPath= "C:\Users\Tejas\AppData\Roaming\IDM\"
2012-11-10 18:28:32 --> $AppDataIDMFolder = "C:\Users\Tejas\AppData\Roaming\IDM\"  Error Code:0
2012-11-10 18:28:32 --> $TempPath = "C:\Users\Tejas\AppData\Roaming\IDM\"  Error Code:0
2012-11-10 18:28:32 --> Finilized Path $AppDataIDMFolder= "C:\Users\Tejas\AppData\Roaming\IDM\"
2012-11-10 18:28:32 --> Finilized Path $TempPath= "C:\Users\Tejas\AppData\Roaming\IDM\"
2012-11-10 18:28:33 --> Window Created: IDM Backup Manager0.9.3(Beta) With Error Code: 0

============================= New Session Started at 2012-11-10 18:31:38 --> =============================

============================= System Information =============================
Module Name and Version: IDM Backup Manager0.9.3(Beta)
Module Path: C:\Users\Tejas\desktop\project\IDM\IDM BUILD_4\IDM Backup Manager.au3
OS Type: WIN32_NT
OS Version: WIN_7
Service Package: Service Pack 1
Total Memory: 1302072
Available Memory: 721312

============================= Variable Assignment =============================
2012-11-10 18:31:39 --> Internet Download Manager Is Running Now...User Selected No
2012-11-10 18:31:39 --> $AppDataIDMFolder = "C:\Users\Tejas\AppData\Roaming\IDM\"  Error Code:0
2012-11-10 18:31:39 --> $TempPath = "C:\Users\Tejas\AppData\Roaming\IDM\"  Error Code:0
2012-11-10 18:31:39 --> Finilized Path $AppDataIDMFolder= "C:\Users\Tejas\AppData\Roaming\IDM\"
2012-11-10 18:31:39 --> Finilized Path $TempPath= "C:\Users\Tejas\AppData\Roaming\IDM\"
2012-11-10 18:31:39 --> $AppDataIDMFolder = "C:\Users\Tejas\AppData\Roaming\IDM\"  Error Code:0
2012-11-10 18:31:39 --> $TempPath = "C:\Users\Tejas\AppData\Roaming\IDM\"  Error Code:0
2012-11-10 18:31:39 --> Finilized Path $AppDataIDMFolder= "C:\Users\Tejas\AppData\Roaming\IDM\"
2012-11-10 18:31:39 --> Finilized Path $TempPath= "C:\Users\Tejas\AppData\Roaming\IDM\"
2012-11-10 18:31:40 --> Window Created: IDM Backup Manager0.9.3(Beta) With Error Code: 0

============================= New Session Started at 2012-11-10 18:32:02 --> =============================

============================= System Information =============================
Module Name and Version: IDM Backup Manager0.9.3(Beta)
Module Path: C:\Users\Tejas\desktop\project\IDM\IDM BUILD_4\IDM Backup Manager.au3
OS Type: WIN32_NT
OS Version: WIN_7
Service Package: Service Pack 1
Total Memory: 1302072
Available Memory: 723572

============================= Variable Assignment =============================
2012-11-10 18:32:03 --> Internet Download Manager Is Running Now...User Selected No
2012-11-10 18:32:03 --> $AppDataIDMFolder = "C:\Users\Tejas\AppData\Roaming\IDM\"  Error Code:0
2012-11-10 18:32:03 --> $TempPath = "C:\Users\Tejas\AppData\Roaming\IDM\"  Error Code:0
2012-11-10 18:32:03 --> Finilized Path $AppDataIDMFolder= "C:\Users\Tejas\AppData\Roaming\IDM\"
2012-11-10 18:32:03 --> Finilized Path $TempPath= "C:\Users\Tejas\AppData\Roaming\IDM\"
2012-11-10 18:32:03 --> $AppDataIDMFolder = "C:\Users\Tejas\AppData\Roaming\IDM\"  Error Code:0
2012-11-10 18:32:03 --> $TempPath = "C:\Users\Tejas\AppData\Roaming\IDM\"  Error Code:0
2012-11-10 18:32:03 --> Finilized Path $AppDataIDMFolder= "C:\Users\Tejas\AppData\Roaming\IDM\"
2012-11-10 18:32:03 --> Finilized Path $TempPath= "C:\Users\Tejas\AppData\Roaming\IDM\"
2012-11-10 18:32:03 --> Window Created: IDM Backup Manager0.9.3(Beta) With Error Code: 0

============================= New Session Started at 2012-11-10 18:34:02 --> =============================

============================= System Information =============================
Module Name and Version: IDM Backup Manager0.9.3(Beta)
Module Path: C:\Users\Tejas\desktop\project\IDM\IDM BUILD_4\IDM Backup Manager.au3
OS Type: WIN32_NT
OS Version: WIN_7
Service Package: Service Pack 1
Total Memory: 1302072
Available Memory: 737732

============================= Variable Assignment =============================
2012-11-10 18:34:02 --> Internet Download Manager Is Running Now...User Selected No
2012-11-10 18:34:03 --> $AppDataIDMFolder = "C:\Users\Tejas\AppData\Roaming\IDM\"  Error Code:0
2012-11-10 18:34:03 --> $TempPath = "C:\Users\Tejas\AppData\Roaming\IDM\"  Error Code:0
2012-11-10 18:34:03 --> Finilized Path $AppDataIDMFolder= "C:\Users\Tejas\AppData\Roaming\IDM\"
2012-11-10 18:34:03 --> Finilized Path $TempPath= "C:\Users\Tejas\AppData\Roaming\IDM\"
2012-11-10 18:34:03 --> $AppDataIDMFolder = "C:\Users\Tejas\AppData\Roaming\IDM\"  Error Code:0
2012-11-10 18:34:03 --> $TempPath = "C:\Users\Tejas\AppData\Roaming\IDM\"  Error Code:0
2012-11-10 18:34:03 --> Finilized Path $AppDataIDMFolder= "C:\Users\Tejas\AppData\Roaming\IDM\"
2012-11-10 18:34:03 --> Finilized Path $TempPath= "C:\Users\Tejas\AppData\Roaming\IDM\"
2012-11-10 18:34:04 --> Window Created: IDM Backup Manager0.9.3(Beta) With Error Code: 0

============================= New Session Started at 2012-11-10 18:34:35 --> =============================

============================= System Information =============================
Module Name and Version: IDM Backup Manager0.9.3(Beta)
Module Path: C:\Users\Tejas\desktop\project\IDM\IDM BUILD_4\IDM Backup Manager.au3
OS Type: WIN32_NT
OS Version: WIN_7
Service Package: Service Pack 1
Total Memory: 1302072
Available Memory: 735832

============================= Variable Assignment =============================
2012-11-10 18:34:37 --> Internet Download Manager Is Running Now...User Selected No
2012-11-10 18:34:37 --> $AppDataIDMFolder = "C:\Users\Tejas\AppData\Roaming\IDM\"  Error Code:0
2012-11-10 18:34:37 --> $TempPath = "C:\Users\Tejas\AppData\Roaming\IDM\"  Error Code:0
2012-11-10 18:34:37 --> Finilized Path $AppDataIDMFolder= "C:\Users\Tejas\AppData\Roaming\IDM\"
2012-11-10 18:34:37 --> Finilized Path $TempPath= "C:\Users\Tejas\AppData\Roaming\IDM\"
2012-11-10 18:34:37 --> $AppDataIDMFolder = "C:\Users\Tejas\AppData\Roaming\IDM\"  Error Code:0
2012-11-10 18:34:37 --> $TempPath = "C:\Users\Tejas\AppData\Roaming\IDM\"  Error Code:0
2012-11-10 18:34:37 --> Finilized Path $AppDataIDMFolder= "C:\Users\Tejas\AppData\Roaming\IDM\"
2012-11-10 18:34:37 --> Finilized Path $TempPath= "C:\Users\Tejas\AppData\Roaming\IDM\"
2012-11-10 18:34:38 --> Window Created: IDM Backup Manager0.9.3(Beta) With Error Code: 0

============================= New Session Started at 2012-11-10 18:38:47 --> =============================

============================= System Information =============================
Module Name and Version: IDM Backup Manager0.9.3(Beta)
Module Path: C:\Users\Tejas\desktop\project\IDM\IDM BUILD_4\IDM Backup Manager.au3
OS Type: WIN32_NT
OS Version: WIN_7
Service Package: Service Pack 1
Total Memory: 1302072
Available Memory: 713188

============================= Variable Assignment =============================
2012-11-10 18:38:47 --> Internet Download Manager Is Running Now...User Selected No
2012-11-10 18:38:48 --> $AppDataIDMFolder = "C:\Users\Tejas\AppData\Roaming\IDM\"  Error Code:0
2012-11-10 18:38:48 --> $TempPath = "C:\Users\Tejas\AppData\Roaming\IDM\"  Error Code:0
2012-11-10 18:38:48 --> Finilized Path $AppDataIDMFolder= "C:\Users\Tejas\AppData\Roaming\IDM\"
2012-11-10 18:38:48 --> Finilized Path $TempPath= "C:\Users\Tejas\AppData\Roaming\IDM\"
2012-11-10 18:38:48 --> $AppDataIDMFolder = "C:\Users\Tejas\AppData\Roaming\IDM\"  Error Code:0
2012-11-10 18:38:48 --> $TempPath = "C:\Users\Tejas\AppData\Roaming\IDM\"  Error Code:0
2012-11-10 18:38:48 --> Finilized Path $AppDataIDMFolder= "C:\Users\Tejas\AppData\Roaming\IDM\"
2012-11-10 18:38:48 --> Finilized Path $TempPath= "C:\Users\Tejas\AppData\Roaming\IDM\"
2012-11-10 18:38:48 --> Window Created: IDM Backup Manager0.9.3(Beta) With Error Code: 0

============================= New Session Started at 2012-11-10 18:39:21 --> =============================

============================= System Information =============================
Module Name and Version: IDM Backup Manager0.9.3(Beta)
Module Path: C:\Users\Tejas\desktop\project\IDM\IDM BUILD_4\IDM Backup Manager.au3
OS Type: WIN32_NT
OS Version: WIN_7
Service Package: Service Pack 1
Total Memory: 1302072
Available Memory: 725452

============================= Variable Assignment =============================
2012-11-10 18:39:23 --> Internet Download Manager Is Running Now...User Selected No
2012-11-10 18:39:23 --> $AppDataIDMFolder = "C:\Users\Tejas\AppData\Roaming\IDM\"  Error Code:0
2012-11-10 18:39:23 --> $TempPath = "C:\Users\Tejas\AppData\Roaming\IDM\"  Error Code:0
2012-11-10 18:39:23 --> Finilized Path $AppDataIDMFolder= "C:\Users\Tejas\AppData\Roaming\IDM\"
2012-11-10 18:39:23 --> Finilized Path $TempPath= "C:\Users\Tejas\AppData\Roaming\IDM\"
2012-11-10 18:39:23 --> $AppDataIDMFolder = "C:\Users\Tejas\AppData\Roaming\IDM\"  Error Code:0
2012-11-10 18:39:23 --> $TempPath = "C:\Users\Tejas\AppData\Roaming\IDM\"  Error Code:0
2012-11-10 18:39:23 --> Finilized Path $AppDataIDMFolder= "C:\Users\Tejas\AppData\Roaming\IDM\"
2012-11-10 18:39:23 --> Finilized Path $TempPath= "C:\Users\Tejas\AppData\Roaming\IDM\"
2012-11-10 18:39:23 --> Window Created: IDM Backup Manager0.9.3(Beta) With Error Code: 0

============================= New Session Started at 2012-11-10 18:39:37 --> =============================

============================= System Information =============================
Module Name and Version: IDM Backup Manager0.9.3(Beta)
Module Path: C:\Users\Tejas\desktop\project\IDM\IDM BUILD_4\IDM Backup Manager.au3
OS Type: WIN32_NT
OS Version: WIN_7
Service Package: Service Pack 1
Total Memory: 1302072
Available Memory: 726508

============================= Variable Assignment =============================
2012-11-10 18:39:37 --> Internet Download Manager Is Running Now...User Selected No
2012-11-10 18:39:38 --> $AppDataIDMFolder = "C:\Users\Tejas\AppData\Roaming\IDM\"  Error Code:0
2012-11-10 18:39:38 --> $TempPath = "C:\Users\Tejas\AppData\Roaming\IDM\"  Error Code:0
2012-11-10 18:39:38 --> Finilized Path $AppDataIDMFolder= "C:\Users\Tejas\AppData\Roaming\IDM\"
2012-11-10 18:39:38 --> Finilized Path $TempPath= "C:\Users\Tejas\AppData\Roaming\IDM\"
2012-11-10 18:39:38 --> $AppDataIDMFolder = "C:\Users\Tejas\AppData\Roaming\IDM\"  Error Code:0
2012-11-10 18:39:38 --> $TempPath = "C:\Users\Tejas\AppData\Roaming\IDM\"  Error Code:0
2012-11-10 18:39:38 --> Finilized Path $AppDataIDMFolder= "C:\Users\Tejas\AppData\Roaming\IDM\"
2012-11-10 18:39:38 --> Finilized Path $TempPath= "C:\Users\Tejas\AppData\Roaming\IDM\"
2012-11-10 18:39:38 --> Window Created: IDM Backup Manager0.9.3(Beta) With Error Code: 0

============================= New Session Started at 2012-11-10 18:40:18 --> =============================

============================= System Information =============================
Module Name and Version: IDM Backup Manager0.9.3(Beta)
Module Path: C:\Users\Tejas\desktop\project\IDM\IDM BUILD_4\IDM Backup Manager.au3
OS Type: WIN32_NT
OS Version: WIN_7
Service Package: Service Pack 1
Total Memory: 1302072
Available Memory: 736196

============================= Variable Assignment =============================
2012-11-10 18:40:20 --> Internet Download Manager Is Running Now...User Selected No
2012-11-10 18:40:20 --> $AppDataIDMFolder = "C:\Users\Tejas\AppData\Roaming\IDM\"  Error Code:0
2012-11-10 18:40:20 --> $TempPath = "C:\Users\Tejas\AppData\Roaming\IDM\"  Error Code:0
2012-11-10 18:40:20 --> Finilized Path $AppDataIDMFolder= "C:\Users\Tejas\AppData\Roaming\IDM\"
2012-11-10 18:40:20 --> Finilized Path $TempPath= "C:\Users\Tejas\AppData\Roaming\IDM\"
2012-11-10 18:40:20 --> $AppDataIDMFolder = "C:\Users\Tejas\AppData\Roaming\IDM\"  Error Code:0
2012-11-10 18:40:20 --> $TempPath = "C:\Users\Tejas\AppData\Roaming\IDM\"  Error Code:0
2012-11-10 18:40:20 --> Finilized Path $AppDataIDMFolder= "C:\Users\Tejas\AppData\Roaming\IDM\"
2012-11-10 18:40:20 --> Finilized Path $TempPath= "C:\Users\Tejas\AppData\Roaming\IDM\"
2012-11-10 18:40:21 --> Window Created: IDM Backup Manager0.9.3(Beta) With Error Code: 0

============================= New Session Started at 2012-11-10 18:42:21 --> =============================

============================= System Information =============================
Module Name and Version: IDM Backup Manager0.9.3(Beta)
Module Path: C:\Users\Tejas\desktop\project\IDM\IDM BUILD_4\IDM Backup Manager.au3
OS Type: WIN32_NT
OS Version: WIN_7
Service Package: Service Pack 1
Total Memory: 1302072
Available Memory: 739828

============================= Variable Assignment =============================
2012-11-10 18:42:22 --> Internet Download Manager Is Running Now...User Selected No
2012-11-10 18:42:22 --> $AppDataIDMFolder = "C:\Users\Tejas\AppData\Roaming\IDM\"  Error Code:0
2012-11-10 18:42:22 --> $TempPath = "C:\Users\Tejas\AppData\Roaming\IDM\"  Error Code:0
2012-11-10 18:42:22 --> Finilized Path $AppDataIDMFolder= "C:\Users\Tejas\AppData\Roaming\IDM\"
2012-11-10 18:42:22 --> Finilized Path $TempPath= "C:\Users\Tejas\AppData\Roaming\IDM\"
2012-11-10 18:42:22 --> $AppDataIDMFolder = "C:\Users\Tejas\AppData\Roaming\IDM\"  Error Code:0
2012-11-10 18:42:22 --> $TempPath = "C:\Users\Tejas\AppData\Roaming\IDM\"  Error Code:0
2012-11-10 18:42:22 --> Finilized Path $AppDataIDMFolder= "C:\Users\Tejas\AppData\Roaming\IDM\"
2012-11-10 18:42:22 --> Finilized Path $TempPath= "C:\Users\Tejas\AppData\Roaming\IDM\"
2012-11-10 18:42:23 --> Window Created: IDM Backup Manager0.9.3(Beta) With Error Code: 0

============================= New Session Started at 2012-11-10 18:42:54 --> =============================

============================= System Information =============================
Module Name and Version: IDM Backup Manager0.9.3(Beta)
Module Path: C:\Users\Tejas\desktop\project\IDM\IDM BUILD_4\IDM Backup Manager.au3
OS Type: WIN32_NT
OS Version: WIN_7
Service Package: Service Pack 1
Total Memory: 1302072
Available Memory: 743216

============================= Variable Assignment =============================
2012-11-10 18:42:54 --> Internet Download Manager Is Running Now...User Selected No
2012-11-10 18:42:55 --> $AppDataIDMFolder = "C:\Users\Tejas\AppData\Roaming\IDM\"  Error Code:0
2012-11-10 18:42:55 --> $TempPath = "C:\Users\Tejas\AppData\Roaming\IDM\"  Error Code:0
2012-11-10 18:42:55 --> Finilized Path $AppDataIDMFolder= "C:\Users\Tejas\AppData\Roaming\IDM\"
2012-11-10 18:42:55 --> Finilized Path $TempPath= "C:\Users\Tejas\AppData\Roaming\IDM\"
2012-11-10 18:42:55 --> $AppDataIDMFolder = "C:\Users\Tejas\AppData\Roaming\IDM\"  Error Code:0
2012-11-10 18:42:55 --> $TempPath = "C:\Users\Tejas\AppData\Roaming\IDM\"  Error Code:0
2012-11-10 18:42:55 --> Finilized Path $AppDataIDMFolder= "C:\Users\Tejas\AppData\Roaming\IDM\"
2012-11-10 18:42:55 --> Finilized Path $TempPath= "C:\Users\Tejas\AppData\Roaming\IDM\"
2012-11-10 18:42:55 --> Window Created: IDM Backup Manager0.9.3(Beta) With Error Code: 0

============================= New Session Started at 2012-11-10 18:49:13 --> =============================

============================= System Information =============================
Module Name and Version: IDM Backup Manager0.9.3(Beta)
Module Path: C:\Users\Tejas\desktop\project\IDM\IDM BUILD_4\IDM Backup Manager.au3
OS Type: WIN32_NT
OS Version: WIN_7
Service Package: Service Pack 1
Total Memory: 1302072
Available Memory: 722628

============================= Variable Assignment =============================
2012-11-10 18:49:14 --> Internet Download Manager Is Running Now...User Selected No
2012-11-10 18:49:14 --> $AppDataIDMFolder = "C:\Users\Tejas\AppData\Roaming\IDM\"  Error Code:0
2012-11-10 18:49:14 --> $TempPath = "C:\Users\Tejas\AppData\Roaming\IDM\"  Error Code:0
2012-11-10 18:49:14 --> Finilized Path $AppDataIDMFolder= "C:\Users\Tejas\AppData\Roaming\IDM\"
2012-11-10 18:49:14 --> Finilized Path $TempPath= "C:\Users\Tejas\AppData\Roaming\IDM\"
2012-11-10 18:49:14 --> $AppDataIDMFolder = "C:\Users\Tejas\AppData\Roaming\IDM\"  Error Code:0
2012-11-10 18:49:14 --> $TempPath = "C:\Users\Tejas\AppData\Roaming\IDM\"  Error Code:0
2012-11-10 18:49:14 --> Finilized Path $AppDataIDMFolder= "C:\Users\Tejas\AppData\Roaming\IDM\"
2012-11-10 18:49:14 --> Finilized Path $TempPath= "C:\Users\Tejas\AppData\Roaming\IDM\"
2012-11-10 18:49:15 --> Window Created: IDM Backup Manager0.9.3(Beta) With Error Code: 0

============================= New Session Started at 2012-11-10 18:49:40 --> =============================

============================= System Information =============================
Module Name and Version: IDM Backup Manager0.9.3(Beta)
Module Path: C:\Users\Tejas\desktop\project\IDM\IDM BUILD_4\IDM Backup Manager.au3
OS Type: WIN32_NT
OS Version: WIN_7
Service Package: Service Pack 1
Total Memory: 1302072
Available Memory: 726624

============================= Variable Assignment =============================
2012-11-10 18:49:41 --> Internet Download Manager Is Running Now...User Selected No
2012-11-10 18:49:41 --> $AppDataIDMFolder = "C:\Users\Tejas\AppData\Roaming\IDM\"  Error Code:0
2012-11-10 18:49:41 --> $TempPath = "C:\Users\Tejas\AppData\Roaming\IDM\"  Error Code:0
2012-11-10 18:49:41 --> Finilized Path $AppDataIDMFolder= "C:\Users\Tejas\AppData\Roaming\IDM\"
2012-11-10 18:49:41 --> Finilized Path $TempPath= "C:\Users\Tejas\AppData\Roaming\IDM\"
2012-11-10 18:49:41 --> $AppDataIDMFolder = "C:\Users\Tejas\AppData\Roaming\IDM\"  Error Code:0
2012-11-10 18:49:41 --> $TempPath = "C:\Users\Tejas\AppData\Roaming\IDM\"  Error Code:0
2012-11-10 18:49:41 --> Finilized Path $AppDataIDMFolder= "C:\Users\Tejas\AppData\Roaming\IDM\"
2012-11-10 18:49:41 --> Finilized Path $TempPath= "C:\Users\Tejas\AppData\Roaming\IDM\"
2012-11-10 18:49:41 --> Window Created: IDM Backup Manager0.9.3(Beta) With Error Code: 0

============================= New Session Started at 2012-11-10 18:50:47 --> =============================

============================= System Information =============================
Module Name and Version: IDM Backup Manager0.9.3(Beta)
Module Path: C:\Users\Tejas\desktop\project\IDM\IDM BUILD_4\IDM Backup Manager.au3
OS Type: WIN32_NT
OS Version: WIN_7
Service Package: Service Pack 1
Total Memory: 1302072
Available Memory: 737408

============================= Variable Assignment =============================
2012-11-10 18:50:48 --> Internet Download Manager Is Running Now...User Selected No
2012-11-10 18:50:48 --> $AppDataIDMFolder = "C:\Users\Tejas\AppData\Roaming\IDM\"  Error Code:0
2012-11-10 18:50:48 --> $TempPath = "C:\Users\Tejas\AppData\Roaming\IDM\"  Error Code:0
2012-11-10 18:50:48 --> Finilized Path $AppDataIDMFolder= "C:\Users\Tejas\AppData\Roaming\IDM\"
2012-11-10 18:50:48 --> Finilized Path $TempPath= "C:\Users\Tejas\AppData\Roaming\IDM\"
2012-11-10 18:50:48 --> $AppDataIDMFolder = "C:\Users\Tejas\AppData\Roaming\IDM\"  Error Code:0
2012-11-10 18:50:48 --> $TempPath = "C:\Users\Tejas\AppData\Roaming\IDM\"  Error Code:0
2012-11-10 18:50:48 --> Finilized Path $AppDataIDMFolder= "C:\Users\Tejas\AppData\Roaming\IDM\"
2012-11-10 18:50:48 --> Finilized Path $TempPath= "C:\Users\Tejas\AppData\Roaming\IDM\"
2012-11-10 18:50:49 --> Window Created: IDM Backup Manager0.9.3(Beta) With Error Code: 0

============================= New Session Started at 2012-11-10 18:51:55 --> =============================

============================= System Information =============================
Module Name and Version: IDM Backup Manager0.9.3(Beta)
Module Path: C:\Users\Tejas\desktop\project\IDM\IDM BUILD_4\IDM Backup Manager.au3
OS Type: WIN32_NT
OS Version: WIN_7
Service Package: Service Pack 1
Total Memory: 1302072
Available Memory: 738748

============================= Variable Assignment =============================
2012-11-10 18:51:56 --> Internet Download Manager Is Running Now...User Selected No
2012-11-10 18:51:56 --> $AppDataIDMFolder = "C:\Users\Tejas\AppData\Roaming\IDM\"  Error Code:0
2012-11-10 18:51:56 --> $TempPath = "C:\Users\Tejas\AppData\Roaming\IDM\"  Error Code:0
2012-11-10 18:51:56 --> Finilized Path $AppDataIDMFolder= "C:\Users\Tejas\AppData\Roaming\IDM\"
2012-11-10 18:51:56 --> Finilized Path $TempPath= "C:\Users\Tejas\AppData\Roaming\IDM\"
2012-11-10 18:51:56 --> $AppDataIDMFolder = "C:\Users\Tejas\AppData\Roaming\IDM\"  Error Code:0
2012-11-10 18:51:56 --> $TempPath = "C:\Users\Tejas\AppData\Roaming\IDM\"  Error Code:0
2012-11-10 18:51:56 --> Finilized Path $AppDataIDMFolder= "C:\Users\Tejas\AppData\Roaming\IDM\"
2012-11-10 18:51:56 --> Finilized Path $TempPath= "C:\Users\Tejas\AppData\Roaming\IDM\"
2012-11-10 18:51:57 --> Window Created: IDM Backup Manager0.9.3(Beta) With Error Code: 0

============================= New Session Started at 2012-11-10 18:53:41 --> =============================

============================= System Information =============================
Module Name and Version: IDM Backup Manager0.9.3(Beta)
Module Path: C:\Users\Tejas\desktop\project\IDM\IDM BUILD_4\IDM Backup Manager.au3
OS Type: WIN32_NT
OS Version: WIN_7
Service Package: Service Pack 1
Total Memory: 1302072
Available Memory: 736596

============================= Variable Assignment =============================
2012-11-10 18:53:44 --> Internet Download Manager Is Running Now...User Selected No
2012-11-10 18:53:44 --> $AppDataIDMFolder = "C:\Users\Tejas\AppData\Roaming\IDM\"  Error Code:0
2012-11-10 18:53:44 --> $TempPath = "C:\Users\Tejas\AppData\Roaming\IDM\"  Error Code:0
2012-11-10 18:53:44 --> Finilized Path $AppDataIDMFolder= "C:\Users\Tejas\AppData\Roaming\IDM\"
2012-11-10 18:53:44 --> Finilized Path $TempPath= "C:\Users\Tejas\AppData\Roaming\IDM\"
2012-11-10 18:53:44 --> $AppDataIDMFolder = "C:\Users\Tejas\AppData\Roaming\IDM\"  Error Code:0
2012-11-10 18:53:44 --> $TempPath = "C:\Users\Tejas\AppData\Roaming\IDM\"  Error Code:0
2012-11-10 18:53:44 --> Finilized Path $AppDataIDMFolder= "C:\Users\Tejas\AppData\Roaming\IDM\"
2012-11-10 18:53:44 --> Finilized Path $TempPath= "C:\Users\Tejas\AppData\Roaming\IDM\"
2012-11-10 18:53:45 --> Window Created: IDM Backup Manager0.9.3(Beta) With Error Code: 0

============================= New Session Started at 2012-11-10 18:54:21 --> =============================

============================= System Information =============================
Module Name and Version: IDM Backup Manager0.9.3(Beta)
Module Path: C:\Users\Tejas\desktop\project\IDM\IDM BUILD_4\IDM Backup Manager.au3
OS Type: WIN32_NT
OS Version: WIN_7
Service Package: Service Pack 1
Total Memory: 1302072
Available Memory: 739628

============================= Variable Assignment =============================
2012-11-10 18:54:21 --> Internet Download Manager Is Running Now...User Selected No
2012-11-10 18:54:22 --> $AppDataIDMFolder = "C:\Users\Tejas\AppData\Roaming\IDM\"  Error Code:0
2012-11-10 18:54:22 --> $TempPath = "C:\Users\Tejas\AppData\Roaming\IDM\"  Error Code:0
2012-11-10 18:54:22 --> Finilized Path $AppDataIDMFolder= "C:\Users\Tejas\AppData\Roaming\IDM\"
2012-11-10 18:54:22 --> Finilized Path $TempPath= "C:\Users\Tejas\AppData\Roaming\IDM\"
2012-11-10 18:54:22 --> $AppDataIDMFolder = "C:\Users\Tejas\AppData\Roaming\IDM\"  Error Code:0
2012-11-10 18:54:22 --> $TempPath = "C:\Users\Tejas\AppData\Roaming\IDM\"  Error Code:0
2012-11-10 18:54:22 --> Finilized Path $AppDataIDMFolder= "C:\Users\Tejas\AppData\Roaming\IDM\"
2012-11-10 18:54:22 --> Finilized Path $TempPath= "C:\Users\Tejas\AppData\Roaming\IDM\"
2012-11-10 18:54:22 --> Window Created: IDM Backup Manager0.9.3(Beta) With Error Code: 0

============================= New Session Started at 2012-11-10 18:54:53 --> =============================

============================= System Information =============================
Module Name and Version: IDM Backup Manager0.9.3(Beta)
Module Path: C:\Users\Tejas\desktop\project\IDM\IDM BUILD_4\IDM Backup Manager.au3
OS Type: WIN32_NT
OS Version: WIN_7
Service Package: Service Pack 1
Total Memory: 1302072
Available Memory: 738100

============================= Variable Assignment =============================
2012-11-10 18:54:54 --> Internet Download Manager Is Running Now...User Selected No
2012-11-10 18:54:54 --> $AppDataIDMFolder = "C:\Users\Tejas\AppData\Roaming\IDM\"  Error Code:0
2012-11-10 18:54:54 --> $TempPath = "C:\Users\Tejas\AppData\Roaming\IDM\"  Error Code:0
2012-11-10 18:54:54 --> Finilized Path $AppDataIDMFolder= "C:\Users\Tejas\AppData\Roaming\IDM\"
2012-11-10 18:54:54 --> Finilized Path $TempPath= "C:\Users\Tejas\AppData\Roaming\IDM\"
2012-11-10 18:54:54 --> $AppDataIDMFolder = "C:\Users\Tejas\AppData\Roaming\IDM\"  Error Code:0
2012-11-10 18:54:54 --> $TempPath = "C:\Users\Tejas\AppData\Roaming\IDM\"  Error Code:0
2012-11-10 18:54:54 --> Finilized Path $AppDataIDMFolder= "C:\Users\Tejas\AppData\Roaming\IDM\"
2012-11-10 18:54:54 --> Finilized Path $TempPath= "C:\Users\Tejas\AppData\Roaming\IDM\"
2012-11-10 18:54:55 --> Window Created: IDM Backup Manager0.9.3(Beta) With Error Code: 0

============================= New Session Started at 2012-11-10 18:55:30 --> =============================

============================= System Information =============================
Module Name and Version: IDM Backup Manager0.9.3(Beta)
Module Path: C:\Users\Tejas\desktop\project\IDM\IDM BUILD_4\IDM Backup Manager.au3
OS Type: WIN32_NT
OS Version: WIN_7
Service Package: Service Pack 1
Total Memory: 1302072
Available Memory: 735972

============================= Variable Assignment =============================
2012-11-10 18:55:30 --> Internet Download Manager Is Running Now...User Selected No
2012-11-10 18:55:31 --> $AppDataIDMFolder = "C:\Users\Tejas\AppData\Roaming\IDM\"  Error Code:0
2012-11-10 18:55:31 --> $TempPath = "C:\Users\Tejas\AppData\Roaming\IDM\"  Error Code:0
2012-11-10 18:55:31 --> Finilized Path $AppDataIDMFolder= "C:\Users\Tejas\AppData\Roaming\IDM\"
2012-11-10 18:55:31 --> Finilized Path $TempPath= "C:\Users\Tejas\AppData\Roaming\IDM\"
2012-11-10 18:55:31 --> $AppDataIDMFolder = "C:\Users\Tejas\AppData\Roaming\IDM\"  Error Code:0
2012-11-10 18:55:31 --> $TempPath = "C:\Users\Tejas\AppData\Roaming\IDM\"  Error Code:0
2012-11-10 18:55:31 --> Finilized Path $AppDataIDMFolder= "C:\Users\Tejas\AppData\Roaming\IDM\"
2012-11-10 18:55:31 --> Finilized Path $TempPath= "C:\Users\Tejas\AppData\Roaming\IDM\"
2012-11-10 18:55:31 --> Window Created: IDM Backup Manager0.9.3(Beta) With Error Code: 0

============================= New Session Started at 2012-11-10 18:57:38 --> =============================

============================= System Information =============================
Module Name and Version: IDM Backup Manager0.9.3(Beta)
Module Path: C:\Users\Tejas\desktop\project\IDM\IDM BUILD_4\IDM Backup Manager.au3
OS Type: WIN32_NT
OS Version: WIN_7
Service Package: Service Pack 1
Total Memory: 1302072
Available Memory: 719856

============================= Variable Assignment =============================
2012-11-10 18:57:39 --> Internet Download Manager Is Running Now...User Selected No
2012-11-10 18:57:39 --> $AppDataIDMFolder = "C:\Users\Tejas\AppData\Roaming\IDM\"  Error Code:0
2012-11-10 18:57:39 --> $TempPath = "C:\Users\Tejas\AppData\Roaming\IDM\"  Error Code:0
2012-11-10 18:57:39 --> Finilized Path $AppDataIDMFolder= "C:\Users\Tejas\AppData\Roaming\IDM\"
2012-11-10 18:57:39 --> Finilized Path $TempPath= "C:\Users\Tejas\AppData\Roaming\IDM\"
2012-11-10 18:57:39 --> $AppDataIDMFolder = "C:\Users\Tejas\AppData\Roaming\IDM\"  Error Code:0
2012-11-10 18:57:39 --> $TempPath = "C:\Users\Tejas\AppData\Roaming\IDM\"  Error Code:0
2012-11-10 18:57:39 --> Finilized Path $AppDataIDMFolder= "C:\Users\Tejas\AppData\Roaming\IDM\"
2012-11-10 18:57:39 --> Finilized Path $TempPath= "C:\Users\Tejas\AppData\Roaming\IDM\"
2012-11-10 18:57:40 --> Window Created: IDM Backup Manager0.9.3(Beta) With Error Code: 0

============================= New Session Started at 2012-11-10 18:58:44 --> =============================

============================= System Information =============================
Module Name and Version: IDM Backup Manager0.9.3(Beta)
Module Path: C:\Users\Tejas\desktop\project\IDM\IDM BUILD_4\IDM Backup Manager.au3
OS Type: WIN32_NT
OS Version: WIN_7
Service Package: Service Pack 1
Total Memory: 1302072
Available Memory: 720840

============================= Variable Assignment =============================
2012-11-10 18:58:45 --> Internet Download Manager Is Running Now...User Selected No
2012-11-10 18:58:49 --> $AppDataIDMFolder = "C:\Users\Tejas\AppData\Roaming\IDM\"  Error Code:0
2012-11-10 18:58:49 --> $TempPath = "C:\Users\Tejas\AppData\Roaming\IDM\"  Error Code:0
2012-11-10 18:58:49 --> Finilized Path $AppDataIDMFolder= "C:\Users\Tejas\AppData\Roaming\IDM\"
2012-11-10 18:58:49 --> Finilized Path $TempPath= "C:\Users\Tejas\AppData\Roaming\IDM\"
2012-11-10 18:58:49 --> $AppDataIDMFolder = "C:\Users\Tejas\AppData\Roaming\IDM\"  Error Code:0
2012-11-10 18:58:49 --> $TempPath = "C:\Users\Tejas\AppData\Roaming\IDM\"  Error Code:0
2012-11-10 18:58:49 --> Finilized Path $AppDataIDMFolder= "C:\Users\Tejas\AppData\Roaming\IDM\"
2012-11-10 18:58:49 --> Finilized Path $TempPath= "C:\Users\Tejas\AppData\Roaming\IDM\"
2012-11-10 18:58:49 --> Window Created: IDM Backup Manager0.9.3(Beta) With Error Code: 0

============================= New Session Started at 2012-11-10 18:59:45 --> =============================

============================= System Information =============================
Module Name and Version: IDM Backup Manager0.9.3(Beta)
Module Path: C:\Users\Tejas\desktop\project\IDM\IDM BUILD_4\IDM Backup Manager.au3
OS Type: WIN32_NT
OS Version: WIN_7
Service Package: Service Pack 1
Total Memory: 1302072
Available Memory: 715228

============================= Variable Assignment =============================
2012-11-10 18:59:46 --> Internet Download Manager Is Running Now...User Selected No
2012-11-10 18:59:47 --> $AppDataIDMFolder = "C:\Users\Tejas\AppData\Roaming\IDM\"  Error Code:0
2012-11-10 18:59:47 --> $TempPath = "C:\Users\Tejas\AppData\Roaming\IDM\"  Error Code:0
2012-11-10 18:59:47 --> Finilized Path $AppDataIDMFolder= "C:\Users\Tejas\AppData\Roaming\IDM\"
2012-11-10 18:59:47 --> Finilized Path $TempPath= "C:\Users\Tejas\AppData\Roaming\IDM\"
2012-11-10 18:59:47 --> $AppDataIDMFolder = "C:\Users\Tejas\AppData\Roaming\IDM\"  Error Code:0
2012-11-10 18:59:47 --> $TempPath = "C:\Users\Tejas\AppData\Roaming\IDM\"  Error Code:0
2012-11-10 18:59:47 --> Finilized Path $AppDataIDMFolder= "C:\Users\Tejas\AppData\Roaming\IDM\"
2012-11-10 18:59:47 --> Finilized Path $TempPath= "C:\Users\Tejas\AppData\Roaming\IDM\"
2012-11-10 18:59:47 --> Window Created: IDM Backup Manager0.9.3(Beta) With Error Code: 0

============================= New Session Started at 2012-11-10 19:01:02 --> =============================

============================= System Information =============================
Module Name and Version: IDM Backup Manager0.9.3(Beta)
Module Path: C:\Users\Tejas\desktop\project\IDM\IDM BUILD_4\IDM Backup Manager.au3
OS Type: WIN32_NT
OS Version: WIN_7
Service Package: Service Pack 1
Total Memory: 1302072
Available Memory: 717168

============================= Variable Assignment =============================
2012-11-10 19:01:02 --> Internet Download Manager Is Running Now...User Selected No
2012-11-10 19:01:03 --> $AppDataIDMFolder = "C:\Users\Tejas\AppData\Roaming\IDM\"  Error Code:0
2012-11-10 19:01:03 --> $TempPath = "C:\Users\Tejas\AppData\Roaming\IDM\"  Error Code:0
2012-11-10 19:01:03 --> Finilized Path $AppDataIDMFolder= "C:\Users\Tejas\AppData\Roaming\IDM\"
2012-11-10 19:01:03 --> Finilized Path $TempPath= "C:\Users\Tejas\AppData\Roaming\IDM\"
2012-11-10 19:01:03 --> $AppDataIDMFolder = "C:\Users\Tejas\AppData\Roaming\IDM\"  Error Code:0
2012-11-10 19:01:03 --> $TempPath = "C:\Users\Tejas\AppData\Roaming\IDM\"  Error Code:0
2012-11-10 19:01:03 --> Finilized Path $AppDataIDMFolder= "C:\Users\Tejas\AppData\Roaming\IDM\"
2012-11-10 19:01:03 --> Finilized Path $TempPath= "C:\Users\Tejas\AppData\Roaming\IDM\"
2012-11-10 19:01:03 --> Window Created: IDM Backup Manager0.9.3(Beta) With Error Code: 0

============================= New Session Started at 2012-11-10 19:01:58 --> =============================

============================= System Information =============================
Module Name and Version: IDM Backup Manager0.9.3(Beta)
Module Path: C:\Users\Tejas\desktop\project\IDM\IDM BUILD_4\IDM Backup Manager.au3
OS Type: WIN32_NT
OS Version: WIN_7
Service Package: Service Pack 1
Total Memory: 1302072
Available Memory: 725008

============================= Variable Assignment =============================
2012-11-10 19:01:59 --> Internet Download Manager Is Running Now...User Selected No
2012-11-10 19:02:00 --> $AppDataIDMFolder = "C:\Users\Tejas\AppData\Roaming\IDM\"  Error Code:0
2012-11-10 19:02:00 --> $TempPath = "C:\Users\Tejas\AppData\Roaming\IDM\"  Error Code:0
2012-11-10 19:02:00 --> Finilized Path $AppDataIDMFolder= "C:\Users\Tejas\AppData\Roaming\IDM\"
2012-11-10 19:02:00 --> Finilized Path $TempPath= "C:\Users\Tejas\AppData\Roaming\IDM\"
2012-11-10 19:02:00 --> $AppDataIDMFolder = "C:\Users\Tejas\AppData\Roaming\IDM\"  Error Code:0
2012-11-10 19:02:00 --> $TempPath = "C:\Users\Tejas\AppData\Roaming\IDM\"  Error Code:0
2012-11-10 19:02:00 --> Finilized Path $AppDataIDMFolder= "C:\Users\Tejas\AppData\Roaming\IDM\"
2012-11-10 19:02:00 --> Finilized Path $TempPath= "C:\Users\Tejas\AppData\Roaming\IDM\"
2012-11-10 19:02:00 --> Window Created: IDM Backup Manager0.9.3(Beta) With Error Code: 0

============================= New Session Started at 2012-11-10 19:08:17 --> =============================

============================= System Information =============================
Module Name and Version: IDM Backup Manager0.9.3(Beta)
Module Path: C:\Users\Tejas\desktop\project\IDM\IDM BUILD_4\IDM Backup Manager.au3
OS Type: WIN32_NT
OS Version: WIN_7
Service Package: Service Pack 1
Total Memory: 1302072
Available Memory: 730840

============================= Variable Assignment =============================
2012-11-10 19:08:17 --> Internet Download Manager Is Running Now...User Selected No
2012-11-10 19:08:20 --> $AppDataIDMFolder = "C:\Users\Tejas\AppData\Roaming\IDM\"  Error Code:0
2012-11-10 19:08:20 --> $TempPath = "C:\Users\Tejas\AppData\Roaming\IDM\"  Error Code:0
2012-11-10 19:08:20 --> Finilized Path $AppDataIDMFolder= "C:\Users\Tejas\AppData\Roaming\IDM\"
2012-11-10 19:08:20 --> Finilized Path $TempPath= "C:\Users\Tejas\AppData\Roaming\IDM\"
2012-11-10 19:08:20 --> $AppDataIDMFolder = "C:\Users\Tejas\AppData\Roaming\IDM\"  Error Code:0
2012-11-10 19:08:20 --> $TempPath = "C:\Users\Tejas\AppData\Roaming\IDM\"  Error Code:0
2012-11-10 19:08:20 --> Finilized Path $AppDataIDMFolder= "C:\Users\Tejas\AppData\Roaming\IDM\"
2012-11-10 19:08:20 --> Finilized Path $TempPath= "C:\Users\Tejas\AppData\Roaming\IDM\"
2012-11-10 19:08:20 --> Window Created: IDM Backup Manager0.9.3(Beta) With Error Code: 0

============================= New Session Started at 2012-11-10 19:08:30 --> =============================

============================= System Information =============================
Module Name and Version: IDM Backup Manager0.9.3(Beta)
Module Path: C:\Users\Tejas\desktop\project\IDM\IDM BUILD_4\IDM Backup Manager.au3
OS Type: WIN32_NT
OS Version: WIN_7
Service Package: Service Pack 1
Total Memory: 1302072
Available Memory: 731096

============================= Variable Assignment =============================
2012-11-10 19:08:30 --> Internet Download Manager Is Running Now...User Selected No
2012-11-10 19:08:33 --> $AppDataIDMFolder = "C:\Users\Tejas\AppData\Roaming\IDM\"  Error Code:0
2012-11-10 19:08:33 --> $TempPath = "C:\Users\Tejas\AppData\Roaming\IDM\"  Error Code:0
2012-11-10 19:08:33 --> Finilized Path $AppDataIDMFolder= "C:\Users\Tejas\AppData\Roaming\IDM\"
2012-11-10 19:08:33 --> Finilized Path $TempPath= "C:\Users\Tejas\AppData\Roaming\IDM\"
2012-11-10 19:08:33 --> $AppDataIDMFolder = "C:\Users\Tejas\AppData\Roaming\IDM\"  Error Code:0
2012-11-10 19:08:33 --> $TempPath = "C:\Users\Tejas\AppData\Roaming\IDM\"  Error Code:0
2012-11-10 19:08:33 --> Finilized Path $AppDataIDMFolder= "C:\Users\Tejas\AppData\Roaming\IDM\"
2012-11-10 19:08:33 --> Finilized Path $TempPath= "C:\Users\Tejas\AppData\Roaming\IDM\"
2012-11-10 19:08:33 --> Window Created: IDM Backup Manager0.9.3(Beta) With Error Code: 0

============================= New Session Started at 2012-11-10 19:08:47 --> =============================

============================= System Information =============================
Module Name and Version: IDM Backup Manager0.9.3(Beta)
Module Path: C:\Users\Tejas\desktop\project\IDM\IDM BUILD_4\IDM Backup Manager.au3
OS Type: WIN32_NT
OS Version: WIN_7
Service Package: Service Pack 1
Total Memory: 1302072
Available Memory: 730780

============================= Variable Assignment =============================
2012-11-10 19:08:48 --> Internet Download Manager Is Running Now...User Selected No
2012-11-10 19:08:49 --> $AppDataIDMFolder = "C:\Users\Tejas\AppData\Roaming\IDM\"  Error Code:0
2012-11-10 19:08:49 --> $TempPath = "C:\Users\Tejas\AppData\Roaming\IDM\"  Error Code:0
2012-11-10 19:08:49 --> Finilized Path $AppDataIDMFolder= "C:\Users\Tejas\AppData\Roaming\IDM\"
2012-11-10 19:08:49 --> Finilized Path $TempPath= "C:\Users\Tejas\AppData\Roaming\IDM\"
2012-11-10 19:08:49 --> $AppDataIDMFolder = "C:\Users\Tejas\AppData\Roaming\IDM\"  Error Code:0
2012-11-10 19:08:49 --> $TempPath = "C:\Users\Tejas\AppData\Roaming\IDM\"  Error Code:0
2012-11-10 19:08:49 --> Finilized Path $AppDataIDMFolder= "C:\Users\Tejas\AppData\Roaming\IDM\"
2012-11-10 19:08:49 --> Finilized Path $TempPath= "C:\Users\Tejas\AppData\Roaming\IDM\"
2012-11-10 19:08:49 --> Window Created: IDM Backup Manager0.9.3(Beta) With Error Code: 0

============================= New Session Started at 2012-11-10 19:35:45 --> =============================

============================= System Information =============================
Module Name and Version: IDM Backup Manager0.9.3(Beta)
Module Path: C:\Users\Tejas\desktop\project\IDM\IDM BUILD_4\IDM Backup Manager.au3
OS Type: WIN32_NT
OS Version: WIN_7
Service Package: Service Pack 1
Total Memory: 1302072
Available Memory: 510712

============================= Variable Assignment =============================
2012-11-10 19:35:45 --> Internet Download Manager Is Running Now...User Selected No
2012-11-10 19:35:46 --> $AppDataIDMFolder = "C:\Users\Tejas\AppData\Roaming\IDM\"  Error Code:0
2012-11-10 19:35:46 --> $TempPath = "C:\Users\Tejas\AppData\Roaming\IDM\"  Error Code:0
2012-11-10 19:35:46 --> Finilized Path $AppDataIDMFolder= "C:\Users\Tejas\AppData\Roaming\IDM\"
2012-11-10 19:35:46 --> Finilized Path $TempPath= "C:\Users\Tejas\AppData\Roaming\IDM\"
2012-11-10 19:35:46 --> $AppDataIDMFolder = "C:\Users\Tejas\AppData\Roaming\IDM\"  Error Code:0
2012-11-10 19:35:46 --> $TempPath = "C:\Users\Tejas\AppData\Roaming\IDM\"  Error Code:0
2012-11-10 19:35:46 --> Finilized Path $AppDataIDMFolder= "C:\Users\Tejas\AppData\Roaming\IDM\"
2012-11-10 19:35:46 --> Finilized Path $TempPath= "C:\Users\Tejas\AppData\Roaming\IDM\"
2012-11-10 19:35:46 --> Window Created: IDM Backup Manager0.9.3(Beta) With Error Code: 0

============================= New Session Started at 2012-11-10 19:36:16 --> =============================

============================= System Information =============================
Module Name and Version: IDM Backup Manager0.9.3(Beta)
Module Path: C:\Users\Tejas\desktop\project\IDM\IDM BUILD_4\IDM Backup Manager.au3
OS Type: WIN32_NT
OS Version: WIN_7
Service Package: Service Pack 1
Total Memory: 1302072
Available Memory: 512712

============================= Variable Assignment =============================
2012-11-10 19:36:18 --> Internet Download Manager Is Running Now...User Selected No
2012-11-10 19:36:19 --> $AppDataIDMFolder = "C:\Users\Tejas\AppData\Roaming\IDM\"  Error Code:0
2012-11-10 19:36:19 --> $TempPath = "C:\Users\Tejas\AppData\Roaming\IDM\"  Error Code:0
2012-11-10 19:36:19 --> Finilized Path $AppDataIDMFolder= "C:\Users\Tejas\AppData\Roaming\IDM\"
2012-11-10 19:36:19 --> Finilized Path $TempPath= "C:\Users\Tejas\AppData\Roaming\IDM\"
2012-11-10 19:36:19 --> $AppDataIDMFolder = "C:\Users\Tejas\AppData\Roaming\IDM\"  Error Code:0
2012-11-10 19:36:19 --> $TempPath = "C:\Users\Tejas\AppData\Roaming\IDM\"  Error Code:0
2012-11-10 19:36:19 --> Finilized Path $AppDataIDMFolder= "C:\Users\Tejas\AppData\Roaming\IDM\"
2012-11-10 19:36:19 --> Finilized Path $TempPath= "C:\Users\Tejas\AppData\Roaming\IDM\"
2012-11-10 19:36:19 --> Window Created: IDM Backup Manager0.9.3(Beta) With Error Code: 0

============================= New Session Started at 2012-11-10 19:57:34 --> =============================

============================= System Information =============================
Module Name and Version: IDM Backup Manager0.9.3(Beta)
Module Path: C:\Users\Tejas\desktop\project\IDM\IDM BUILD_4\IDM Backup Manager.au3
OS Type: WIN32_NT
OS Version: WIN_7
Service Package: Service Pack 1
Total Memory: 1302072
Available Memory: 434200

============================= Variable Assignment =============================
2012-11-10 19:57:35 --> Internet Download Manager Is Running Now...User Selected No
2012-11-10 19:57:35 --> $AppDataIDMFolder = "C:\Users\Tejas\AppData\Roaming\IDM\"  Error Code:0
2012-11-10 19:57:35 --> $TempPath = "C:\Users\Tejas\AppData\Roaming\IDM\"  Error Code:0
2012-11-10 19:57:35 --> Finilized Path $AppDataIDMFolder= "C:\Users\Tejas\AppData\Roaming\IDM\"
2012-11-10 19:57:35 --> Finilized Path $TempPath= "C:\Users\Tejas\AppData\Roaming\IDM\"
2012-11-10 19:57:35 --> $AppDataIDMFolder = "C:\Users\Tejas\AppData\Roaming\IDM\"  Error Code:0
2012-11-10 19:57:35 --> $TempPath = "C:\Users\Tejas\AppData\Roaming\IDM\"  Error Code:0
2012-11-10 19:57:35 --> Finilized Path $AppDataIDMFolder= "C:\Users\Tejas\AppData\Roaming\IDM\"
2012-11-10 19:57:35 --> Finilized Path $TempPath= "C:\Users\Tejas\AppData\Roaming\IDM\"
2012-11-10 19:57:36 --> Window Created: IDM Backup Manager0.9.3(Beta) With Error Code: 0

============================= New Session Started at 2012-11-10 19:58:07 --> =============================

============================= System Information =============================
Module Name and Version: IDM Backup Manager0.9.3(Beta)
Module Path: C:\Users\Tejas\desktop\project\IDM\IDM BUILD_4\IDM Backup Manager.au3
OS Type: WIN32_NT
OS Version: WIN_7
Service Package: Service Pack 1
Total Memory: 1302072
Available Memory: 435980

============================= Variable Assignment =============================
2012-11-10 19:58:07 --> Internet Download Manager Is Running Now...User Selected No
2012-11-10 19:58:08 --> $AppDataIDMFolder = "C:\Users\Tejas\AppData\Roaming\IDM\"  Error Code:0
2012-11-10 19:58:08 --> $TempPath = "C:\Users\Tejas\AppData\Roaming\IDM\"  Error Code:0
2012-11-10 19:58:08 --> Finilized Path $AppDataIDMFolder= "C:\Users\Tejas\AppData\Roaming\IDM\"
2012-11-10 19:58:08 --> Finilized Path $TempPath= "C:\Users\Tejas\AppData\Roaming\IDM\"
2012-11-10 19:58:08 --> $AppDataIDMFolder = "C:\Users\Tejas\AppData\Roaming\IDM\"  Error Code:0
2012-11-10 19:58:08 --> $TempPath = "C:\Users\Tejas\AppData\Roaming\IDM\"  Error Code:0
2012-11-10 19:58:08 --> Finilized Path $AppDataIDMFolder= "C:\Users\Tejas\AppData\Roaming\IDM\"
2012-11-10 19:58:08 --> Finilized Path $TempPath= "C:\Users\Tejas\AppData\Roaming\IDM\"
2012-11-10 19:58:08 --> Window Created: IDM Backup Manager0.9.3(Beta) With Error Code: 0

============================= New Session Started at 2012-11-10 19:58:23 --> =============================

============================= System Information =============================
Module Name and Version: IDM Backup Manager0.9.3(Beta)
Module Path: C:\Users\Tejas\desktop\project\IDM\IDM BUILD_4\IDM Backup Manager.au3
OS Type: WIN32_NT
OS Version: WIN_7
Service Package: Service Pack 1
Total Memory: 1302072
Available Memory: 435080

============================= Variable Assignment =============================
2012-11-10 19:58:24 --> Internet Download Manager Is Running Now...User Selected No
2012-11-10 19:58:24 --> $AppDataIDMFolder = "C:\Users\Tejas\AppData\Roaming\IDM\"  Error Code:0
2012-11-10 19:58:24 --> $TempPath = "C:\Users\Tejas\AppData\Roaming\IDM\"  Error Code:0
2012-11-10 19:58:24 --> Finilized Path $AppDataIDMFolder= "C:\Users\Tejas\AppData\Roaming\IDM\"
2012-11-10 19:58:24 --> Finilized Path $TempPath= "C:\Users\Tejas\AppData\Roaming\IDM\"
2012-11-10 19:58:24 --> $AppDataIDMFolder = "C:\Users\Tejas\AppData\Roaming\IDM\"  Error Code:0
2012-11-10 19:58:24 --> $TempPath = "C:\Users\Tejas\AppData\Roaming\IDM\"  Error Code:0
2012-11-10 19:58:24 --> Finilized Path $AppDataIDMFolder= "C:\Users\Tejas\AppData\Roaming\IDM\"
2012-11-10 19:58:24 --> Finilized Path $TempPath= "C:\Users\Tejas\AppData\Roaming\IDM\"
2012-11-10 19:58:25 --> Window Created: IDM Backup Manager0.9.3(Beta) With Error Code: 0

============================= New Session Started at 2012-11-10 19:58:49 --> =============================

============================= System Information =============================
Module Name and Version: IDM Backup Manager0.9.3(Beta)
Module Path: C:\Users\Tejas\desktop\project\IDM\IDM BUILD_4\IDM Backup Manager.au3
OS Type: WIN32_NT
OS Version: WIN_7
Service Package: Service Pack 1
Total Memory: 1302072
Available Memory: 433692

============================= Variable Assignment =============================
2012-11-10 19:58:50 --> Internet Download Manager Is Running Now...User Selected No
2012-11-10 19:58:50 --> $AppDataIDMFolder = "C:\Users\Tejas\AppData\Roaming\IDM\"  Error Code:0
2012-11-10 19:58:50 --> $TempPath = "C:\Users\Tejas\AppData\Roaming\IDM\"  Error Code:0
2012-11-10 19:58:50 --> Finilized Path $AppDataIDMFolder= "C:\Users\Tejas\AppData\Roaming\IDM\"
2012-11-10 19:58:50 --> Finilized Path $TempPath= "C:\Users\Tejas\AppData\Roaming\IDM\"
2012-11-10 19:58:50 --> $AppDataIDMFolder = "C:\Users\Tejas\AppData\Roaming\IDM\"  Error Code:0
2012-11-10 19:58:50 --> $TempPath = "C:\Users\Tejas\AppData\Roaming\IDM\"  Error Code:0
2012-11-10 19:58:50 --> Finilized Path $AppDataIDMFolder= "C:\Users\Tejas\AppData\Roaming\IDM\"
2012-11-10 19:58:50 --> Finilized Path $TempPath= "C:\Users\Tejas\AppData\Roaming\IDM\"
2012-11-10 19:58:51 --> Window Created: IDM Backup Manager0.9.3(Beta) With Error Code: 0

============================= New Session Started at 2012-11-10 19:59:17 --> =============================

============================= System Information =============================
Module Name and Version: IDM Backup Manager0.9.3(Beta)
Module Path: C:\Users\Tejas\desktop\project\IDM\IDM BUILD_4\IDM Backup Manager.au3
OS Type: WIN32_NT
OS Version: WIN_7
Service Package: Service Pack 1
Total Memory: 1302072
Available Memory: 431416

============================= Variable Assignment =============================
2012-11-10 19:59:18 --> Internet Download Manager Is Running Now...User Selected No
2012-11-10 19:59:18 --> $AppDataIDMFolder = "C:\Users\Tejas\AppData\Roaming\IDM\"  Error Code:0
2012-11-10 19:59:18 --> $TempPath = "C:\Users\Tejas\AppData\Roaming\IDM\"  Error Code:0
2012-11-10 19:59:18 --> Finilized Path $AppDataIDMFolder= "C:\Users\Tejas\AppData\Roaming\IDM\"
2012-11-10 19:59:18 --> Finilized Path $TempPath= "C:\Users\Tejas\AppData\Roaming\IDM\"
2012-11-10 19:59:18 --> $AppDataIDMFolder = "C:\Users\Tejas\AppData\Roaming\IDM\"  Error Code:0
2012-11-10 19:59:18 --> $TempPath = "C:\Users\Tejas\AppData\Roaming\IDM\"  Error Code:0
2012-11-10 19:59:18 --> Finilized Path $AppDataIDMFolder= "C:\Users\Tejas\AppData\Roaming\IDM\"
2012-11-10 19:59:18 --> Finilized Path $TempPath= "C:\Users\Tejas\AppData\Roaming\IDM\"
2012-11-10 19:59:18 --> Window Created: IDM Backup Manager0.9.3(Beta) With Error Code: 0

============================= New Session Started at 2012-11-10 19:59:33 --> =============================

============================= System Information =============================
Module Name and Version: IDM Backup Manager0.9.3(Beta)
Module Path: C:\Users\Tejas\desktop\project\IDM\IDM BUILD_4\IDM Backup Manager.au3
OS Type: WIN32_NT
OS Version: WIN_7
Service Package: Service Pack 1
Total Memory: 1302072
Available Memory: 433984

============================= Variable Assignment =============================
2012-11-10 19:59:33 --> Internet Download Manager Is Running Now...User Selected No
2012-11-10 19:59:34 --> $AppDataIDMFolder = "C:\Users\Tejas\AppData\Roaming\IDM\"  Error Code:0
2012-11-10 19:59:34 --> $TempPath = "C:\Users\Tejas\AppData\Roaming\IDM\"  Error Code:0
2012-11-10 19:59:34 --> Finilized Path $AppDataIDMFolder= "C:\Users\Tejas\AppData\Roaming\IDM\"
2012-11-10 19:59:34 --> Finilized Path $TempPath= "C:\Users\Tejas\AppData\Roaming\IDM\"
2012-11-10 19:59:34 --> $AppDataIDMFolder = "C:\Users\Tejas\AppData\Roaming\IDM\"  Error Code:0
2012-11-10 19:59:34 --> $TempPath = "C:\Users\Tejas\AppData\Roaming\IDM\"  Error Code:0
2012-11-10 19:59:34 --> Finilized Path $AppDataIDMFolder= "C:\Users\Tejas\AppData\Roaming\IDM\"
2012-11-10 19:59:34 --> Finilized Path $TempPath= "C:\Users\Tejas\AppData\Roaming\IDM\"
2012-11-10 19:59:34 --> Window Created: IDM Backup Manager0.9.3(Beta) With Error Code: 0

============================= New Session Started at 2012-11-10 20:08:09 --> =============================

============================= System Information =============================
Module Name and Version: IDM Backup Manager0.9.3(Beta)
Module Path: C:\Users\Tejas\desktop\project\IDM\IDM BUILD_4\IDM Backup Manager.au3
OS Type: WIN32_NT
OS Version: WIN_7
Service Package: Service Pack 1
Total Memory: 1302072
Available Memory: 476140

============================= Variable Assignment =============================
2012-11-10 20:08:10 --> Internet Download Manager Is Running Now...User Selected No
2012-11-10 20:08:10 --> $AppDataIDMFolder = "C:\Users\Tejas\AppData\Roaming\IDM\"  Error Code:0
2012-11-10 20:08:10 --> $TempPath = "C:\Users\Tejas\AppData\Roaming\IDM\"  Error Code:0
2012-11-10 20:08:10 --> Finilized Path $AppDataIDMFolder= "C:\Users\Tejas\AppData\Roaming\IDM\"
2012-11-10 20:08:10 --> Finilized Path $TempPath= "C:\Users\Tejas\AppData\Roaming\IDM\"
2012-11-10 20:08:10 --> $AppDataIDMFolder = "C:\Users\Tejas\AppData\Roaming\IDM\"  Error Code:0
2012-11-10 20:08:10 --> $TempPath = "C:\Users\Tejas\AppData\Roaming\IDM\"  Error Code:0
2012-11-10 20:08:10 --> Finilized Path $AppDataIDMFolder= "C:\Users\Tejas\AppData\Roaming\IDM\"
2012-11-10 20:08:10 --> Finilized Path $TempPath= "C:\Users\Tejas\AppData\Roaming\IDM\"
2012-11-10 20:08:11 --> Window Created: IDM Backup Manager0.9.3(Beta) With Error Code: 0

============================= New Session Started at 2012-11-10 20:09:08 --> =============================

============================= System Information =============================
Module Name and Version: IDM Backup Manager0.9.3(Beta)
Module Path: C:\Users\Tejas\desktop\project\IDM\IDM BUILD_4\IDM Backup Manager.au3
OS Type: WIN32_NT
OS Version: WIN_7
Service Package: Service Pack 1
Total Memory: 1302072
Available Memory: 535956

============================= Variable Assignment =============================
2012-11-10 20:09:09 --> Internet Download Manager Is Running Now...User Selected No
2012-11-10 20:09:09 --> $AppDataIDMFolder = "C:\Users\Tejas\AppData\Roaming\IDM\"  Error Code:0
2012-11-10 20:09:09 --> $TempPath = "C:\Users\Tejas\AppData\Roaming\IDM\"  Error Code:0
2012-11-10 20:09:09 --> Finilized Path $AppDataIDMFolder= "C:\Users\Tejas\AppData\Roaming\IDM\"
2012-11-10 20:09:09 --> Finilized Path $TempPath= "C:\Users\Tejas\AppData\Roaming\IDM\"
2012-11-10 20:09:09 --> $AppDataIDMFolder = "C:\Users\Tejas\AppData\Roaming\IDM\"  Error Code:0
2012-11-10 20:09:09 --> $TempPath = "C:\Users\Tejas\AppData\Roaming\IDM\"  Error Code:0
2012-11-10 20:09:09 --> Finilized Path $AppDataIDMFolder= "C:\Users\Tejas\AppData\Roaming\IDM\"
2012-11-10 20:09:09 --> Finilized Path $TempPath= "C:\Users\Tejas\AppData\Roaming\IDM\"
2012-11-10 20:09:10 --> Window Created: IDM Backup Manager0.9.3(Beta) With Error Code: 0

============================= New Session Started at 2012-11-10 20:10:27 --> =============================

============================= System Information =============================
Module Name and Version: IDM Backup Manager0.9.3(Beta)
Module Path: C:\Users\Tejas\desktop\project\IDM\IDM BUILD_4\IDM Backup Manager.au3
OS Type: WIN32_NT
OS Version: WIN_7
Service Package: Service Pack 1
Total Memory: 1302072
Available Memory: 543576

============================= Variable Assignment =============================
2012-11-10 20:10:28 --> Internet Download Manager Is Running Now...User Selected No
2012-11-10 20:10:31 --> $AppDataIDMFolder = "C:\Users\Tejas\AppData\Roaming\IDM\"  Error Code:0
2012-11-10 20:10:31 --> $TempPath = "C:\Users\Tejas\AppData\Roaming\IDM\"  Error Code:0
2012-11-10 20:10:31 --> Finilized Path $AppDataIDMFolder= "C:\Users\Tejas\AppData\Roaming\IDM\"
2012-11-10 20:10:31 --> Finilized Path $TempPath= "C:\Users\Tejas\AppData\Roaming\IDM\"
2012-11-10 20:10:31 --> $AppDataIDMFolder = "C:\Users\Tejas\AppData\Roaming\IDM\"  Error Code:0
2012-11-10 20:10:31 --> $TempPath = "C:\Users\Tejas\AppData\Roaming\IDM\"  Error Code:0
2012-11-10 20:10:31 --> Finilized Path $AppDataIDMFolder= "C:\Users\Tejas\AppData\Roaming\IDM\"
2012-11-10 20:10:31 --> Finilized Path $TempPath= "C:\Users\Tejas\AppData\Roaming\IDM\"
2012-11-10 20:10:31 --> Window Created: IDM Backup Manager0.9.3(Beta) With Error Code: 0

============================= New Session Started at 2012-11-10 20:11:29 --> =============================

============================= System Information =============================
Module Name and Version: IDM Backup Manager0.9.3(Beta)
Module Path: C:\Users\Tejas\desktop\project\IDM\IDM BUILD_4\IDM Backup Manager.au3
OS Type: WIN32_NT
OS Version: WIN_7
Service Package: Service Pack 1
Total Memory: 1302072
Available Memory: 546784

============================= Variable Assignment =============================
2012-11-10 20:11:30 --> Internet Download Manager Is Running Now...User Selected No
2012-11-10 20:11:30 --> $AppDataIDMFolder = "C:\Users\Tejas\AppData\Roaming\IDM\"  Error Code:0
2012-11-10 20:11:30 --> $TempPath = "C:\Users\Tejas\AppData\Roaming\IDM\"  Error Code:0
2012-11-10 20:11:30 --> Finilized Path $AppDataIDMFolder= "C:\Users\Tejas\AppData\Roaming\IDM\"
2012-11-10 20:11:30 --> Finilized Path $TempPath= "C:\Users\Tejas\AppData\Roaming\IDM\"
2012-11-10 20:11:30 --> $AppDataIDMFolder = "C:\Users\Tejas\AppData\Roaming\IDM\"  Error Code:0
2012-11-10 20:11:30 --> $TempPath = "C:\Users\Tejas\AppData\Roaming\IDM\"  Error Code:0
2012-11-10 20:11:30 --> Finilized Path $AppDataIDMFolder= "C:\Users\Tejas\AppData\Roaming\IDM\"
2012-11-10 20:11:30 --> Finilized Path $TempPath= "C:\Users\Tejas\AppData\Roaming\IDM\"
2012-11-10 20:11:31 --> Window Created: IDM Backup Manager0.9.3(Beta) With Error Code: 0

============================= New Session Started at 2012-11-10 21:05:53 --> =============================

============================= System Information =============================
Module Name and Version: IDM Backup Manager0.9.3(Beta)
Module Path: C:\Users\Tejas\desktop\project\IDM\IDM BUILD_4\IDM Backup Manager.au3
OS Type: WIN32_NT
OS Version: WIN_7
Service Package: Service Pack 1
Total Memory: 1302072
Available Memory: 587552

============================= Variable Assignment =============================
2012-11-10 21:05:54 --> Internet Download Manager Is Running Now...User Selected No
2012-11-10 21:05:54 --> $AppDataIDMFolder = "C:\Users\Tejas\AppData\Roaming\IDM\"  Error Code:0
2012-11-10 21:05:54 --> $TempPath = "C:\Users\Tejas\AppData\Roaming\IDM\"  Error Code:0
2012-11-10 21:05:54 --> Finilized Path $AppDataIDMFolder= "C:\Users\Tejas\AppData\Roaming\IDM\"
2012-11-10 21:05:54 --> Finilized Path $TempPath= "C:\Users\Tejas\AppData\Roaming\IDM\"
2012-11-10 21:05:54 --> $AppDataIDMFolder = "C:\Users\Tejas\AppData\Roaming\IDM\"  Error Code:0
2012-11-10 21:05:54 --> $TempPath = "C:\Users\Tejas\AppData\Roaming\IDM\"  Error Code:0
2012-11-10 21:05:54 --> Finilized Path $AppDataIDMFolder= "C:\Users\Tejas\AppData\Roaming\IDM\"
2012-11-10 21:05:54 --> Finilized Path $TempPath= "C:\Users\Tejas\AppData\Roaming\IDM\"
2012-11-10 21:05:55 --> Window Created: IDM Backup Manager0.9.3(Beta) With Error Code: 0

============================= New Session Started at 2012-11-10 21:50:58 --> =============================

============================= System Information =============================
Module Name and Version: IDM Backup Manager0.9.3(Beta)
Module Path: C:\Users\Tejas\desktop\project\IDM\IDM BUILD_4\IDM Backup Manager.au3
OS Type: WIN32_NT
OS Version: WIN_7
Service Package: Service Pack 1
Total Memory: 1302072
Available Memory: 507224

============================= Variable Assignment =============================
2012-11-10 21:50:59 --> Internet Download Manager Is Running Now...User Selected No
2012-11-10 21:51:00 --> $AppDataIDMFolder = "C:\Users\Tejas\AppData\Roaming\IDM\"  Error Code:0
2012-11-10 21:51:00 --> $TempPath = "C:\Users\Tejas\AppData\Roaming\IDM\"  Error Code:0
2012-11-10 21:51:00 --> Finilized Path $AppDataIDMFolder= "C:\Users\Tejas\AppData\Roaming\IDM\"
2012-11-10 21:51:00 --> Finilized Path $TempPath= "C:\Users\Tejas\AppData\Roaming\IDM\"
2012-11-10 21:51:00 --> $AppDataIDMFolder = "C:\Users\Tejas\AppData\Roaming\IDM\"  Error Code:0
2012-11-10 21:51:00 --> $TempPath = "C:\Users\Tejas\AppData\Roaming\IDM\"  Error Code:0
2012-11-10 21:51:00 --> Finilized Path $AppDataIDMFolder= "C:\Users\Tejas\AppData\Roaming\IDM\"
2012-11-10 21:51:00 --> Finilized Path $TempPath= "C:\Users\Tejas\AppData\Roaming\IDM\"
2012-11-10 21:51:00 --> Window Created: IDM Backup Manager0.9.3(Beta) With Error Code: 0

============================= New Session Started at 2012-11-11 09:44:10 --> =============================

============================= System Information =============================
Module Name and Version: IDM Backup Manager0.9.3(Beta)
Module Path: C:\Users\Tejas\desktop\project\IDM\IDM BUILD_4\IDM Backup Manager.au3
OS Type: WIN32_NT
OS Version: WIN_7
Service Package: Service Pack 1
Total Memory: 1302072
Available Memory: 394208

============================= Variable Assignment =============================
2012-11-11 09:44:11 --> Internet Download Manager Is Running Now...User Selected No
2012-11-11 09:44:12 --> $AppDataIDMFolder = "C:\Users\Tejas\AppData\Roaming\IDM\"  Error Code:0
2012-11-11 09:44:12 --> $TempPath = "C:\Users\Tejas\AppData\Roaming\IDM\"  Error Code:0
2012-11-11 09:44:12 --> Finilized Path $AppDataIDMFolder= "C:\Users\Tejas\AppData\Roaming\IDM\"
2012-11-11 09:44:12 --> Finilized Path $TempPath= "C:\Users\Tejas\AppData\Roaming\IDM\"
2012-11-11 09:44:12 --> $AppDataIDMFolder = "C:\Users\Tejas\AppData\Roaming\IDM\"  Error Code:0
2012-11-11 09:44:12 --> $TempPath = "C:\Users\Tejas\AppData\Roaming\IDM\"  Error Code:0
2012-11-11 09:44:12 --> Finilized Path $AppDataIDMFolder= "C:\Users\Tejas\AppData\Roaming\IDM\"
2012-11-11 09:44:12 --> Finilized Path $TempPath= "C:\Users\Tejas\AppData\Roaming\IDM\"
2012-11-11 09:44:13 --> Window Created: IDM Backup Manager0.9.3(Beta) With Error Code: 0

============================= New Session Started at 2012-11-11 14:05:55 --> =============================

============================= System Information =============================
Module Name and Version: IDM Backup Manager0.9.3(Beta)
Module Path: C:\Users\Tejas\desktop\project\IDM\IDM BUILD_4\IDM Backup Manager.au3
OS Type: WIN32_NT
OS Version: WIN_7
Service Package: Service Pack 1
Total Memory: 1302072
Available Memory: 533444

============================= Variable Assignment =============================
2012-11-11 14:05:56 --> Internet Download Manager Is Running Now...User Selected No
2012-11-11 14:05:57 --> $AppDataIDMFolder = "C:\Users\Tejas\AppData\Roaming\IDM\"  Error Code:0
2012-11-11 14:05:57 --> $TempPath = "C:\Users\Tejas\AppData\Roaming\IDM\"  Error Code:0
2012-11-11 14:05:57 --> Finilized Path $AppDataIDMFolder= "C:\Users\Tejas\AppData\Roaming\IDM\"
2012-11-11 14:05:57 --> Finilized Path $TempPath= "C:\Users\Tejas\AppData\Roaming\IDM\"
2012-11-11 14:05:57 --> $AppDataIDMFolder = "C:\Users\Tejas\AppData\Roaming\IDM\"  Error Code:0
2012-11-11 14:05:57 --> $TempPath = "C:\Users\Tejas\AppData\Roaming\IDM\"  Error Code:0
2012-11-11 14:05:57 --> Finilized Path $AppDataIDMFolder= "C:\Users\Tejas\AppData\Roaming\IDM\"
2012-11-11 14:05:57 --> Finilized Path $TempPath= "C:\Users\Tejas\AppData\Roaming\IDM\"
2012-11-11 14:05:57 --> Window Created: IDM Backup Manager0.9.3(Beta) With Error Code: 0

============================= New Session Started at 2012-11-11 18:57:11 --> =============================

============================= System Information =============================
Module Name and Version: IDM Backup Manager0.9.3(Beta)
Module Path: C:\Users\Tejas\desktop\project\IDM\IDM BUILD_4\IDM Backup Manager.au3
OS Type: WIN32_NT
OS Version: WIN_7
Service Package: Service Pack 1
Total Memory: 1302072
Available Memory: 480992

============================= Variable Assignment =============================
2012-11-11 18:57:12 --> Internet Download Manager Is Running Now...User Selected No
2012-11-11 18:57:12 --> $AppDataIDMFolder = "C:\Users\Tejas\AppData\Roaming\IDM\"  Error Code:0
2012-11-11 18:57:12 --> $TempPath = "C:\Users\Tejas\AppData\Roaming\IDM\"  Error Code:0
2012-11-11 18:57:12 --> Finilized Path $AppDataIDMFolder= "C:\Users\Tejas\AppData\Roaming\IDM\"
2012-11-11 18:57:12 --> Finilized Path $TempPath= "C:\Users\Tejas\AppData\Roaming\IDM\"
2012-11-11 18:57:12 --> $AppDataIDMFolder = "C:\Users\Tejas\AppData\Roaming\IDM\"  Error Code:0
2012-11-11 18:57:12 --> $TempPath = "C:\Users\Tejas\AppData\Roaming\IDM\"  Error Code:0
2012-11-11 18:57:12 --> Finilized Path $AppDataIDMFolder= "C:\Users\Tejas\AppData\Roaming\IDM\"
2012-11-11 18:57:12 --> Finilized Path $TempPath= "C:\Users\Tejas\AppData\Roaming\IDM\"
2012-11-11 18:57:13 --> Window Created: IDM Backup Manager0.9.3(Beta) With Error Code: 0

============================= New Session Started at 2012-11-11 21:41:42 --> =============================

============================= System Information =============================
Module Name and Version: IDM Backup Manager0.9.4(Beta)
Module Path: C:\Users\Tejas\desktop\project\IDM\IDM BUILD_4\IDM Backup Manager.au3
OS Type: WIN32_NT
OS Version: WIN_7
Service Package: Service Pack 1
Total Memory: 1302072
Available Memory: 790296

============================= Variable Assignment =============================

============================= New Session Started at 2012-11-11 21:41:54 --> =============================

============================= System Information =============================
Module Name and Version: IDM Backup Manager0.9.4(Beta)
Module Path: C:\Users\Tejas\desktop\project\IDM\IDM BUILD_4\IDM Backup Manager.au3
OS Type: WIN32_NT
OS Version: WIN_7
Service Package: Service Pack 1
Total Memory: 1302072
Available Memory: 793560

============================= Variable Assignment =============================

============================= New Session Started at 2012-11-11 21:42:31 --> =============================

============================= System Information =============================
Module Name and Version: IDM Backup Manager0.9.4(Beta)
Module Path: C:\Users\Tejas\desktop\project\IDM\IDM BUILD_4\IDM Backup Manager.au3
OS Type: WIN32_NT
OS Version: WIN_7
Service Package: Service Pack 1
Total Memory: 1302072
Available Memory: 814980

============================= Variable Assignment =============================

============================= New Session Started at 2012-11-11 21:43:19 --> =============================

============================= System Information =============================
Module Name and Version: IDM Backup Manager0.9.4(Beta)
Module Path: C:\Users\Tejas\desktop\project\IDM\IDM BUILD_4\IDM Backup Manager.au3
OS Type: WIN32_NT
OS Version: WIN_7
Service Package: Service Pack 1
Total Memory: 1302072
Available Memory: 794568

============================= Variable Assignment =============================
2012-11-11 21:43:20 --> Internet Download Manager Is Running Now...User Selected No
2012-11-11 21:43:21 --> $AppDataIDMFolder = "C:\Users\Tejas\AppData\Roaming\IDM\"  Error Code:0
2012-11-11 21:43:21 --> $TempPath = "C:\Users\Tejas\AppData\Roaming\IDM\"  Error Code:0
2012-11-11 21:43:21 --> Finilized Path $AppDataIDMFolder= "C:\Users\Tejas\AppData\Roaming\IDM\"
2012-11-11 21:43:21 --> Finilized Path $TempPath= "C:\Users\Tejas\AppData\Roaming\IDM\"
2012-11-11 21:43:21 --> $AppDataIDMFolder = "C:\Users\Tejas\AppData\Roaming\IDM\"  Error Code:0
2012-11-11 21:43:21 --> $TempPath = "C:\Users\Tejas\AppData\Roaming\IDM\"  Error Code:0
2012-11-11 21:43:21 --> Finilized Path $AppDataIDMFolder= "C:\Users\Tejas\AppData\Roaming\IDM\"
2012-11-11 21:43:21 --> Finilized Path $TempPath= "C:\Users\Tejas\AppData\Roaming\IDM\"
2012-11-11 21:43:22 --> Window Created: IDM Backup Manager0.9.4(Beta) With Error Code: 0

============================= New Session Started at 2012-11-11 21:44:50 --> =============================

============================= System Information =============================
Module Name and Version: IDM Backup Manager0.9.4(Beta)
Module Path: C:\Users\Tejas\desktop\project\IDM\IDM BUILD_4\IDM Backup Manager.au3
OS Type: WIN32_NT
OS Version: WIN_7
Service Package: Service Pack 1
Total Memory: 1302072
Available Memory: 796824

============================= Variable Assignment =============================
2012-11-11 21:44:52 --> Internet Download Manager Is Running Now...User Selected No
2012-11-11 21:44:52 --> $AppDataIDMFolder = "C:\Users\Tejas\AppData\Roaming\IDM\"  Error Code:0
2012-11-11 21:44:52 --> $TempPath = "C:\Users\Tejas\AppData\Roaming\IDM\"  Error Code:0
2012-11-11 21:44:52 --> Finilized Path $AppDataIDMFolder= "C:\Users\Tejas\AppData\Roaming\IDM\"
2012-11-11 21:44:52 --> Finilized Path $TempPath= "C:\Users\Tejas\AppData\Roaming\IDM\"
2012-11-11 21:44:52 --> $AppDataIDMFolder = "C:\Users\Tejas\AppData\Roaming\IDM\"  Error Code:0
2012-11-11 21:44:52 --> $TempPath = "C:\Users\Tejas\AppData\Roaming\IDM\"  Error Code:0
2012-11-11 21:44:52 --> Finilized Path $AppDataIDMFolder= "C:\Users\Tejas\AppData\Roaming\IDM\"
2012-11-11 21:44:52 --> Finilized Path $TempPath= "C:\Users\Tejas\AppData\Roaming\IDM\"
2012-11-11 21:44:53 --> Window Created: IDM Backup Manager0.9.4(Beta) With Error Code: 0

============================= New Session Started at 2012-11-11 21:45:16 --> =============================

============================= System Information =============================
Module Name and Version: IDM Backup Manager0.9.4(Beta)
Module Path: C:\Users\Tejas\desktop\project\IDM\IDM BUILD_4\IDM Backup Manager.au3
OS Type: WIN32_NT
OS Version: WIN_7
Service Package: Service Pack 1
Total Memory: 1302072
Available Memory: 810952

============================= Variable Assignment =============================
2012-11-11 21:45:17 --> Internet Download Manager Is Running Now...User Selected No
2012-11-11 21:45:17 --> $AppDataIDMFolder = "C:\Users\Tejas\AppData\Roaming\IDM\"  Error Code:0
2012-11-11 21:45:17 --> $TempPath = "C:\Users\Tejas\AppData\Roaming\IDM\"  Error Code:0
2012-11-11 21:45:17 --> Finilized Path $AppDataIDMFolder= "C:\Users\Tejas\AppData\Roaming\IDM\"
2012-11-11 21:45:17 --> Finilized Path $TempPath= "C:\Users\Tejas\AppData\Roaming\IDM\"
2012-11-11 21:45:17 --> $AppDataIDMFolder = "C:\Users\Tejas\AppData\Roaming\IDM\"  Error Code:0
2012-11-11 21:45:17 --> $TempPath = "C:\Users\Tejas\AppData\Roaming\IDM\"  Error Code:0
2012-11-11 21:45:17 --> Finilized Path $AppDataIDMFolder= "C:\Users\Tejas\AppData\Roaming\IDM\"
2012-11-11 21:45:17 --> Finilized Path $TempPath= "C:\Users\Tejas\AppData\Roaming\IDM\"
2012-11-11 21:45:18 --> Window Created: IDM Backup Manager0.9.4(Beta) With Error Code: 0

============================= New Session Started at 2012-11-11 21:45:55 --> =============================

============================= System Information =============================
Module Name and Version: IDM Backup Manager0.9.4(Beta)
Module Path: C:\Users\Tejas\desktop\project\IDM\IDM BUILD_4\IDM Backup Manager.au3
OS Type: WIN32_NT
OS Version: WIN_7
Service Package: Service Pack 1
Total Memory: 1302072
Available Memory: 797024

============================= Variable Assignment =============================
2012-11-11 21:45:58 --> Internet Download Manager Is Running Now...User Selected No
2012-11-11 21:45:59 --> $AppDataIDMFolder = "C:\Users\Tejas\AppData\Roaming\IDM\"  Error Code:0
2012-11-11 21:45:59 --> $TempPath = "C:\Users\Tejas\AppData\Roaming\IDM\"  Error Code:0
2012-11-11 21:45:59 --> Finilized Path $AppDataIDMFolder= "C:\Users\Tejas\AppData\Roaming\IDM\"
2012-11-11 21:45:59 --> Finilized Path $TempPath= "C:\Users\Tejas\AppData\Roaming\IDM\"
2012-11-11 21:45:59 --> $AppDataIDMFolder = "C:\Users\Tejas\AppData\Roaming\IDM\"  Error Code:0
2012-11-11 21:45:59 --> $TempPath = "C:\Users\Tejas\AppData\Roaming\IDM\"  Error Code:0
2012-11-11 21:45:59 --> Finilized Path $AppDataIDMFolder= "C:\Users\Tejas\AppData\Roaming\IDM\"
2012-11-11 21:45:59 --> Finilized Path $TempPath= "C:\Users\Tejas\AppData\Roaming\IDM\"
2012-11-11 21:45:59 --> Window Created: IDM Backup Manager0.9.4(Beta) With Error Code: 0

============================= New Session Started at 2012-11-11 21:48:36 --> =============================

============================= System Information =============================
Module Name and Version: IDM Backup Manager0.9.4(Beta)
Module Path: C:\Users\Tejas\desktop\project\IDM\IDM BUILD_4\IDM Backup Manager.au3
OS Type: WIN32_NT
OS Version: WIN_7
Service Package: Service Pack 1
Total Memory: 1302072
Available Memory: 798516

============================= Variable Assignment =============================
2012-11-11 21:48:37 --> Internet Download Manager Is Running Now...User Selected No
2012-11-11 21:48:38 --> $AppDataIDMFolder = "C:\Users\Tejas\AppData\Roaming\IDM\"  Error Code:0
2012-11-11 21:48:38 --> $TempPath = "C:\Users\Tejas\AppData\Roaming\IDM\"  Error Code:0
2012-11-11 21:48:38 --> Finilized Path $AppDataIDMFolder= "C:\Users\Tejas\AppData\Roaming\IDM\"
2012-11-11 21:48:38 --> Finilized Path $TempPath= "C:\Users\Tejas\AppData\Roaming\IDM\"
2012-11-11 21:48:38 --> $AppDataIDMFolder = "C:\Users\Tejas\AppData\Roaming\IDM\"  Error Code:0
2012-11-11 21:48:38 --> $TempPath = "C:\Users\Tejas\AppData\Roaming\IDM\"  Error Code:0
2012-11-11 21:48:38 --> Finilized Path $AppDataIDMFolder= "C:\Users\Tejas\AppData\Roaming\IDM\"
2012-11-11 21:48:38 --> Finilized Path $TempPath= "C:\Users\Tejas\AppData\Roaming\IDM\"
2012-11-11 21:48:38 --> Window Created: IDM Backup Manager0.9.4(Beta) With Error Code: 0

============================= New Session Started at 2012-11-11 12:50:56 --> =============================

============================= System Information =============================
Module Name and Version: IDM Backup Manager0.9.4(Beta)
Module Path: C:\Users\Tejas\desktop\project\IDM\IDM BUILD_4\IDM Backup Manager.au3
OS Type: WIN32_NT
OS Version: WIN_7
Service Package: Service Pack 1
Total Memory: 1293880
Available Memory: 456676

============================= Variable Assignment =============================
2012-11-11 12:50:56 --> $AppDataIDMFolder = "C:\Users\Tejas\AppData\Roaming\IDM\"  Error Code:0
2012-11-11 12:50:56 --> $TempPath = "C:\Users\Tejas\AppData\Roaming\IDM\"  Error Code:0
2012-11-11 12:50:56 --> Finilized Path $AppDataIDMFolder= "C:\Users\Tejas\AppData\Roaming\IDM\"
2012-11-11 12:50:56 --> Finilized Path $TempPath= "C:\Users\Tejas\AppData\Roaming\IDM\"
2012-11-11 12:50:56 --> $AppDataIDMFolder = "C:\Users\Tejas\AppData\Roaming\IDM\"  Error Code:0
2012-11-11 12:50:56 --> $TempPath = "C:\Users\Tejas\AppData\Roaming\IDM\"  Error Code:0
2012-11-11 12:50:56 --> Finilized Path $AppDataIDMFolder= "C:\Users\Tejas\AppData\Roaming\IDM\"
2012-11-11 12:50:56 --> Finilized Path $TempPath= "C:\Users\Tejas\AppData\Roaming\IDM\"
2012-11-11 12:50:58 --> Window Created: IDM Backup Manager0.9.4(Beta) With Error Code: 0

============================= New Session Started at 2012-11-11 12:51:40 --> =============================

============================= System Information =============================
Module Name and Version: IDM Backup Manager0.9.4(Beta)
Module Path: C:\Users\Tejas\desktop\project\IDM\IDM BUILD_4\IDM Backup Manager.au3
OS Type: WIN32_NT
OS Version: WIN_7
Service Package: Service Pack 1
Total Memory: 1293880
Available Memory: 450124

============================= Variable Assignment =============================
2012-11-11 12:51:40 --> $AppDataIDMFolder = "C:\Users\Tejas\AppData\Roaming\IDM\"  Error Code:0
2012-11-11 12:51:40 --> $TempPath = "C:\Users\Tejas\AppData\Roaming\IDM\"  Error Code:0
2012-11-11 12:51:40 --> Finilized Path $AppDataIDMFolder= "C:\Users\Tejas\AppData\Roaming\IDM\"
2012-11-11 12:51:40 --> Finilized Path $TempPath= "C:\Users\Tejas\AppData\Roaming\IDM\"
2012-11-11 12:51:40 --> $AppDataIDMFolder = "C:\Users\Tejas\AppData\Roaming\IDM\"  Error Code:0
2012-11-11 12:51:40 --> $TempPath = "C:\Users\Tejas\AppData\Roaming\IDM\"  Error Code:0
2012-11-11 12:51:40 --> Finilized Path $AppDataIDMFolder= "C:\Users\Tejas\AppData\Roaming\IDM\"
2012-11-11 12:51:40 --> Finilized Path $TempPath= "C:\Users\Tejas\AppData\Roaming\IDM\"
2012-11-11 12:51:40 --> Window Created: IDM Backup Manager0.9.4(Beta) With Error Code: 0

============================= New Session Started at 2012-11-11 14:22:57 --> =============================

============================= System Information =============================
Module Name and Version: IDM Backup Manager0.9.4(Beta)
Module Path: C:\Users\Tejas\desktop\project\IDM\IDM BUILD_4\IDM Backup Manager.au3
OS Type: WIN32_NT
OS Version: WIN_7
Service Package: Service Pack 1
Total Memory: 1293880
Available Memory: 539556

============================= Variable Assignment =============================
2012-11-11 14:22:57 --> $AppDataIDMFolder = "C:\Users\Tejas\AppData\Roaming\IDM\"  Error Code:0
2012-11-11 14:22:57 --> $TempPath = "C:\Users\Tejas\AppData\Roaming\IDM\"  Error Code:0
2012-11-11 14:22:57 --> Finilized Path $AppDataIDMFolder= "C:\Users\Tejas\AppData\Roaming\IDM\"
2012-11-11 14:22:57 --> Finilized Path $TempPath= "C:\Users\Tejas\AppData\Roaming\IDM\"
2012-11-11 14:22:57 --> $AppDataIDMFolder = "C:\Users\Tejas\AppData\Roaming\IDM\"  Error Code:0
2012-11-11 14:22:57 --> $TempPath = "C:\Users\Tejas\AppData\Roaming\IDM\"  Error Code:0
2012-11-11 14:22:57 --> Finilized Path $AppDataIDMFolder= "C:\Users\Tejas\AppData\Roaming\IDM\"
2012-11-11 14:22:57 --> Finilized Path $TempPath= "C:\Users\Tejas\AppData\Roaming\IDM\"
2012-11-11 14:22:58 --> Window Created: IDM Backup Manager0.9.4(Beta) With Error Code: 0

============================= New Session Started at 2012-11-11 14:26:14 --> =============================

============================= System Information =============================
Module Name and Version: IDM Backup Manager0.9.4(Beta)
Module Path: C:\Users\Tejas\desktop\project\IDM\IDM BUILD_4\IDM Backup Manager.au3
OS Type: WIN32_NT
OS Version: WIN_7
Service Package: Service Pack 1
Total Memory: 1293880
Available Memory: 566300

============================= Variable Assignment =============================
2012-11-11 14:26:14 --> $AppDataIDMFolder = "C:\Users\Tejas\AppData\Roaming\IDM\"  Error Code:0
2012-11-11 14:26:14 --> $TempPath = "C:\Users\Tejas\AppData\Roaming\IDM\"  Error Code:0
2012-11-11 14:26:14 --> Finilized Path $AppDataIDMFolder= "C:\Users\Tejas\AppData\Roaming\IDM\"
2012-11-11 14:26:14 --> Finilized Path $TempPath= "C:\Users\Tejas\AppData\Roaming\IDM\"
2012-11-11 14:26:14 --> $AppDataIDMFolder = "C:\Users\Tejas\AppData\Roaming\IDM\"  Error Code:0
2012-11-11 14:26:14 --> $TempPath = "C:\Users\Tejas\AppData\Roaming\IDM\"  Error Code:0
2012-11-11 14:26:14 --> Finilized Path $AppDataIDMFolder= "C:\Users\Tejas\AppData\Roaming\IDM\"
2012-11-11 14:26:14 --> Finilized Path $TempPath= "C:\Users\Tejas\AppData\Roaming\IDM\"
2012-11-11 14:26:15 --> Window Created: IDM Backup Manager0.9.4(Beta) With Error Code: 0

============================= New Session Started at 2012-11-11 15:43:25 --> =============================

============================= System Information =============================
Module Name and Version: IDM Backup Manager0.9.4(Beta)
Module Path: C:\Users\Tejas\desktop\project\IDM\IDM BUILD_4\IDM Backup Manager.exe
OS Type: WIN32_NT
OS Version: WIN_7
Service Package: Service Pack 1
Total Memory: 1293880
Available Memory: 487684

============================= Variable Assignment =============================
2012-11-11 15:43:25 --> $AppDataIDMFolder = "C:\Users\Tejas\AppData\Roaming\IDM\"  Error Code:0
2012-11-11 15:43:25 --> $TempPath = "C:\Users\Tejas\AppData\Roaming\IDM\"  Error Code:0
2012-11-11 15:43:25 --> Finilized Path $AppDataIDMFolder= "C:\Users\Tejas\AppData\Roaming\IDM\"
2012-11-11 15:43:25 --> Finilized Path $TempPath= "C:\Users\Tejas\AppData\Roaming\IDM\"
2012-11-11 15:43:25 --> $AppDataIDMFolder = "C:\Users\Tejas\AppData\Roaming\IDM\"  Error Code:0
2012-11-11 15:43:25 --> $TempPath = "C:\Users\Tejas\AppData\Roaming\IDM\"  Error Code:0
2012-11-11 15:43:25 --> Finilized Path $AppDataIDMFolder= "C:\Users\Tejas\AppData\Roaming\IDM\"
2012-11-11 15:43:25 --> Finilized Path $TempPath= "C:\Users\Tejas\AppData\Roaming\IDM\"
2012-11-11 15:43:25 --> Window Created: IDM Backup Manager0.9.4(Beta) With Error Code: 0

============================= New Session Started at 2012-11-11 15:43:51 --> =============================

============================= System Information =============================
Module Name and Version: IDM Backup Manager0.9.4(Beta)
Module Path: C:\Users\Tejas\desktop\project\IDM\IDM BUILD_4\IDM Backup Manager.exe
OS Type: WIN32_NT
OS Version: WIN_7
Service Package: Service Pack 1
Total Memory: 1293880
Available Memory: 480736

============================= Variable Assignment =============================
2012-11-11 15:43:51 --> $AppDataIDMFolder = "C:\Users\Tejas\AppData\Roaming\IDM\"  Error Code:0
2012-11-11 15:43:51 --> $TempPath = "C:\Users\Tejas\AppData\Roaming\IDM\"  Error Code:0
2012-11-11 15:43:51 --> Finilized Path $AppDataIDMFolder= "C:\Users\Tejas\AppData\Roaming\IDM\"
2012-11-11 15:43:51 --> Finilized Path $TempPath= "C:\Users\Tejas\AppData\Roaming\IDM\"
2012-11-11 15:43:51 --> $AppDataIDMFolder = "C:\Users\Tejas\AppData\Roaming\IDM\"  Error Code:0
2012-11-11 15:43:51 --> $TempPath = "C:\Users\Tejas\AppData\Roaming\IDM\"  Error Code:0
2012-11-11 15:43:51 --> Finilized Path $AppDataIDMFolder= "C:\Users\Tejas\AppData\Roaming\IDM\"
2012-11-11 15:43:51 --> Finilized Path $TempPath= "C:\Users\Tejas\AppData\Roaming\IDM\"
2012-11-11 15:43:51 --> Window Created: IDM Backup Manager0.9.4(Beta) With Error Code: 0

============================= New Session Started at 2012-11-11 15:44:22 --> =============================

============================= System Information =============================
Module Name and Version: IDM Backup Manager0.9.4(Beta)
Module Path: C:\Users\Tejas\desktop\project\IDM\IDM BUILD_4\IDM Backup Manager.exe
OS Type: WIN32_NT
OS Version: WIN_7
Service Package: Service Pack 1
Total Memory: 1293880
Available Memory: 532688

============================= Variable Assignment =============================
2012-11-11 15:44:22 --> $AppDataIDMFolder = "C:\Users\Tejas\AppData\Roaming\IDM\"  Error Code:0
2012-11-11 15:44:22 --> $TempPath = "C:\Users\Tejas\AppData\Roaming\IDM\"  Error Code:0
2012-11-11 15:44:22 --> Finilized Path $AppDataIDMFolder= "C:\Users\Tejas\AppData\Roaming\IDM\"
2012-11-11 15:44:22 --> Finilized Path $TempPath= "C:\Users\Tejas\AppData\Roaming\IDM\"
2012-11-11 15:44:22 --> $AppDataIDMFolder = "C:\Users\Tejas\AppData\Roaming\IDM\"  Error Code:0
2012-11-11 15:44:22 --> $TempPath = "C:\Users\Tejas\AppData\Roaming\IDM\"  Error Code:0
2012-11-11 15:44:22 --> Finilized Path $AppDataIDMFolder= "C:\Users\Tejas\AppData\Roaming\IDM\"
2012-11-11 15:44:22 --> Finilized Path $TempPath= "C:\Users\Tejas\AppData\Roaming\IDM\"
2012-11-11 15:44:22 --> Window Created: IDM Backup Manager0.9.4(Beta) With Error Code: 0

============================= New Session Started at 2012-11-11 15:45:46 --> =============================

============================= System Information =============================
Module Name and Version: IDM Backup Manager0.9.4(Beta)
Module Path: C:\Users\Tejas\desktop\project\IDM\IDM BUILD_4\IDM Backup Manager.exe
OS Type: WIN32_NT
OS Version: WIN_7
Service Package: Service Pack 1
Total Memory: 1293880
Available Memory: 511016

============================= Variable Assignment =============================
2012-11-11 15:45:46 --> $AppDataIDMFolder = "C:\Users\Tejas\AppData\Roaming\IDM\"  Error Code:0
2012-11-11 15:45:46 --> $TempPath = "C:\Users\Tejas\AppData\Roaming\IDM\"  Error Code:0
2012-11-11 15:45:46 --> Finilized Path $AppDataIDMFolder= "C:\Users\Tejas\AppData\Roaming\IDM\"
2012-11-11 15:45:46 --> Finilized Path $TempPath= "C:\Users\Tejas\AppData\Roaming\IDM\"
2012-11-11 15:45:46 --> $AppDataIDMFolder = "C:\Users\Tejas\AppData\Roaming\IDM\"  Error Code:0
2012-11-11 15:45:46 --> $TempPath = "C:\Users\Tejas\AppData\Roaming\IDM\"  Error Code:0
2012-11-11 15:45:46 --> Finilized Path $AppDataIDMFolder= "C:\Users\Tejas\AppData\Roaming\IDM\"
2012-11-11 15:45:46 --> Finilized Path $TempPath= "C:\Users\Tejas\AppData\Roaming\IDM\"
2012-11-11 15:45:47 --> Window Created: IDM Backup Manager0.9.4(Beta) With Error Code: 0

============================= New Session Started at 2012-11-11 15:47:10 --> =============================

============================= System Information =============================
Module Name and Version: IDM Backup Manager0.9.4(Beta)
Module Path: C:\Users\Tejas\desktop\project\IDM\IDM BUILD_4\IDM Backup Manager.au3
OS Type: WIN32_NT
OS Version: WIN_7
Service Package: Service Pack 1
Total Memory: 1293880
Available Memory: 501292

============================= Variable Assignment =============================
2012-11-11 15:47:11 --> $AppDataIDMFolder = "C:\Users\Tejas\AppData\Roaming\IDM\"  Error Code:0
2012-11-11 15:47:11 --> $TempPath = "C:\Users\Tejas\AppData\Roaming\IDM\"  Error Code:0
2012-11-11 15:47:11 --> Finilized Path $AppDataIDMFolder= "C:\Users\Tejas\AppData\Roaming\IDM\"
2012-11-11 15:47:11 --> Finilized Path $TempPath= "C:\Users\Tejas\AppData\Roaming\IDM\"
2012-11-11 15:47:11 --> $AppDataIDMFolder = "C:\Users\Tejas\AppData\Roaming\IDM\"  Error Code:0
2012-11-11 15:47:11 --> $TempPath = "C:\Users\Tejas\AppData\Roaming\IDM\"  Error Code:0
2012-11-11 15:47:11 --> Finilized Path $AppDataIDMFolder= "C:\Users\Tejas\AppData\Roaming\IDM\"
2012-11-11 15:47:11 --> Finilized Path $TempPath= "C:\Users\Tejas\AppData\Roaming\IDM\"
2012-11-11 15:47:11 --> Window Created: IDM Backup Manager0.9.4(Beta) With Error Code: 0
