
============================= New Session Started at 2012-12-20 16:29:17 --> =============================

============================= System Information =============================
Module Name and Version: IDM Backup Manager0.9.5(Beta)
Module Path: C:\Users\Tejas\Desktop\project\IDM\IDM BUILD_6\IDM Backup Manager_2.au3
OS Type: WIN32_NT
OS Version: WIN_7
Service Package: Service Pack 1
Total Memory: 1302072
Available Memory: 841456

============================= Variable Assignment =============================
2012-12-20 16:29:18 --> Internet Download Manager Is Running Now...User Selected No
2012-12-20 16:29:18 --> $AppDataIDMFolder = "C:\Users\Tejas\AppData\Roaming\IDM\"  Error Code:0
2012-12-20 16:29:18 --> $TempPath = "C:\Users\Tejas\AppData\Roaming\IDM\"  Error Code:0
2012-12-20 16:29:18 --> Finilized Path $AppDataIDMFolder= "C:\Users\Tejas\AppData\Roaming\IDM\"
2012-12-20 16:29:18 --> Finilized Path $TempPath= "C:\Users\Tejas\AppData\Roaming\IDM\"
2012-12-20 16:29:18 --> Window Created: IDM Backup Manager0.9.5(Beta) With Error Code: 0

============================= New Session Started at 2012-12-20 16:38:49 --> =============================

============================= System Information =============================
Module Name and Version: IDM Backup Manager0.9.5(Beta)
Module Path: C:\Users\Tejas\Desktop\project\IDM\IDM BUILD_6\IDM Backup Manager_2.au3
OS Type: WIN32_NT
OS Version: WIN_7
Service Package: Service Pack 1
Total Memory: 1302072
Available Memory: 831488

============================= Variable Assignment =============================
2012-12-20 16:38:51 --> Internet Download Manager Is Running Now...User Selected No
2012-12-20 16:38:51 --> $AppDataIDMFolder = "C:\Users\Tejas\AppData\Roaming\IDM\"  Error Code:0
2012-12-20 16:38:51 --> $TempPath = "C:\Users\Tejas\AppData\Roaming\IDM\"  Error Code:0
2012-12-20 16:38:51 --> Finilized Path $AppDataIDMFolder= "C:\Users\Tejas\AppData\Roaming\IDM\"
2012-12-20 16:38:51 --> Finilized Path $TempPath= "C:\Users\Tejas\AppData\Roaming\IDM\"
2012-12-20 16:38:52 --> Window Created: IDM Backup Manager0.9.5(Beta) With Error Code: 0

============================= New Session Started at 2012-12-20 17:38:20 --> =============================

============================= System Information =============================
Module Name and Version: IDM Backup Manager0.9.5(Beta)
Module Path: C:\Users\Tejas\Desktop\project\IDM\IDM BUILD_6\IDM Backup Manager_2.au3
OS Type: WIN32_NT
OS Version: WIN_7
Service Package: Service Pack 1
Total Memory: 1302072
Available Memory: 631700

============================= Variable Assignment =============================
2012-12-20 17:38:20 --> Internet Download Manager Is Running Now...User Selected No
2012-12-20 17:38:21 --> $AppDataIDMFolder = "C:\Users\Tejas\AppData\Roaming\IDM\"  Error Code:0
2012-12-20 17:38:21 --> $TempPath = "C:\Users\Tejas\AppData\Roaming\IDM\"  Error Code:0
2012-12-20 17:38:21 --> Finilized Path $AppDataIDMFolder= "C:\Users\Tejas\AppData\Roaming\IDM\"
2012-12-20 17:38:21 --> Finilized Path $TempPath= "C:\Users\Tejas\AppData\Roaming\IDM\"
2012-12-20 17:38:21 --> Window Created: IDM Backup Manager0.9.5(Beta) With Error Code: 0

============================= New Session Started at 2012-12-20 17:39:04 --> =============================

============================= System Information =============================
Module Name and Version: IDM Backup Manager0.9.5(Beta)
Module Path: C:\Users\Tejas\Desktop\project\IDM\IDM BUILD_6\IDM Backup Manager_2.au3
OS Type: WIN32_NT
OS Version: WIN_7
Service Package: Service Pack 1
Total Memory: 1302072
Available Memory: 618064

============================= Variable Assignment =============================
2012-12-20 17:39:08 --> Internet Download Manager Is Running Now...User Selected No
2012-12-20 17:39:09 --> $AppDataIDMFolder = "C:\Users\Tejas\AppData\Roaming\IDM\"  Error Code:0
2012-12-20 17:39:09 --> $TempPath = "C:\Users\Tejas\AppData\Roaming\IDM\"  Error Code:0
2012-12-20 17:39:09 --> Finilized Path $AppDataIDMFolder= "C:\Users\Tejas\AppData\Roaming\IDM\"
2012-12-20 17:39:09 --> Finilized Path $TempPath= "C:\Users\Tejas\AppData\Roaming\IDM\"
2012-12-20 17:39:09 --> Window Created: IDM Backup Manager0.9.5(Beta) With Error Code: 0

============================= Backup Session Started =============================
2012-12-20 17:39:17 --> Password= "False"
2012-12-20 17:39:17 --> $ini_File= "C:\Users\Tejas\AppData\Local\Temp\idm_guest_Setting.ini"
2012-12-20 17:39:17 --> $reg_File= "C:\Users\Tejas\AppData\Local\Temp\IDMregistry.reg"

============================= New Session Started at 2012-12-20 17:41:28 --> =============================

============================= System Information =============================
Module Name and Version: IDM Backup Manager0.9.5(Beta)
Module Path: C:\Users\Tejas\Desktop\project\IDM\IDM BUILD_6\IDM Backup Manager_2.au3
OS Type: WIN32_NT
OS Version: WIN_7
Service Package: Service Pack 1
Total Memory: 1302072
Available Memory: 613164

============================= Variable Assignment =============================
2012-12-20 17:41:28 --> Internet Download Manager Is Running Now...User Selected No
2012-12-20 17:41:31 --> $AppDataIDMFolder = "C:\Users\Tejas\AppData\Roaming\IDM\"  Error Code:0
2012-12-20 17:41:31 --> $TempPath = "C:\Users\Tejas\AppData\Roaming\IDM\"  Error Code:0
2012-12-20 17:41:31 --> Finilized Path $AppDataIDMFolder= "C:\Users\Tejas\AppData\Roaming\IDM\"
2012-12-20 17:41:31 --> Finilized Path $TempPath= "C:\Users\Tejas\AppData\Roaming\IDM\"
2012-12-20 17:41:31 --> Window Created: IDM Backup Manager0.9.5(Beta) With Error Code: 0

============================= New Session Started at 2012-12-20 17:41:58 --> =============================

============================= System Information =============================
Module Name and Version: IDM Backup Manager0.9.5(Beta)
Module Path: C:\Users\Tejas\Desktop\project\IDM\IDM BUILD_6\IDM Backup Manager_2.au3
OS Type: WIN32_NT
OS Version: WIN_7
Service Package: Service Pack 1
Total Memory: 1302072
Available Memory: 647116

============================= Variable Assignment =============================
2012-12-20 17:41:59 --> Internet Download Manager Is Running Now...User Selected No
2012-12-20 17:42:00 --> $AppDataIDMFolder = "C:\Users\Tejas\AppData\Roaming\IDM\"  Error Code:0
2012-12-20 17:42:00 --> $TempPath = "C:\Users\Tejas\AppData\Roaming\IDM\"  Error Code:0
2012-12-20 17:42:00 --> Finilized Path $AppDataIDMFolder= "C:\Users\Tejas\AppData\Roaming\IDM\"
2012-12-20 17:42:00 --> Finilized Path $TempPath= "C:\Users\Tejas\AppData\Roaming\IDM\"
2012-12-20 17:42:00 --> Window Created: IDM Backup Manager0.9.5(Beta) With Error Code: 0

============================= Backup Session Started =============================

============================= Backup Session Started =============================

============================= New Session Started at 2012-12-20 18:33:38 --> =============================

============================= System Information =============================
Module Name and Version: IDM Backup Manager0.9.5(Beta)
Module Path: C:\Users\Tejas\Desktop\project\IDM\IDM BUILD_6\IDM Backup Manager_2.exe
OS Type: WIN32_NT
OS Version: WIN_7
Service Package: Service Pack 1
Total Memory: 1302072
Available Memory: 826952

============================= Variable Assignment =============================
2012-12-20 18:33:39 --> Internet Download Manager Is Running Now...User Selected No
2012-12-20 18:33:40 --> $AppDataIDMFolder = "C:\Users\Tejas\AppData\Roaming\IDM\"  Error Code:0
2012-12-20 18:33:40 --> $TempPath = "C:\Users\Tejas\AppData\Roaming\IDM\"  Error Code:0
2012-12-20 18:33:40 --> Finilized Path $AppDataIDMFolder= "C:\Users\Tejas\AppData\Roaming\IDM\"
2012-12-20 18:33:40 --> Finilized Path $TempPath= "C:\Users\Tejas\AppData\Roaming\IDM\"
2012-12-20 18:33:40 --> Window Created: IDM Backup Manager0.9.5(Beta) With Error Code: 0

============================= Backup Session Started =============================
2012-12-20 18:33:46 --> Password= "False"
2012-12-20 18:33:46 --> $ini_File= "C:\Users\Tejas\AppData\Local\Temp\idm_guest_Setting.ini"
2012-12-20 18:33:46 --> $reg_File= "C:\Users\Tejas\AppData\Local\Temp\IDMregistry.reg"
2012-12-20 18:34:49 --> Registry Backup Successful Total Key = "1629"
2012-12-20 18:34:49 --> User Selected Full Backup to  = "C:\Users\Tejas\Desktop\IDMbackup.ibf"
2012-12-20 18:34:49 --> Command Line: C:\Users\Tejas\Desktop\project\IDM\IDM BUILD_6\7z.exe a "C:\Users\Tejas\Desktop\IDMbackup.ibf" -mx0 "C:\Users\Tejas\AppData\Roaming\IDM\*"
2012-12-20 18:34:59 --> Added $TempPath = "C:\Users\Tejas\AppData\Roaming\IDM\" Error Code:Done
2012-12-20 18:34:59 --> Command Line: C:\Users\Tejas\Desktop\project\IDM\IDM BUILD_6\7z.exe a "C:\Users\Tejas\Desktop\IDMbackup.ibf" -mx0 "C:\Users\Tejas\AppData\Local\Temp\IDMregistry.reg"
2012-12-20 18:35:01 --> Added $reg_File = "C:\Users\Tejas\AppData\Local\Temp\IDMregistry.reg" Error Code:Done
2012-12-20 18:35:01 --> Command Line: C:\Users\Tejas\Desktop\project\IDM\IDM BUILD_6\7z.exe a "C:\Users\Tejas\Desktop\IDMbackup.ibf" -mx0 "C:\Users\Tejas\AppData\Local\Temp\idm_guest_Setting.ini"
2012-12-20 18:35:01 --> Added $ini_File = "C:\Users\Tejas\AppData\Local\Temp\idm_guest_Setting.ini" Error Code:Done
============================= Backup Session Ended =============================

============================= New Session Started at 2012-12-21 12:00:16 --> =============================

============================= System Information =============================
Module Name and Version: IDM Backup Manager0.9.5(Beta)
Module Path: C:\Users\Tejas\Desktop\project\IDM\IDM BUILD_6\IDM Backup Manager_2.au3
OS Type: WIN32_NT
OS Version: WIN_7
Service Package: Service Pack 1
Total Memory: 1302072
Available Memory: 843184

============================= Variable Assignment =============================
2012-12-21 12:00:17 --> Internet Download Manager Is Running Now...User Selected No
2012-12-21 12:00:19 --> $AppDataIDMFolder = "C:\Users\Tejas\AppData\Roaming\IDM\"  Error Code:0
2012-12-21 12:00:19 --> $TempPath = "C:\Users\Tejas\AppData\Roaming\IDM\"  Error Code:0
2012-12-21 12:00:19 --> Finilized Path $AppDataIDMFolder= "C:\Users\Tejas\AppData\Roaming\IDM\"
2012-12-21 12:00:19 --> Finilized Path $TempPath= "C:\Users\Tejas\AppData\Roaming\IDM\"
2012-12-21 12:00:20 --> Window Created: IDM Backup Manager0.9.5(Beta) With Error Code: 0

============================= New Session Started at 2012-12-21 12:01:40 --> =============================

============================= System Information =============================
Module Name and Version: IDM Backup Manager0.9.5(Beta)
Module Path: C:\Users\Tejas\Desktop\project\IDM\IDM BUILD_6\IDM Backup Manager_2.au3
OS Type: WIN32_NT
OS Version: WIN_7
Service Package: Service Pack 1
Total Memory: 1302072
Available Memory: 834472

============================= Variable Assignment =============================
2012-12-21 12:01:41 --> Internet Download Manager Is Running Now...User Selected No
2012-12-21 12:01:44 --> $AppDataIDMFolder = "C:\Users\Tejas\AppData\Roaming\IDM\"  Error Code:0
2012-12-21 12:01:44 --> $TempPath = "C:\Users\Tejas\AppData\Roaming\IDM\"  Error Code:0
2012-12-21 12:01:44 --> Finilized Path $AppDataIDMFolder= "C:\Users\Tejas\AppData\Roaming\IDM\"
2012-12-21 12:01:44 --> Finilized Path $TempPath= "C:\Users\Tejas\AppData\Roaming\IDM\"
2012-12-21 12:01:44 --> Window Created: IDM Backup Manager0.9.5(Beta) With Error Code: 0

============================= New Session Started at 2012-12-21 12:04:11 --> =============================

============================= System Information =============================
Module Name and Version: IDM Backup Manager0.9.5(Beta)
Module Path: C:\Users\Tejas\Desktop\project\IDM\IDM BUILD_6\IDM Backup Manager_2.exe
OS Type: WIN32_NT
OS Version: WIN_7
Service Package: Service Pack 1
Total Memory: 1302072
Available Memory: 837980

============================= Variable Assignment =============================
2012-12-21 12:04:12 --> Internet Download Manager Is Running Now...User Selected No
2012-12-21 12:04:12 --> $AppDataIDMFolder = "C:\Users\Tejas\AppData\Roaming\IDM\"  Error Code:0
2012-12-21 12:04:12 --> $TempPath = "C:\Users\Tejas\AppData\Roaming\IDM\"  Error Code:0
2012-12-21 12:04:12 --> Finilized Path $AppDataIDMFolder= "C:\Users\Tejas\AppData\Roaming\IDM\"
2012-12-21 12:04:12 --> Finilized Path $TempPath= "C:\Users\Tejas\AppData\Roaming\IDM\"
2012-12-21 12:04:13 --> Window Created: IDM Backup Manager0.9.5(Beta) With Error Code: 0

============================= New Session Started at 2012-12-21 12:06:20 --> =============================

============================= System Information =============================
Module Name and Version: IDM Backup Manager0.9.5(Beta)
Module Path: C:\Users\Tejas\Desktop\project\IDM\IDM BUILD_6\IDM Backup Manager_2.exe
OS Type: WIN32_NT
OS Version: WIN_7
Service Package: Service Pack 1
Total Memory: 1302072
Available Memory: 726000

============================= Variable Assignment =============================
2012-12-21 12:06:21 --> Internet Download Manager Is Running Now...User Selected No
2012-12-21 12:06:22 --> $AppDataIDMFolder = "C:\Users\Tejas\AppData\Roaming\IDM\"  Error Code:0
2012-12-21 12:06:22 --> $TempPath = "C:\Users\Tejas\AppData\Roaming\IDM\"  Error Code:0
2012-12-21 12:06:22 --> Finilized Path $AppDataIDMFolder= "C:\Users\Tejas\AppData\Roaming\IDM\"
2012-12-21 12:06:22 --> Finilized Path $TempPath= "C:\Users\Tejas\AppData\Roaming\IDM\"
2012-12-21 12:06:22 --> Window Created: IDM Backup Manager0.9.5(Beta) With Error Code: 0

============================= New Session Started at 2012-12-21 13:43:03 --> =============================

============================= System Information =============================
Module Name and Version: IDM Backup Manager0.9.5(Beta)
Module Path: C:\Users\Tejas\Desktop\project\IDM\IDM BUILD_6\IDM Backup Manager_2.au3
OS Type: WIN32_NT
OS Version: WIN_7
Service Package: Service Pack 1
Total Memory: 1302072
Available Memory: 643204

============================= Variable Assignment =============================
2012-12-21 13:43:04 --> Internet Download Manager Is Running Now...User Selected No
2012-12-21 13:43:04 --> $AppDataIDMFolder = "C:\Users\Tejas\AppData\Roaming\IDM\"  Error Code:0
2012-12-21 13:43:04 --> $TempPath = "C:\Users\Tejas\AppData\Roaming\IDM\"  Error Code:0
2012-12-21 13:43:04 --> Finilized Path $AppDataIDMFolder= "C:\Users\Tejas\AppData\Roaming\IDM\"
2012-12-21 13:43:04 --> Finilized Path $TempPath= "C:\Users\Tejas\AppData\Roaming\IDM\"
2012-12-21 13:43:05 --> Window Created: IDM Backup Manager0.9.5(Beta) With Error Code: 0

============================= Backup Session Started =============================
2012-12-21 13:43:17 --> Password= "False"
2012-12-21 13:43:17 --> $ini_File= "C:\Users\Tejas\AppData\Local\Temp\idm_guest_Setting.ini"
2012-12-21 13:43:17 --> $reg_File= "C:\Users\Tejas\AppData\Local\Temp\IDMregistry.reg"
2012-12-21 13:44:24 --> Registry Backup Successful Total Key = "1630"
2012-12-21 13:44:24 --> User Selected List Backup to  = "C:\Users\Tejas\Desktop\IDMbackup.ibf"
2012-12-21 13:44:24 --> Command Line: C:\Users\Tejas\Desktop\project\IDM\IDM BUILD_6\7z.exe a "C:\Users\Tejas\Desktop\IDMbackup.ibf" -mx0 "C:\Users\Tejas\AppData\Local\Temp\IDMregistry.reg"
2012-12-21 13:44:24 --> Added $reg_File = "C:\Users\Tejas\AppData\Local\Temp\IDMregistry.reg" Error Code:Done
2012-12-21 13:44:24 --> Command Line: C:\Users\Tejas\Desktop\project\IDM\IDM BUILD_6\7z.exe a "C:\Users\Tejas\Desktop\IDMbackup.ibf" -mx0 "C:\Users\Tejas\AppData\Local\Temp\idm_guest_Setting.ini"
2012-12-21 13:44:24 --> Added $ini_File = "C:\Users\Tejas\AppData\Local\Temp\idm_guest_Setting.ini" Error Code:Done
============================= Backup Session Ended =============================

============================= Backup Session Started =============================
2012-12-21 13:45:07 --> Password= "False"
2012-12-21 13:45:07 --> $ini_File= "C:\Users\Tejas\AppData\Local\Temp\idm_guest_Setting.ini"
2012-12-21 13:45:07 --> $reg_File= "C:\Users\Tejas\AppData\Local\Temp\IDMregistry.reg"
2012-12-21 13:46:12 --> Registry Backup Successful Total Key = "1630"
2012-12-21 13:46:12 --> User Selected List Backup to  = "C:\Users\Tejas\Desktop\IDMbackup.ibf"
2012-12-21 13:46:12 --> Command Line: C:\Users\Tejas\Desktop\project\IDM\IDM BUILD_6\7z.exe a "C:\Users\Tejas\Desktop\IDMbackup.ibf" -mx9 "C:\Users\Tejas\AppData\Local\Temp\IDMregistry.reg"
2012-12-21 13:46:15 --> Added $reg_File = "C:\Users\Tejas\AppData\Local\Temp\IDMregistry.reg" Error Code:Done
2012-12-21 13:46:15 --> Command Line: C:\Users\Tejas\Desktop\project\IDM\IDM BUILD_6\7z.exe a "C:\Users\Tejas\Desktop\IDMbackup.ibf" -mx9 "C:\Users\Tejas\AppData\Local\Temp\idm_guest_Setting.ini"
2012-12-21 13:46:15 --> Added $ini_File = "C:\Users\Tejas\AppData\Local\Temp\idm_guest_Setting.ini" Error Code:Done
============================= Backup Session Ended =============================

============================= New Session Started at 2012-12-21 14:07:01 --> =============================

============================= System Information =============================
Module Name and Version: IDM Backup Manager0.9.5(Beta)
Module Path: C:\Users\Tejas\Desktop\project\IDM\IDM BUILD_6\IDM Backup Manager_2.au3
OS Type: WIN32_NT
OS Version: WIN_7
Service Package: Service Pack 1
Total Memory: 1302072
Available Memory: 827012

============================= Variable Assignment =============================
2012-12-21 14:07:02 --> Internet Download Manager Is Running Now...User Selected No
2012-12-21 14:07:02 --> $AppDataIDMFolder = "C:\Users\Tejas\AppData\Roaming\IDM\"  Error Code:0
2012-12-21 14:07:02 --> $TempPath = "C:\Users\Tejas\AppData\Roaming\IDM\"  Error Code:0
2012-12-21 14:07:02 --> Finilized Path $AppDataIDMFolder= "C:\Users\Tejas\AppData\Roaming\IDM\"
2012-12-21 14:07:02 --> Finilized Path $TempPath= "C:\Users\Tejas\AppData\Roaming\IDM\"
2012-12-21 14:07:03 --> Window Created: IDM Backup Manager0.9.5(Beta) With Error Code: 0

============================= New Session Started at 2012-12-21 14:07:30 --> =============================

============================= System Information =============================
Module Name and Version: IDM Backup Manager0.9.5(Beta)
Module Path: C:\Users\Tejas\Desktop\project\IDM\IDM BUILD_6\IDM Backup Manager_2.au3
OS Type: WIN32_NT
OS Version: WIN_7
Service Package: Service Pack 1
Total Memory: 1302072
Available Memory: 828072

============================= Variable Assignment =============================
2012-12-21 14:07:31 --> Internet Download Manager Is Running Now...User Selected No
2012-12-21 14:07:31 --> $AppDataIDMFolder = "C:\Users\Tejas\AppData\Roaming\IDM\"  Error Code:0
2012-12-21 14:07:31 --> $TempPath = "C:\Users\Tejas\AppData\Roaming\IDM\"  Error Code:0
2012-12-21 14:07:31 --> Finilized Path $AppDataIDMFolder= "C:\Users\Tejas\AppData\Roaming\IDM\"
2012-12-21 14:07:31 --> Finilized Path $TempPath= "C:\Users\Tejas\AppData\Roaming\IDM\"
2012-12-21 14:07:32 --> Window Created: IDM Backup Manager0.9.5(Beta) With Error Code: 0

============================= New Session Started at 2012-12-21 14:17:12 --> =============================

============================= System Information =============================
Module Name and Version: IDM Backup Manager0.9.5(Beta)
Module Path: C:\Users\Tejas\Desktop\project\IDM\IDM BUILD_6\IDM Backup Manager_2.au3
OS Type: WIN32_NT
OS Version: WIN_7
Service Package: Service Pack 1
Total Memory: 1302072
Available Memory: 831824

============================= Variable Assignment =============================
7z.exe not found. Exiting....

============================= New Session Started at 2012-12-21 14:18:57 --> =============================

============================= System Information =============================
Module Name and Version: IDM Backup Manager0.9.5(Beta)
Module Path: C:\Users\Tejas\Desktop\project\IDM\IDM BUILD_6\IDM Backup Manager_2.au3
OS Type: WIN32_NT
OS Version: WIN_7
Service Package: Service Pack 1
Total Memory: 1302072
Available Memory: 830124

============================= Variable Assignment =============================
7z.dll not found. Exiting....

============================= New Session Started at 2012-12-21 14:30:29 --> =============================

============================= System Information =============================
Module Name and Version: IDM Backup Manager0.9.6(Beta)
Module Path: C:\Users\Tejas\Desktop\project\IDM\IDM BUILD_6\IDM Backup Manager.exe
OS Type: WIN32_NT
OS Version: WIN_7
Service Package: Service Pack 1
Total Memory: 1302072
Available Memory: 843992

============================= Variable Assignment =============================
2012-12-21 14:30:32 --> Internet Download Manager Is Running Now...User Selected No
2012-12-21 14:30:33 --> $AppDataIDMFolder = "C:\Users\Tejas\AppData\Roaming\IDM\"  Error Code:0
2012-12-21 14:30:33 --> $TempPath = "C:\Users\Tejas\AppData\Roaming\IDM\"  Error Code:0
2012-12-21 14:30:33 --> Finilized Path $AppDataIDMFolder= "C:\Users\Tejas\AppData\Roaming\IDM\"
2012-12-21 14:30:33 --> Finilized Path $TempPath= "C:\Users\Tejas\AppData\Roaming\IDM\"
2012-12-21 14:30:33 --> Window Created: IDM Backup Manager0.9.6(Beta) With Error Code: 0

============================= New Session Started at 2012-12-21 14:30:39 --> =============================

============================= System Information =============================
Module Name and Version: IDM Backup Manager0.9.6(Beta)
Module Path: C:\Users\Tejas\Desktop\project\IDM\IDM BUILD_6\IDM Backup Manager.exe
OS Type: WIN32_NT
OS Version: WIN_7
Service Package: Service Pack 1
Total Memory: 1302072
Available Memory: 845432

============================= Variable Assignment =============================
2012-12-21 14:30:40 --> Internet Download Manager Is Running Now...User Selected No
2012-12-21 14:30:41 --> $AppDataIDMFolder = "C:\Users\Tejas\AppData\Roaming\IDM\"  Error Code:0
2012-12-21 14:30:41 --> $TempPath = "C:\Users\Tejas\AppData\Roaming\IDM\"  Error Code:0
2012-12-21 14:30:41 --> Finilized Path $AppDataIDMFolder= "C:\Users\Tejas\AppData\Roaming\IDM\"
2012-12-21 14:30:41 --> Finilized Path $TempPath= "C:\Users\Tejas\AppData\Roaming\IDM\"
2012-12-21 14:30:41 --> Window Created: IDM Backup Manager0.9.6(Beta) With Error Code: 0

============================= Backup Session Started =============================

============================= Backup Session Started =============================
2012-12-21 14:32:57 --> Password= "False"
2012-12-21 14:32:57 --> $ini_File= "C:\Users\Tejas\AppData\Local\Temp\idm_guest_Setting.ini"
2012-12-21 14:32:57 --> $reg_File= "C:\Users\Tejas\AppData\Local\Temp\IDMregistry.reg"
2012-12-21 14:33:57 --> Registry Backup Successful Total Key = "1630"
2012-12-21 14:33:57 --> User Selected Custom Backup to  = "C:\Users\Tejas\Documents\IDM Backup Files\IDMbackup.ibf"
2012-12-21 14:33:57 --> Command Line: C:\Users\Tejas\Desktop\project\IDM\IDM BUILD_6\7z.exe a "C:\Users\Tejas\Documents\IDM Backup Files\IDMbackup.ibf" -mx0 "C:\Users\Tejas\AppData\Local\Temp\IDMregistry.reg"
2012-12-21 14:33:57 --> Added $reg_File = "C:\Users\Tejas\AppData\Local\Temp\IDMregistry.reg" Error Code:Done
2012-12-21 14:33:57 --> Command Line: C:\Users\Tejas\Desktop\project\IDM\IDM BUILD_6\7z.exe a "C:\Users\Tejas\Documents\IDM Backup Files\IDMbackup.ibf" -mx0 "C:\Users\Tejas\AppData\Roaming\IDM\Grabber\"
2012-12-21 14:33:57 --> Added $Grabber_Folder = "C:\Users\Tejas\AppData\Roaming\IDM\Grabber" Error Code:Done
2012-12-21 14:33:57 --> Command Line: C:\Users\Tejas\Desktop\project\IDM\IDM BUILD_6\7z.exe a "C:\Users\Tejas\Documents\IDM Backup Files\IDMbackup.ibf" -mx0 "C:\Users\Tejas\AppData\Roaming\IDM\GrabberData\"
2012-12-21 14:33:59 --> Added $GrabberData_Folder = "C:\Users\Tejas\AppData\Roaming\IDM\GrabberData" Error Code:Done
2012-12-21 14:33:59 --> Command Line: C:\Users\Tejas\Desktop\project\IDM\IDM BUILD_6\7z.exe a "C:\Users\Tejas\Documents\IDM Backup Files\IDMbackup.ibf" -mx0 "C:\Users\Tejas\AppData\Local\Temp\idm_guest_Setting.ini"
2012-12-21 14:33:59 --> Added $ini_File = "C:\Users\Tejas\AppData\Local\Temp\idm_guest_Setting.ini" Error Code:Done
============================= Backup Session Ended =============================

============================= New Session Started at 2012-12-21 14:45:25 --> =============================

============================= System Information =============================
Module Name and Version: IDM Backup Manager0.9.6(Beta)
Module Path: C:\Users\Tejas\Desktop\project\IDM\IDM BUILD_6\IDM Backup Manager.au3
OS Type: WIN32_NT
OS Version: WIN_7
Service Package: Service Pack 1
Total Memory: 1302072
Available Memory: 680556

============================= Variable Assignment =============================
2012-12-21 14:45:26 --> Internet Download Manager Is Running Now...User Selected No
2012-12-21 14:45:26 --> $AppDataIDMFolder = "C:\Users\Tejas\AppData\Roaming\IDM\"  Error Code:0
2012-12-21 14:45:26 --> $TempPath = "C:\Users\Tejas\AppData\Roaming\IDM\"  Error Code:0
2012-12-21 14:45:26 --> Finilized Path $AppDataIDMFolder= "C:\Users\Tejas\AppData\Roaming\IDM\"
2012-12-21 14:45:26 --> Finilized Path $TempPath= "C:\Users\Tejas\AppData\Roaming\IDM\"
2012-12-21 14:45:27 --> Window Created: IDM Backup Manager0.9.6(Beta) With Error Code: 0

============================= New Session Started at 2012-12-21 15:29:37 --> =============================

============================= System Information =============================
Module Name and Version: IDM Backup Manager0.9.6(Beta)
Module Path: C:\Users\Tejas\Desktop\project\IDM\IDM BUILD_6\IDM Backup Manager.exe
OS Type: WIN32_NT
OS Version: WIN_7
Service Package: Service Pack 1
Total Memory: 1302072
Available Memory: 747140

============================= Variable Assignment =============================
2012-12-21 15:29:41 --> Internet Download Manager Is Running Now...User Selected No
2012-12-21 15:29:42 --> $AppDataIDMFolder = "C:\Users\Tejas\AppData\Roaming\IDM\"  Error Code:0
2012-12-21 15:29:42 --> $TempPath = "C:\Users\Tejas\AppData\Roaming\IDM\"  Error Code:0
2012-12-21 15:29:42 --> Finilized Path $AppDataIDMFolder= "C:\Users\Tejas\AppData\Roaming\IDM\"
2012-12-21 15:29:42 --> Finilized Path $TempPath= "C:\Users\Tejas\AppData\Roaming\IDM\"
2012-12-21 15:29:43 --> Window Created: IDM Backup Manager0.9.6(Beta) With Error Code: 0

============================= Backup Session Started =============================
2012-12-21 15:30:17 --> Password= "True"
2012-12-21 15:30:17 --> $ini_File= "C:\Users\Tejas\AppData\Local\Temp\idm_guest_Setting.ini"
2012-12-21 15:30:17 --> $reg_File= "C:\Users\Tejas\AppData\Local\Temp\IDMregistry.reg"
2012-12-21 15:31:22 --> Registry Backup Successful Total Key = "1630"
2012-12-21 15:31:22 --> User Selected List Backup to  = "C:\Users\Tejas\Documents\IDM Backup Files\IDMbackup1.ibf"
2012-12-21 15:31:22 --> Command Line: C:\Users\Tejas\Desktop\project\IDM\IDM BUILD_6\7z.exe a "C:\Users\Tejas\Documents\IDM Backup Files\IDMbackup1.ibf" -mx9 -p"11" "C:\Users\Tejas\AppData\Local\Temp\IDMregistry.reg"
2012-12-21 15:31:26 --> Added $reg_File = "C:\Users\Tejas\AppData\Local\Temp\IDMregistry.reg" Error Code:Done
2012-12-21 15:31:26 --> Command Line: C:\Users\Tejas\Desktop\project\IDM\IDM BUILD_6\7z.exe a "C:\Users\Tejas\Documents\IDM Backup Files\IDMbackup1.ibf" -mx9 "C:\Users\Tejas\AppData\Local\Temp\idm_guest_Setting.ini"
2012-12-21 15:31:26 --> Added $ini_File = "C:\Users\Tejas\AppData\Local\Temp\idm_guest_Setting.ini" Error Code:Done
============================= Backup Session Ended =============================

============================= Backup Session Started =============================
2012-12-21 15:31:49 --> Password= "True"
2012-12-21 15:31:49 --> $ini_File= "C:\Users\Tejas\AppData\Local\Temp\idm_guest_Setting.ini"
2012-12-21 15:31:49 --> $reg_File= "C:\Users\Tejas\AppData\Local\Temp\IDMregistry.reg"
2012-12-21 15:32:58 --> Registry Backup Successful Total Key = "1630"
2012-12-21 15:32:58 --> User Selected Custom Backup to  = "C:\Users\Tejas\Documents\IDM Backup Files\IDMbackup3.ibf"
2012-12-21 15:32:58 --> Command Line: C:\Users\Tejas\Desktop\project\IDM\IDM BUILD_6\7z.exe a "C:\Users\Tejas\Documents\IDM Backup Files\IDMbackup3.ibf" -mx0 -p"11" "C:\Users\Tejas\AppData\Local\Temp\IDMregistry.reg"
2012-12-21 15:32:58 --> Added $reg_File = "C:\Users\Tejas\AppData\Local\Temp\IDMregistry.reg" Error Code:Done
2012-12-21 15:32:58 --> Command Line: C:\Users\Tejas\Desktop\project\IDM\IDM BUILD_6\7z.exe a "C:\Users\Tejas\Documents\IDM Backup Files\IDMbackup3.ibf" -mx0 -p"11" "C:\Users\Tejas\AppData\Roaming\IDM\Grabber\"
2012-12-21 15:32:59 --> Added $Grabber_Folder = "C:\Users\Tejas\AppData\Roaming\IDM\Grabber" Error Code:Done
2012-12-21 15:32:59 --> Command Line: C:\Users\Tejas\Desktop\project\IDM\IDM BUILD_6\7z.exe a "C:\Users\Tejas\Documents\IDM Backup Files\IDMbackup3.ibf" -mx0 -p"11" "C:\Users\Tejas\AppData\Roaming\IDM\GrabberData\"
2012-12-21 15:33:01 --> Added $GrabberData_Folder = "C:\Users\Tejas\AppData\Roaming\IDM\GrabberData" Error Code:Done
2012-12-21 15:33:01 --> Command Line: C:\Users\Tejas\Desktop\project\IDM\IDM BUILD_6\7z.exe a "C:\Users\Tejas\Documents\IDM Backup Files\IDMbackup3.ibf" -mx0 -p"11" "C:\Users\Tejas\AppData\Roaming\IDM\UrlHistory.txt"
2012-12-21 15:33:01 --> Added $UrlHistory_txt_File = "C:\Users\Tejas\AppData\Roaming\IDM\UrlHistory.txt" Error Code:Done
2012-12-21 15:33:01 --> Command Line: C:\Users\Tejas\Desktop\project\IDM\IDM BUILD_6\7z.exe a "C:\Users\Tejas\Documents\IDM Backup Files\IDMbackup3.ibf" -mx0 -p"11" "C:\Users\Tejas\AppData\Roaming\IDM\UrlHistory2.txt"
2012-12-21 15:33:02 --> Added $UrlHistory2_txt_File = "C:\Users\Tejas\AppData\Roaming\IDM\UrlHistory2.txt" Error Code:Done
2012-12-21 15:33:02 --> Command Line: C:\Users\Tejas\Desktop\project\IDM\IDM BUILD_6\7z.exe a "C:\Users\Tejas\Documents\IDM Backup Files\IDMbackup3.ibf" -mx0 -p"11" "C:\Users\Tejas\AppData\Roaming\IDM\GlobalErrors.log"
2012-12-21 15:33:02 --> Added $GlobalErrors_log_File = "C:\Users\Tejas\AppData\Roaming\IDM\GlobalErrors.log" Error Code:Done
2012-12-21 15:33:02 --> Command Line: C:\Users\Tejas\Desktop\project\IDM\IDM BUILD_6\7z.exe a "C:\Users\Tejas\Documents\IDM Backup Files\IDMbackup3.ibf" -mx0 -p"11" "C:\Users\Tejas\AppData\Roaming\IDM\urlexclist.dat"
2012-12-21 15:33:03 --> Added $urlexclist_dat_File = "C:\Users\Tejas\AppData\Roaming\IDM\urlexclist.dat" Error Code:Done
2012-12-21 15:33:03 --> Command Line: C:\Users\Tejas\Desktop\project\IDM\IDM BUILD_6\7z.exe a "C:\Users\Tejas\Documents\IDM Backup Files\IDMbackup3.ibf" -mx0 -p"11" "C:\Users\Tejas\AppData\Roaming\IDM\defextmap.dat"
2012-12-21 15:33:03 --> Added $defextmap_dat_File = "C:\Users\Tejas\AppData\Roaming\IDM\defextmap.dat" Error Code:Done
2012-12-21 15:33:03 --> Command Line: C:\Users\Tejas\Desktop\project\IDM\IDM BUILD_6\7z.exe a "C:\Users\Tejas\Documents\IDM Backup Files\IDMbackup3.ibf" -mx0 -p"11" "C:\Users\Tejas\AppData\Roaming\IDM\foldresHistory.txt"
2012-12-21 15:33:04 --> Added $foldresHistory_txt_File = "C:\Users\Tejas\AppData\Roaming\IDM\foldresHistory.txt" Error Code:Done
2012-12-21 15:33:04 --> Command Line: C:\Users\Tejas\Desktop\project\IDM\IDM BUILD_6\7z.exe a "C:\Users\Tejas\Documents\IDM Backup Files\IDMbackup3.ibf" -mx0 -p"11" "C:\Users\Tejas\AppData\Roaming\IDM\sts_list.dat"
2012-12-21 15:33:04 --> Added $sts_list_dat_File = "C:\Users\Tejas\AppData\Roaming\IDM\sts_list.dat" Error Code:Done
2012-12-21 15:33:04 --> Command Line: C:\Users\Tejas\Desktop\project\IDM\IDM BUILD_6\7z.exe a "C:\Users\Tejas\Documents\IDM Backup Files\IDMbackup3.ibf" -mx0 -p"11" "C:\Users\Tejas\AppData\Roaming\IDM\cnlurllist.dat"
2012-12-21 15:33:05 --> Added $cnlurllist_dat_File = "C:\Users\Tejas\AppData\Roaming\IDM\cnlurllist.dat" Error Code:Done
2012-12-21 15:33:05 --> Command Line: C:\Users\Tejas\Desktop\project\IDM\IDM BUILD_6\7z.exe a "C:\Users\Tejas\Documents\IDM Backup Files\IDMbackup3.ibf" -mx0 "C:\Users\Tejas\AppData\Local\Temp\idm_guest_Setting.ini"
2012-12-21 15:33:05 --> Added $ini_File = "C:\Users\Tejas\AppData\Local\Temp\idm_guest_Setting.ini" Error Code:Done
============================= Backup Session Ended =============================

============================= Backup Session Started =============================
2012-12-21 15:33:31 --> Password= "True"
2012-12-21 15:33:31 --> $ini_File= "C:\Users\Tejas\AppData\Local\Temp\idm_guest_Setting.ini"
2012-12-21 15:33:31 --> $reg_File= "C:\Users\Tejas\AppData\Local\Temp\IDMregistry.reg"
2012-12-21 15:34:35 --> Registry Backup Successful Total Key = "1630"
2012-12-21 15:34:35 --> User Selected Full Backup to  = "C:\Users\Tejas\Documents\IDM Backup Files\IDMbackup4.ibf"
2012-12-21 15:34:36 --> Command Line: C:\Users\Tejas\Desktop\project\IDM\IDM BUILD_6\7z.exe a "C:\Users\Tejas\Documents\IDM Backup Files\IDMbackup4.ibf" -mx5 -p"11" "C:\Users\Tejas\AppData\Roaming\IDM\*"
2012-12-21 15:35:13 --> Added $TempPath = "C:\Users\Tejas\AppData\Roaming\IDM\" Error Code:Done
2012-12-21 15:35:13 --> Command Line: C:\Users\Tejas\Desktop\project\IDM\IDM BUILD_6\7z.exe a "C:\Users\Tejas\Documents\IDM Backup Files\IDMbackup4.ibf" -mx5 -p"11" "C:\Users\Tejas\AppData\Local\Temp\IDMregistry.reg"
2012-12-21 15:35:19 --> Added $reg_File = "C:\Users\Tejas\AppData\Local\Temp\IDMregistry.reg" Error Code:Done
2012-12-21 15:35:19 --> Command Line: C:\Users\Tejas\Desktop\project\IDM\IDM BUILD_6\7z.exe a "C:\Users\Tejas\Documents\IDM Backup Files\IDMbackup4.ibf" -mx5 "C:\Users\Tejas\AppData\Local\Temp\idm_guest_Setting.ini"
2012-12-21 15:35:20 --> Added $ini_File = "C:\Users\Tejas\AppData\Local\Temp\idm_guest_Setting.ini" Error Code:Done
============================= Backup Session Ended =============================

============================= New Session Started at 2012-12-21 18:10:37 --> =============================

============================= System Information =============================
Module Name and Version: IDM Backup Manager0.9.6(Beta)
Module Path: C:\Users\Tejas\Desktop\project\IDM\IDM BUILD_6\IDM Backup Manager.au3
OS Type: WIN32_NT
OS Version: WIN_7
Service Package: Service Pack 1
Total Memory: 1302072
Available Memory: 717572

============================= Variable Assignment =============================
2012-12-21 18:10:40 --> Internet Download Manager Is Running Now...User Selected No
2012-12-21 18:10:40 --> $AppDataIDMFolder = "C:\Users\Tejas\AppData\Roaming\IDM\"  Error Code:0
2012-12-21 18:10:40 --> $TempPath = "C:\Users\Tejas\AppData\Roaming\IDM\"  Error Code:0
2012-12-21 18:10:40 --> Finilized Path $AppDataIDMFolder= "C:\Users\Tejas\AppData\Roaming\IDM\"
2012-12-21 18:10:40 --> Finilized Path $TempPath= "C:\Users\Tejas\AppData\Roaming\IDM\"
2012-12-21 18:10:41 --> Window Created: IDM Backup Manager0.9.6(Beta) With Error Code: 0

============================= New Session Started at 2012-12-21 18:14:48 --> =============================

============================= System Information =============================
Module Name and Version: IDM Backup Manager0.9.6(Beta)
Module Path: C:\Users\Tejas\Desktop\project\IDM\IDM BUILD_6\IDM Backup Manager.au3
OS Type: WIN32_NT
OS Version: WIN_7
Service Package: Service Pack 1
Total Memory: 1302072
Available Memory: 857780

============================= Variable Assignment =============================
2012-12-21 18:14:50 --> Internet Download Manager Is Running Now...User Selected No
2012-12-21 18:14:50 --> $AppDataIDMFolder = "C:\Users\Tejas\AppData\Roaming\IDM\"  Error Code:0
2012-12-21 18:14:50 --> $TempPath = "C:\Users\Tejas\AppData\Roaming\IDM\"  Error Code:0
2012-12-21 18:14:50 --> Finilized Path $AppDataIDMFolder= "C:\Users\Tejas\AppData\Roaming\IDM\"
2012-12-21 18:14:50 --> Finilized Path $TempPath= "C:\Users\Tejas\AppData\Roaming\IDM\"
2012-12-21 18:14:50 --> Window Created: IDM Backup Manager0.9.6(Beta) With Error Code: 0

============================= New Session Started at 2012-12-21 18:23:37 --> =============================

============================= System Information =============================
Module Name and Version: IDM Backup Manager0.9.6(Beta)
Module Path: C:\Users\Tejas\Desktop\project\IDM\IDM BUILD_6\IDM Backup Manager.au3
OS Type: WIN32_NT
OS Version: WIN_7
Service Package: Service Pack 1
Total Memory: 1302072
Available Memory: 857112

============================= Variable Assignment =============================
2012-12-21 18:23:38 --> Internet Download Manager Is Running Now...User Selected No
2012-12-21 18:23:46 --> $AppDataIDMFolder = "C:\Users\Tejas\AppData\Roaming\IDM\"  Error Code:0
2012-12-21 18:23:46 --> $TempPath = "C:\Users\Tejas\AppData\Roaming\IDM\"  Error Code:0
2012-12-21 18:23:46 --> Finilized Path $AppDataIDMFolder= "C:\Users\Tejas\AppData\Roaming\IDM\"
2012-12-21 18:23:46 --> Finilized Path $TempPath= "C:\Users\Tejas\AppData\Roaming\IDM\"
2012-12-21 18:23:46 --> Window Created: IDM Backup Manager0.9.6(Beta) With Error Code: 0

============================= New Session Started at 2012-12-21 18:23:50 --> =============================

============================= System Information =============================
Module Name and Version: IDM Backup Manager0.9.6(Beta)
Module Path: C:\Users\Tejas\Desktop\project\IDM\IDM BUILD_6\IDM Backup Manager.au3
OS Type: WIN32_NT
OS Version: WIN_7
Service Package: Service Pack 1
Total Memory: 1302072
Available Memory: 855728

============================= Variable Assignment =============================
2012-12-21 18:23:53 --> Internet Download Manager Is Running Now...User Selected No
2012-12-21 18:23:59 --> $AppDataIDMFolder = "C:\Users\Tejas\AppData\Roaming\IDM\"  Error Code:0
2012-12-21 18:23:59 --> $TempPath = "C:\Users\Tejas\AppData\Roaming\IDM\"  Error Code:0
2012-12-21 18:23:59 --> Finilized Path $AppDataIDMFolder= "C:\Users\Tejas\AppData\Roaming\IDM\"
2012-12-21 18:23:59 --> Finilized Path $TempPath= "C:\Users\Tejas\AppData\Roaming\IDM\"
2012-12-21 18:23:59 --> Window Created: IDM Backup Manager0.9.6(Beta) With Error Code: 0

============================= New Session Started at 2012-12-21 21:04:43 --> =============================

============================= System Information =============================
Module Name and Version: IDM Backup Manager0.9.6(Beta)
Module Path: C:\Users\Tejas\Desktop\project\IDM\IDM BUILD_6\IDM Backup Manager.exe
OS Type: WIN32_NT
OS Version: WIN_7
Service Package: Service Pack 1
Total Memory: 1302072
Available Memory: 712944

============================= Variable Assignment =============================
2012-12-21 21:04:44 --> Internet Download Manager Is Running Now...User Selected No
2012-12-21 21:04:44 --> $AppDataIDMFolder = "C:\Users\Tejas\AppData\Roaming\IDM\"  Error Code:0
2012-12-21 21:04:44 --> $TempPath = "C:\Users\Tejas\AppData\Roaming\IDM\"  Error Code:0
2012-12-21 21:04:44 --> Finilized Path $AppDataIDMFolder= "C:\Users\Tejas\AppData\Roaming\IDM\"
2012-12-21 21:04:44 --> Finilized Path $TempPath= "C:\Users\Tejas\AppData\Roaming\IDM\"
2012-12-21 21:04:45 --> Window Created: IDM Backup Manager0.9.6(Beta) With Error Code: 0

============================= New Session Started at 2012-12-22 11:45:40 --> =============================

============================= System Information =============================
Module Name and Version: IDM Backup Manager0.9.6(Beta)
Module Path: C:\Users\Tejas\Desktop\project\IDM\IDM BUILD_6\IDM Backup Manager.au3
OS Type: WIN32_NT
OS Version: WIN_7
Service Package: Service Pack 1
Total Memory: 1302072
Available Memory: 521892

============================= Variable Assignment =============================
2012-12-22 11:45:41 --> Internet Download Manager Is Running Now...User Selected No
2012-12-22 11:45:42 --> $AppDataIDMFolder = "C:\Users\Tejas\AppData\Roaming\IDM\"  Error Code:0
2012-12-22 11:45:42 --> $TempPath = "C:\Users\Tejas\AppData\Roaming\IDM\"  Error Code:0
2012-12-22 11:45:42 --> Finilized Path $AppDataIDMFolder= "C:\Users\Tejas\AppData\Roaming\IDM\"
2012-12-22 11:45:42 --> Finilized Path $TempPath= "C:\Users\Tejas\AppData\Roaming\IDM\"
2012-12-22 11:45:43 --> Window Created: IDM Backup Manager0.9.6(Beta) With Error Code: 0

============================= New Session Started at 2012-12-22 11:46:55 --> =============================

============================= System Information =============================
Module Name and Version: IDM Backup Manager0.9.6(Beta)
Module Path: C:\Users\Tejas\Desktop\project\IDM\IDM BUILD_6\IDM Backup Manager.exe
OS Type: WIN32_NT
OS Version: WIN_7
Service Package: Service Pack 1
Total Memory: 1302072
Available Memory: 544836

============================= Variable Assignment =============================
2012-12-22 11:46:57 --> Internet Download Manager Is Running Now...User Selected No
2012-12-22 11:46:59 --> $AppDataIDMFolder = "C:\Users\Tejas\AppData\Roaming\IDM\"  Error Code:0
2012-12-22 11:46:59 --> $TempPath = "C:\Users\Tejas\AppData\Roaming\IDM\"  Error Code:0
2012-12-22 11:46:59 --> Finilized Path $AppDataIDMFolder= "C:\Users\Tejas\AppData\Roaming\IDM\"
2012-12-22 11:46:59 --> Finilized Path $TempPath= "C:\Users\Tejas\AppData\Roaming\IDM\"
2012-12-22 11:46:59 --> Window Created: IDM Backup Manager0.9.6(Beta) With Error Code: 0
Wrong Command Line.

============================= New Session Started at 2012-12-22 11:47:41 --> =============================

============================= System Information =============================
Module Name and Version: IDM Backup Manager0.9.6(Beta)
Module Path: C:\Users\Tejas\Desktop\project\IDM\IDM BUILD_6\IDM Backup Manager.exe
OS Type: WIN32_NT
OS Version: WIN_7
Service Package: Service Pack 1
Total Memory: 1302072
Available Memory: 519080

============================= Variable Assignment =============================
2012-12-22 11:47:42 --> Internet Download Manager Is Running Now...User Selected No
2012-12-22 11:47:43 --> $AppDataIDMFolder = "C:\Users\Tejas\AppData\Roaming\IDM\"  Error Code:0
2012-12-22 11:47:43 --> $TempPath = "C:\Users\Tejas\AppData\Roaming\IDM\"  Error Code:0
2012-12-22 11:47:43 --> Finilized Path $AppDataIDMFolder= "C:\Users\Tejas\AppData\Roaming\IDM\"
2012-12-22 11:47:43 --> Finilized Path $TempPath= "C:\Users\Tejas\AppData\Roaming\IDM\"
2012-12-22 11:47:43 --> Window Created: IDM Backup Manager0.9.6(Beta) With Error Code: 0
Wrong Command Line.

============================= New Session Started at 2012-12-22 11:49:23 --> =============================

============================= System Information =============================
Module Name and Version: IDM Backup Manager0.9.6(Beta)
Module Path: C:\Users\Tejas\Desktop\project\IDM\IDM BUILD_6\IDM Backup Manager.au3
OS Type: WIN32_NT
OS Version: WIN_7
Service Package: Service Pack 1
Total Memory: 1302072
Available Memory: 506292

============================= Variable Assignment =============================
2012-12-22 11:49:25 --> Internet Download Manager Is Running Now...User Selected No
2012-12-22 11:49:25 --> $AppDataIDMFolder = "C:\Users\Tejas\AppData\Roaming\IDM\"  Error Code:0
2012-12-22 11:49:25 --> $TempPath = "C:\Users\Tejas\AppData\Roaming\IDM\"  Error Code:0
2012-12-22 11:49:25 --> Finilized Path $AppDataIDMFolder= "C:\Users\Tejas\AppData\Roaming\IDM\"
2012-12-22 11:49:25 --> Finilized Path $TempPath= "C:\Users\Tejas\AppData\Roaming\IDM\"
2012-12-22 11:49:26 --> Window Created: IDM Backup Manager0.9.6(Beta) With Error Code: 0

============================= New Session Started at 2012-12-22 11:50:35 --> =============================

============================= System Information =============================
Module Name and Version: IDM Backup Manager0.9.6(Beta)
Module Path: C:\Users\Tejas\Desktop\project\IDM\IDM BUILD_6\IDM Backup Manager.exe
OS Type: WIN32_NT
OS Version: WIN_7
Service Package: Service Pack 1
Total Memory: 1302072
Available Memory: 527776

============================= Variable Assignment =============================
2012-12-22 11:50:35 --> Internet Download Manager Is Running Now...User Selected No
2012-12-22 11:50:36 --> $AppDataIDMFolder = "C:\Users\Tejas\AppData\Roaming\IDM\"  Error Code:0
2012-12-22 11:50:36 --> $TempPath = "C:\Users\Tejas\AppData\Roaming\IDM\"  Error Code:0
2012-12-22 11:50:36 --> Finilized Path $AppDataIDMFolder= "C:\Users\Tejas\AppData\Roaming\IDM\"
2012-12-22 11:50:36 --> Finilized Path $TempPath= "C:\Users\Tejas\AppData\Roaming\IDM\"
2012-12-22 11:50:36 --> Window Created: IDM Backup Manager0.9.6(Beta) With Error Code: 0
Wrong Command Line.

============================= New Session Started at 2012-12-22 15:24:00 --> =============================

============================= System Information =============================
Module Name and Version: IDM Backup Manager0.9.6(Beta)
Module Path: C:\Users\Tejas\Desktop\project\IDM\IDM BUILD_6\IDM Backup Manager.au3
OS Type: WIN32_NT
OS Version: WIN_7
Service Package: Service Pack 1
Total Memory: 1302072
Available Memory: 621432

============================= Variable Assignment =============================
2012-12-22 15:24:01 --> Internet Download Manager Is Running Now...User Selected No
2012-12-22 15:24:01 --> $AppDataIDMFolder = "C:\Users\Tejas\AppData\Roaming\IDM\"  Error Code:0
2012-12-22 15:24:01 --> $TempPath = "C:\Users\Tejas\AppData\Roaming\IDM\"  Error Code:0
2012-12-22 15:24:01 --> Finilized Path $AppDataIDMFolder= "C:\Users\Tejas\AppData\Roaming\IDM\"
2012-12-22 15:24:01 --> Finilized Path $TempPath= "C:\Users\Tejas\AppData\Roaming\IDM\"
2012-12-22 15:24:02 --> Window Created: IDM Backup Manager0.9.6(Beta) With Error Code: 0

============================= New Session Started at 2012-12-22 15:25:56 --> =============================

============================= System Information =============================
Module Name and Version: IDM Backup Manager0.9.6(Beta)
Module Path: C:\Users\Tejas\Desktop\project\IDM\IDM BUILD_6\IDM Backup Manager.au3
OS Type: WIN32_NT
OS Version: WIN_7
Service Package: Service Pack 1
Total Memory: 1302072
Available Memory: 634544

============================= Variable Assignment =============================
2012-12-22 15:25:57 --> Internet Download Manager Is Running Now...User Selected No
2012-12-22 15:25:57 --> $AppDataIDMFolder = "C:\Users\Tejas\AppData\Roaming\IDM\"  Error Code:0
2012-12-22 15:25:57 --> $TempPath = "C:\Users\Tejas\AppData\Roaming\IDM\"  Error Code:0
2012-12-22 15:25:57 --> Finilized Path $AppDataIDMFolder= "C:\Users\Tejas\AppData\Roaming\IDM\"
2012-12-22 15:25:57 --> Finilized Path $TempPath= "C:\Users\Tejas\AppData\Roaming\IDM\"
2012-12-22 15:25:58 --> Window Created: IDM Backup Manager0.9.6(Beta) With Error Code: 0

============================= New Session Started at 2012-12-22 15:26:27 --> =============================

============================= System Information =============================
Module Name and Version: IDM Backup Manager0.9.6(Beta)
Module Path: C:\Users\Tejas\Desktop\project\IDM\IDM BUILD_6\IDM Backup Manager.au3
OS Type: WIN32_NT
OS Version: WIN_7
Service Package: Service Pack 1
Total Memory: 1302072
Available Memory: 637616

============================= Variable Assignment =============================
2012-12-22 15:26:28 --> Internet Download Manager Is Running Now...User Selected No
2012-12-22 15:26:30 --> $AppDataIDMFolder = "C:\Users\Tejas\AppData\Roaming\IDM\"  Error Code:0
2012-12-22 15:26:30 --> $TempPath = "C:\Users\Tejas\AppData\Roaming\IDM\"  Error Code:0
2012-12-22 15:26:30 --> Finilized Path $AppDataIDMFolder= "C:\Users\Tejas\AppData\Roaming\IDM\"
2012-12-22 15:26:30 --> Finilized Path $TempPath= "C:\Users\Tejas\AppData\Roaming\IDM\"
2012-12-22 15:26:30 --> Window Created: IDM Backup Manager0.9.6(Beta) With Error Code: 0

============================= New Session Started at 2012-12-22 15:28:42 --> =============================

============================= System Information =============================
Module Name and Version: IDM Backup Manager0.9.6(Beta)
Module Path: C:\Users\Tejas\Desktop\project\IDM\IDM BUILD_6\IDM Backup Manager.au3
OS Type: WIN32_NT
OS Version: WIN_7
Service Package: Service Pack 1
Total Memory: 1302072
Available Memory: 617820

============================= Variable Assignment =============================
2012-12-22 15:28:43 --> Internet Download Manager Is Running Now...User Selected No
2012-12-22 15:28:43 --> $AppDataIDMFolder = "C:\Users\Tejas\AppData\Roaming\IDM\"  Error Code:0
2012-12-22 15:28:43 --> $TempPath = "C:\Users\Tejas\AppData\Roaming\IDM\"  Error Code:0
2012-12-22 15:28:43 --> Finilized Path $AppDataIDMFolder= "C:\Users\Tejas\AppData\Roaming\IDM\"
2012-12-22 15:28:43 --> Finilized Path $TempPath= "C:\Users\Tejas\AppData\Roaming\IDM\"
2012-12-22 15:28:44 --> Window Created: IDM Backup Manager0.9.6(Beta) With Error Code: 0

============================= New Session Started at 2012-12-22 15:29:43 --> =============================

============================= System Information =============================
Module Name and Version: IDM Backup Manager0.9.6(Beta)
Module Path: C:\Users\Tejas\Desktop\project\IDM\IDM BUILD_6\IDM Backup Manager.au3
OS Type: WIN32_NT
OS Version: WIN_7
Service Package: Service Pack 1
Total Memory: 1302072
Available Memory: 612636

============================= Variable Assignment =============================
2012-12-22 15:29:44 --> Internet Download Manager Is Running Now...User Selected No
2012-12-22 15:29:44 --> $AppDataIDMFolder = "C:\Users\Tejas\AppData\Roaming\IDM\"  Error Code:0
2012-12-22 15:29:44 --> $TempPath = "C:\Users\Tejas\AppData\Roaming\IDM\"  Error Code:0
2012-12-22 15:29:44 --> Finilized Path $AppDataIDMFolder= "C:\Users\Tejas\AppData\Roaming\IDM\"
2012-12-22 15:29:44 --> Finilized Path $TempPath= "C:\Users\Tejas\AppData\Roaming\IDM\"
2012-12-22 15:29:45 --> Window Created: IDM Backup Manager0.9.6(Beta) With Error Code: 0

============================= New Session Started at 2012-12-22 15:31:56 --> =============================

============================= System Information =============================
Module Name and Version: IDM Backup Manager0.9.6(Beta)
Module Path: C:\Users\Tejas\Desktop\project\IDM\IDM BUILD_6\IDM Backup Manager.au3
OS Type: WIN32_NT
OS Version: WIN_7
Service Package: Service Pack 1
Total Memory: 1302072
Available Memory: 613688

============================= Variable Assignment =============================
2012-12-22 15:31:57 --> Internet Download Manager Is Running Now...User Selected No
2012-12-22 15:31:58 --> $AppDataIDMFolder = "C:\Users\Tejas\AppData\Roaming\IDM\"  Error Code:0
2012-12-22 15:31:58 --> $TempPath = "C:\Users\Tejas\AppData\Roaming\IDM\"  Error Code:0
2012-12-22 15:31:58 --> Finilized Path $AppDataIDMFolder= "C:\Users\Tejas\AppData\Roaming\IDM\"
2012-12-22 15:31:58 --> Finilized Path $TempPath= "C:\Users\Tejas\AppData\Roaming\IDM\"
2012-12-22 15:31:58 --> Window Created: IDM Backup Manager0.9.6(Beta) With Error Code: 0

============================= New Session Started at 2012-12-22 15:32:42 --> =============================

============================= System Information =============================
Module Name and Version: IDM Backup Manager0.9.6(Beta)
Module Path: C:\Users\Tejas\Desktop\project\IDM\IDM BUILD_6\IDM Backup Manager.au3
OS Type: WIN32_NT
OS Version: WIN_7
Service Package: Service Pack 1
Total Memory: 1302072
Available Memory: 617040

============================= Variable Assignment =============================
2012-12-22 15:32:42 --> Internet Download Manager Is Running Now...User Selected No
2012-12-22 15:32:43 --> $AppDataIDMFolder = "C:\Users\Tejas\AppData\Roaming\IDM\"  Error Code:0
2012-12-22 15:32:43 --> $TempPath = "C:\Users\Tejas\AppData\Roaming\IDM\"  Error Code:0
2012-12-22 15:32:43 --> Finilized Path $AppDataIDMFolder= "C:\Users\Tejas\AppData\Roaming\IDM\"
2012-12-22 15:32:43 --> Finilized Path $TempPath= "C:\Users\Tejas\AppData\Roaming\IDM\"
2012-12-22 15:32:43 --> Window Created: IDM Backup Manager0.9.6(Beta) With Error Code: 0

============================= New Session Started at 2012-12-22 15:49:51 --> =============================

============================= System Information =============================
Module Name and Version: IDM Backup Manager0.9.6(Beta)
Module Path: C:\Users\Tejas\Desktop\project\IDM\IDM BUILD_6\IDM Backup Manager.au3
OS Type: WIN32_NT
OS Version: WIN_7
Service Package: Service Pack 1
Total Memory: 1302072
Available Memory: 826276

============================= Variable Assignment =============================
2012-12-22 15:49:52 --> Internet Download Manager Is Running Now...User Selected No
2012-12-22 15:49:52 --> $AppDataIDMFolder = "C:\Users\Tejas\AppData\Roaming\IDM\"  Error Code:0
2012-12-22 15:49:52 --> $TempPath = "C:\Users\Tejas\AppData\Roaming\IDM\"  Error Code:0
2012-12-22 15:49:52 --> Finilized Path $AppDataIDMFolder= "C:\Users\Tejas\AppData\Roaming\IDM\"
2012-12-22 15:49:52 --> Finilized Path $TempPath= "C:\Users\Tejas\AppData\Roaming\IDM\"
2012-12-22 15:49:53 --> Window Created: IDM Backup Manager0.9.6(Beta) With Error Code: 0

============================= New Session Started at 2012-12-22 15:51:49 --> =============================

============================= System Information =============================
Module Name and Version: IDM Backup Manager0.9.6(Beta)
Module Path: C:\Users\Tejas\Desktop\project\IDM\IDM BUILD_6\IDM Backup Manager.au3
OS Type: WIN32_NT
OS Version: WIN_7
Service Package: Service Pack 1
Total Memory: 1302072
Available Memory: 815620

============================= Variable Assignment =============================
2012-12-22 15:51:50 --> Internet Download Manager Is Running Now...User Selected No
2012-12-22 15:51:51 --> $AppDataIDMFolder = "C:\Users\Tejas\AppData\Roaming\IDM\"  Error Code:0
2012-12-22 15:51:51 --> $TempPath = "C:\Users\Tejas\AppData\Roaming\IDM\"  Error Code:0
2012-12-22 15:51:51 --> Finilized Path $AppDataIDMFolder= "C:\Users\Tejas\AppData\Roaming\IDM\"
2012-12-22 15:51:51 --> Finilized Path $TempPath= "C:\Users\Tejas\AppData\Roaming\IDM\"
2012-12-22 15:51:51 --> Window Created: IDM Backup Manager0.9.6(Beta) With Error Code: 0

============================= New Session Started at 2012-12-22 15:52:17 --> =============================

============================= System Information =============================
Module Name and Version: IDM Backup Manager0.9.6(Beta)
Module Path: C:\Users\Tejas\Desktop\project\IDM\IDM BUILD_6\IDM Backup Manager.au3
OS Type: WIN32_NT
OS Version: WIN_7
Service Package: Service Pack 1
Total Memory: 1302072
Available Memory: 818900

============================= Variable Assignment =============================
2012-12-22 15:52:18 --> Internet Download Manager Is Running Now...User Selected No
2012-12-22 15:52:18 --> $AppDataIDMFolder = "C:\Users\Tejas\AppData\Roaming\IDM\"  Error Code:0
2012-12-22 15:52:18 --> $TempPath = "C:\Users\Tejas\AppData\Roaming\IDM\"  Error Code:0
2012-12-22 15:52:18 --> Finilized Path $AppDataIDMFolder= "C:\Users\Tejas\AppData\Roaming\IDM\"
2012-12-22 15:52:18 --> Finilized Path $TempPath= "C:\Users\Tejas\AppData\Roaming\IDM\"
2012-12-22 15:52:19 --> Window Created: IDM Backup Manager0.9.6(Beta) With Error Code: 0

============================= New Session Started at 2012-12-22 15:53:34 --> =============================

============================= System Information =============================
Module Name and Version: IDM Backup Manager0.9.6(Beta)
Module Path: C:\Users\Tejas\Desktop\project\IDM\IDM BUILD_6\IDM Backup Manager.au3
OS Type: WIN32_NT
OS Version: WIN_7
Service Package: Service Pack 1
Total Memory: 1302072
Available Memory: 828348

============================= Variable Assignment =============================
2012-12-22 15:53:35 --> Internet Download Manager Is Running Now...User Selected No
2012-12-22 15:53:35 --> $AppDataIDMFolder = "C:\Users\Tejas\AppData\Roaming\IDM\"  Error Code:0
2012-12-22 15:53:35 --> $TempPath = "C:\Users\Tejas\AppData\Roaming\IDM\"  Error Code:0
2012-12-22 15:53:35 --> Finilized Path $AppDataIDMFolder= "C:\Users\Tejas\AppData\Roaming\IDM\"
2012-12-22 15:53:35 --> Finilized Path $TempPath= "C:\Users\Tejas\AppData\Roaming\IDM\"
2012-12-22 15:53:35 --> Window Created: IDM Backup Manager0.9.6(Beta) With Error Code: 0

============================= New Session Started at 2012-12-22 15:55:57 --> =============================

============================= System Information =============================
Module Name and Version: IDM Backup Manager0.9.6(Beta)
Module Path: C:\Users\Tejas\Desktop\project\IDM\IDM BUILD_6\IDM Backup Manager.au3
OS Type: WIN32_NT
OS Version: WIN_7
Service Package: Service Pack 1
Total Memory: 1302072
Available Memory: 827920

============================= Variable Assignment =============================
2012-12-22 15:55:59 --> Internet Download Manager Is Running Now...User Selected No
2012-12-22 15:55:59 --> $AppDataIDMFolder = "C:\Users\Tejas\AppData\Roaming\IDM\"  Error Code:0
2012-12-22 15:55:59 --> $TempPath = "C:\Users\Tejas\AppData\Roaming\IDM\"  Error Code:0
2012-12-22 15:55:59 --> Finilized Path $AppDataIDMFolder= "C:\Users\Tejas\AppData\Roaming\IDM\"
2012-12-22 15:55:59 --> Finilized Path $TempPath= "C:\Users\Tejas\AppData\Roaming\IDM\"
2012-12-22 15:55:59 --> Window Created: IDM Backup Manager0.9.6(Beta) With Error Code: 0

============================= New Session Started at 2012-12-22 21:45:09 --> =============================

============================= System Information =============================
Module Name and Version: IDM Backup Manager0.9.6(Beta)
Module Path: C:\Users\Tejas\Desktop\project\IDM\IDM BUILD_6\IDM Backup Manager.au3
OS Type: WIN32_NT
OS Version: WIN_7
Service Package: Service Pack 1
Total Memory: 1302072
Available Memory: 842848

============================= Variable Assignment =============================
2012-12-22 21:45:11 --> Internet Download Manager Is Running Now...User Selected No
2012-12-22 21:45:11 --> $AppDataIDMFolder = "C:\Users\Tejas\AppData\Roaming\IDM\"  Error Code:0
2012-12-22 21:45:11 --> $TempPath = "C:\Users\Tejas\AppData\Roaming\IDM\"  Error Code:0
2012-12-22 21:45:11 --> Finilized Path $AppDataIDMFolder= "C:\Users\Tejas\AppData\Roaming\IDM\"
2012-12-22 21:45:11 --> Finilized Path $TempPath= "C:\Users\Tejas\AppData\Roaming\IDM\"
2012-12-22 21:45:11 --> Window Created: IDM Backup Manager0.9.6(Beta) With Error Code: 0

============================= New Session Started at 2012-12-22 21:48:15 --> =============================

============================= System Information =============================
Module Name and Version: IDM Backup Manager0.9.6(Beta)
Module Path: C:\Users\Tejas\Desktop\project\IDM\IDM BUILD_6\IDM Backup Manager.au3
OS Type: WIN32_NT
OS Version: WIN_7
Service Package: Service Pack 1
Total Memory: 1302072
Available Memory: 834340

============================= Variable Assignment =============================
2012-12-22 21:48:16 --> Internet Download Manager Is Running Now...User Selected No
2012-12-22 21:48:16 --> $AppDataIDMFolder = "C:\Users\Tejas\AppData\Roaming\IDM\"  Error Code:0
2012-12-22 21:48:16 --> $TempPath = "C:\Users\Tejas\AppData\Roaming\IDM\"  Error Code:0
2012-12-22 21:48:16 --> Finilized Path $AppDataIDMFolder= "C:\Users\Tejas\AppData\Roaming\IDM\"
2012-12-22 21:48:16 --> Finilized Path $TempPath= "C:\Users\Tejas\AppData\Roaming\IDM\"
2012-12-22 21:48:17 --> Window Created: IDM Backup Manager0.9.6(Beta) With Error Code: 0

============================= New Session Started at 2012-12-22 21:51:40 --> =============================

============================= System Information =============================
Module Name and Version: IDM Backup Manager0.9.6(Beta)
Module Path: C:\Users\Tejas\Desktop\project\IDM\IDM BUILD_6\IDM Backup Manager.au3
OS Type: WIN32_NT
OS Version: WIN_7
Service Package: Service Pack 1
Total Memory: 1302072
Available Memory: 837256

============================= Variable Assignment =============================
2012-12-22 21:51:41 --> Internet Download Manager Is Running Now...User Selected No
2012-12-22 21:51:41 --> $AppDataIDMFolder = "C:\Users\Tejas\AppData\Roaming\IDM\"  Error Code:0
2012-12-22 21:51:41 --> $TempPath = "C:\Users\Tejas\AppData\Roaming\IDM\"  Error Code:0
2012-12-22 21:51:41 --> Finilized Path $AppDataIDMFolder= "C:\Users\Tejas\AppData\Roaming\IDM\"
2012-12-22 21:51:41 --> Finilized Path $TempPath= "C:\Users\Tejas\AppData\Roaming\IDM\"
2012-12-22 21:51:41 --> Window Created: IDM Backup Manager0.9.6(Beta) With Error Code: 0

============================= New Session Started at 2012-12-22 21:57:48 --> =============================

============================= System Information =============================
Module Name and Version: IDM Backup Manager0.9.6(Beta)
Module Path: C:\Users\Tejas\Desktop\project\IDM\IDM BUILD_6\IDM Backup Manager.au3
OS Type: WIN32_NT
OS Version: WIN_7
Service Package: Service Pack 1
Total Memory: 1302072
Available Memory: 734088

============================= Variable Assignment =============================
2012-12-22 21:57:49 --> Internet Download Manager Is Running Now...User Selected No
2012-12-22 21:57:49 --> $AppDataIDMFolder = "C:\Users\Tejas\AppData\Roaming\IDM\"  Error Code:0
2012-12-22 21:57:49 --> $TempPath = "C:\Users\Tejas\AppData\Roaming\IDM\"  Error Code:0
2012-12-22 21:57:49 --> Finilized Path $AppDataIDMFolder= "C:\Users\Tejas\AppData\Roaming\IDM\"
2012-12-22 21:57:49 --> Finilized Path $TempPath= "C:\Users\Tejas\AppData\Roaming\IDM\"
2012-12-22 21:57:50 --> Window Created: IDM Backup Manager0.9.6(Beta) With Error Code: 0

============================= New Session Started at 2012-12-23 21:26:22 --> =============================

============================= System Information =============================
Module Name and Version: IDM Backup Manager0.9.6(Beta)
Module Path: C:\Users\Tejas\Desktop\project\IDM\IDM BUILD_6\IDM Backup Manager.exe
OS Type: WIN32_NT
OS Version: WIN_7
Service Package: Service Pack 1
Total Memory: 1302072
Available Memory: 567460

============================= Variable Assignment =============================
2012-12-23 21:26:24 --> Internet Download Manager Is Running Now...User Selected No
2012-12-23 21:26:24 --> $AppDataIDMFolder = "C:\Users\Tejas\AppData\Roaming\IDM\"  Error Code:0
2012-12-23 21:26:24 --> $TempPath = "C:\Users\Tejas\AppData\Roaming\IDM\"  Error Code:0
2012-12-23 21:26:24 --> Finilized Path $AppDataIDMFolder= "C:\Users\Tejas\AppData\Roaming\IDM\"
2012-12-23 21:26:24 --> Finilized Path $TempPath= "C:\Users\Tejas\AppData\Roaming\IDM\"
2012-12-23 21:26:24 --> Window Created: IDM Backup Manager0.9.6(Beta) With Error Code: 0

============================= New Session Started at 2012-12-23 21:29:15 --> =============================

============================= System Information =============================
Module Name and Version: IDM Backup Manager0.9.6(Beta)
Module Path: C:\Users\Tejas\Desktop\project\IDM\IDM BUILD_6\IDM Backup Manager.exe
OS Type: WIN32_NT
OS Version: WIN_7
Service Package: Service Pack 1
Total Memory: 1302072
Available Memory: 561376

============================= Variable Assignment =============================
2012-12-23 21:29:16 --> Internet Download Manager Is Running Now...User Selected No
2012-12-23 21:29:16 --> $AppDataIDMFolder = "C:\Users\Tejas\AppData\Roaming\IDM\"  Error Code:0
2012-12-23 21:29:16 --> $TempPath = "C:\Users\Tejas\AppData\Roaming\IDM\"  Error Code:0
2012-12-23 21:29:16 --> Finilized Path $AppDataIDMFolder= "C:\Users\Tejas\AppData\Roaming\IDM\"
2012-12-23 21:29:16 --> Finilized Path $TempPath= "C:\Users\Tejas\AppData\Roaming\IDM\"
2012-12-23 21:29:16 --> Window Created: IDM Backup Manager0.9.6(Beta) With Error Code: 0

============================= New Session Started at 2012-12-23 21:37:30 --> =============================

============================= System Information =============================
Module Name and Version: IDM Backup Manager0.9.6(Beta)
Module Path: C:\Users\Tejas\Desktop\project\IDM\IDM BUILD_6\IDM Backup Manager.au3
OS Type: WIN32_NT
OS Version: WIN_7
Service Package: Service Pack 1
Total Memory: 1302072
Available Memory: 564048

============================= Variable Assignment =============================
2012-12-23 21:37:31 --> Internet Download Manager Is Running Now...User Selected No
2012-12-23 21:37:31 --> $AppDataIDMFolder = "C:\Users\Tejas\AppData\Roaming\IDM\"  Error Code:0
2012-12-23 21:37:31 --> $TempPath = "C:\Users\Tejas\AppData\Roaming\IDM\"  Error Code:0
2012-12-23 21:37:31 --> Finilized Path $AppDataIDMFolder= "C:\Users\Tejas\AppData\Roaming\IDM\"
2012-12-23 21:37:31 --> Finilized Path $TempPath= "C:\Users\Tejas\AppData\Roaming\IDM\"
2012-12-23 21:37:31 --> Window Created: IDM Backup Manager0.9.6(Beta) With Error Code: 0

============================= New Session Started at 2012-12-24 13:45:29 --> =============================

============================= System Information =============================
Module Name and Version: IDM Backup Manager0.9.6(Beta)
Module Path: C:\Users\Tejas\Desktop\project\IDM\IDM BUILD_6\IDM Backup Manager.au3
OS Type: WIN32_NT
OS Version: WIN_7
Service Package: Service Pack 1
Total Memory: 1302072
Available Memory: 829388

============================= Variable Assignment =============================
2012-12-24 13:45:30 --> Internet Download Manager Is Running Now...User Selected No
2012-12-24 13:45:31 --> $AppDataIDMFolder = "C:\Users\Tejas\AppData\Roaming\IDM\"  Error Code:0
2012-12-24 13:45:31 --> $TempPath = "C:\Users\Tejas\AppData\Roaming\IDM\"  Error Code:0
2012-12-24 13:45:31 --> Finilized Path $AppDataIDMFolder= "C:\Users\Tejas\AppData\Roaming\IDM\"
2012-12-24 13:45:31 --> Finilized Path $TempPath= "C:\Users\Tejas\AppData\Roaming\IDM\"
2012-12-24 13:45:31 --> Window Created: IDM Backup Manager0.9.6(Beta) With Error Code: 0

============================= New Session Started at 2012-12-24 13:48:36 --> =============================

============================= System Information =============================
Module Name and Version: IDM Backup Manager0.9.6(Beta)
Module Path: C:\Users\Tejas\Desktop\project\IDM\IDM BUILD_6\IDM Backup Manager.au3
OS Type: WIN32_NT
OS Version: WIN_7
Service Package: Service Pack 1
Total Memory: 1302072
Available Memory: 829416

============================= Variable Assignment =============================
2012-12-24 13:48:37 --> Internet Download Manager Is Running Now...User Selected No
2012-12-24 13:48:37 --> $AppDataIDMFolder = "C:\Users\Tejas\AppData\Roaming\IDM\"  Error Code:0
2012-12-24 13:48:37 --> $TempPath = "C:\Users\Tejas\AppData\Roaming\IDM\"  Error Code:0
2012-12-24 13:48:37 --> Finilized Path $AppDataIDMFolder= "C:\Users\Tejas\AppData\Roaming\IDM\"
2012-12-24 13:48:37 --> Finilized Path $TempPath= "C:\Users\Tejas\AppData\Roaming\IDM\"
2012-12-24 13:48:38 --> Window Created: IDM Backup Manager0.9.6(Beta) With Error Code: 0

============================= New Session Started at 2012-12-24 13:51:37 --> =============================

============================= System Information =============================
Module Name and Version: IDM Backup Manager0.9.6(Beta)
Module Path: C:\Users\Tejas\Desktop\project\IDM\IDM BUILD_6\IDM Backup Manager.au3
OS Type: WIN32_NT
OS Version: WIN_7
Service Package: Service Pack 1
Total Memory: 1302072
Available Memory: 634368

============================= Variable Assignment =============================
2012-12-24 13:51:38 --> Internet Download Manager Is Running Now...User Selected No
2012-12-24 13:51:38 --> $AppDataIDMFolder = "C:\Users\Tejas\AppData\Roaming\IDM\"  Error Code:0
2012-12-24 13:51:38 --> $TempPath = "C:\Users\Tejas\AppData\Roaming\IDM\"  Error Code:0
2012-12-24 13:51:38 --> Finilized Path $AppDataIDMFolder= "C:\Users\Tejas\AppData\Roaming\IDM\"
2012-12-24 13:51:38 --> Finilized Path $TempPath= "C:\Users\Tejas\AppData\Roaming\IDM\"
2012-12-24 13:51:39 --> Window Created: IDM Backup Manager0.9.6(Beta) With Error Code: 0

============================= New Session Started at 2012-12-24 14:28:10 --> =============================

============================= System Information =============================
Module Name and Version: IDM Backup Manager0.9.6(Beta)
Module Path: C:\Users\Tejas\Desktop\project\IDM\IDM BUILD_6\IDM Backup Manager.au3
OS Type: WIN32_NT
OS Version: WIN_7
Service Package: Service Pack 1
Total Memory: 1302072
Available Memory: 625536

============================= Variable Assignment =============================
2012-12-24 14:28:11 --> Internet Download Manager Is Running Now...User Selected No
2012-12-24 14:28:11 --> $AppDataIDMFolder = "C:\Users\Tejas\AppData\Roaming\IDM\"  Error Code:0
2012-12-24 14:28:11 --> $TempPath = "C:\Users\Tejas\AppData\Roaming\IDM\"  Error Code:0
2012-12-24 14:28:11 --> Finilized Path $AppDataIDMFolder= "C:\Users\Tejas\AppData\Roaming\IDM\"
2012-12-24 14:28:11 --> Finilized Path $TempPath= "C:\Users\Tejas\AppData\Roaming\IDM\"
2012-12-24 14:28:12 --> Window Created: IDM Backup Manager0.9.6(Beta) With Error Code: 0

============================= New Session Started at 2012-12-24 16:26:12 --> =============================

============================= System Information =============================
Module Name and Version: IDM Backup Manager0.9.6(Beta)
Module Path: C:\Users\Tejas\Desktop\project\IDM\IDM BUILD_6\IDM Backup Manager.au3
OS Type: WIN32_NT
OS Version: WIN_7
Service Package: Service Pack 1
Total Memory: 1302072
Available Memory: 891372

============================= Variable Assignment =============================
2012-12-24 16:26:13 --> Internet Download Manager Is Running Now...User Selected No
2012-12-24 16:26:13 --> $AppDataIDMFolder = "C:\Users\Tejas\AppData\Roaming\IDM\"  Error Code:0
2012-12-24 16:26:13 --> $TempPath = "C:\Users\Tejas\AppData\Roaming\IDM\"  Error Code:0
2012-12-24 16:26:13 --> Finilized Path $AppDataIDMFolder= "C:\Users\Tejas\AppData\Roaming\IDM\"
2012-12-24 16:26:13 --> Finilized Path $TempPath= "C:\Users\Tejas\AppData\Roaming\IDM\"
2012-12-24 16:26:14 --> Window Created: IDM Backup Manager0.9.6(Beta) With Error Code: 0

============================= New Session Started at 2012-12-24 16:36:39 --> =============================

============================= System Information =============================
Module Name and Version: IDM Backup Manager0.9.6(Beta)
Module Path: C:\Users\Tejas\Desktop\project\IDM\IDM BUILD_6\IDM Backup Manager.au3
OS Type: WIN32_NT
OS Version: WIN_7
Service Package: Service Pack 1
Total Memory: 1302072
Available Memory: 821624

============================= Variable Assignment =============================
2012-12-24 16:36:41 --> Internet Download Manager Is Running Now...User Selected No
2012-12-24 16:36:41 --> $AppDataIDMFolder = "C:\Users\Tejas\AppData\Roaming\IDM\"  Error Code:0
2012-12-24 16:36:41 --> $TempPath = "C:\Users\Tejas\AppData\Roaming\IDM\"  Error Code:0
2012-12-24 16:36:41 --> Finilized Path $AppDataIDMFolder= "C:\Users\Tejas\AppData\Roaming\IDM\"
2012-12-24 16:36:41 --> Finilized Path $TempPath= "C:\Users\Tejas\AppData\Roaming\IDM\"
2012-12-24 16:36:42 --> Window Created: IDM Backup Manager0.9.6(Beta) With Error Code: 0

============================= New Session Started at 2012-12-24 16:46:38 --> =============================

============================= System Information =============================
Module Name and Version: IDM Backup Manager0.9.6(Beta)
Module Path: C:\Users\Tejas\Desktop\project\IDM\IDM BUILD_6\IDM Backup Manager.au3
OS Type: WIN32_NT
OS Version: WIN_7
Service Package: Service Pack 1
Total Memory: 1302072
Available Memory: 818936

============================= Variable Assignment =============================
2012-12-24 16:46:38 --> Internet Download Manager Is Running Now...User Selected No
2012-12-24 16:46:39 --> $AppDataIDMFolder = "C:\Users\Tejas\AppData\Roaming\IDM\"  Error Code:0
2012-12-24 16:46:39 --> $TempPath = "C:\Users\Tejas\AppData\Roaming\IDM\"  Error Code:0
2012-12-24 16:46:39 --> Finilized Path $AppDataIDMFolder= "C:\Users\Tejas\AppData\Roaming\IDM\"
2012-12-24 16:46:39 --> Finilized Path $TempPath= "C:\Users\Tejas\AppData\Roaming\IDM\"
2012-12-24 16:46:39 --> Window Created: IDM Backup Manager0.9.6(Beta) With Error Code: 0

============================= New Session Started at 2012-12-24 20:06:49 --> =============================

============================= System Information =============================
Module Name and Version: IDM Backup Manager0.9.6(Beta)
Module Path: C:\Users\Tejas\Desktop\project\IDM\IDM BUILD_6\IDM Backup Manager.au3
OS Type: WIN32_NT
OS Version: WIN_7
Service Package: Service Pack 1
Total Memory: 1302072
Available Memory: 664732

============================= Variable Assignment =============================
2012-12-24 20:06:50 --> Internet Download Manager Is Running Now...User Selected No
2012-12-24 20:06:50 --> $AppDataIDMFolder = "C:\Users\Tejas\AppData\Roaming\IDM\"  Error Code:0
2012-12-24 20:06:50 --> $TempPath = "C:\Users\Tejas\AppData\Roaming\IDM\"  Error Code:0
2012-12-24 20:06:50 --> Finilized Path $AppDataIDMFolder= "C:\Users\Tejas\AppData\Roaming\IDM\"
2012-12-24 20:06:50 --> Finilized Path $TempPath= "C:\Users\Tejas\AppData\Roaming\IDM\"
2012-12-24 20:06:50 --> Window Created: IDM Backup Manager0.9.6(Beta) With Error Code: 0

============================= New Session Started at 2012-12-24 20:25:04 --> =============================

============================= System Information =============================
Module Name and Version: IDM Backup Manager0.9.6(Beta)
Module Path: C:\Users\Tejas\Desktop\project\IDM\IDM BUILD_6\IDM Backup Manager1.exe
OS Type: WIN32_NT
OS Version: WIN_7
Service Package: Service Pack 1
Total Memory: 1302072
Available Memory: 787616

============================= Variable Assignment =============================
2012-12-24 20:25:05 --> Internet Download Manager Is Running Now...User Selected No
2012-12-24 20:25:05 --> $AppDataIDMFolder = "C:\Users\Tejas\AppData\Roaming\IDM\"  Error Code:0
2012-12-24 20:25:05 --> $TempPath = "C:\Users\Tejas\AppData\Roaming\IDM\"  Error Code:0
2012-12-24 20:25:05 --> Finilized Path $AppDataIDMFolder= "C:\Users\Tejas\AppData\Roaming\IDM\"
2012-12-24 20:25:05 --> Finilized Path $TempPath= "C:\Users\Tejas\AppData\Roaming\IDM\"
2012-12-24 20:25:06 --> Window Created: IDM Backup Manager0.9.6(Beta) With Error Code: 0

============================= New Session Started at 2012-12-24 20:28:45 --> =============================

============================= System Information =============================
Module Name and Version: IDM Backup Manager0.9.6(Beta)
Module Path: C:\Users\Tejas\Desktop\project\IDM\IDM BUILD_6\IDM Backup Manager1.exe
OS Type: WIN32_NT
OS Version: WIN_7
Service Package: Service Pack 1
Total Memory: 1302072
Available Memory: 759048

============================= Variable Assignment =============================
2012-12-24 20:28:46 --> Internet Download Manager Is Running Now...User Selected No
2012-12-24 20:28:46 --> $AppDataIDMFolder = "C:\Users\Tejas\AppData\Roaming\IDM\"  Error Code:0
2012-12-24 20:28:46 --> $TempPath = "C:\Users\Tejas\AppData\Roaming\IDM\"  Error Code:0
2012-12-24 20:28:46 --> Finilized Path $AppDataIDMFolder= "C:\Users\Tejas\AppData\Roaming\IDM\"
2012-12-24 20:28:46 --> Finilized Path $TempPath= "C:\Users\Tejas\AppData\Roaming\IDM\"
2012-12-24 20:28:47 --> Window Created: IDM Backup Manager0.9.6(Beta) With Error Code: 0

============================= New Session Started at 2012-12-24 20:32:12 --> =============================

============================= System Information =============================
Module Name and Version: IDM Backup Manager0.9.6(Beta)
Module Path: C:\Users\Tejas\Desktop\project\IDM\IDM BUILD_6\IDM Backup Manager.exe
OS Type: WIN32_NT
OS Version: WIN_7
Service Package: Service Pack 1
Total Memory: 1302072
Available Memory: 749524

============================= Variable Assignment =============================
2012-12-24 20:32:13 --> Internet Download Manager Is Running Now...User Selected No
2012-12-24 20:32:13 --> $AppDataIDMFolder = "C:\Users\Tejas\AppData\Roaming\IDM\"  Error Code:0
2012-12-24 20:32:13 --> $TempPath = "C:\Users\Tejas\AppData\Roaming\IDM\"  Error Code:0
2012-12-24 20:32:13 --> Finilized Path $AppDataIDMFolder= "C:\Users\Tejas\AppData\Roaming\IDM\"
2012-12-24 20:32:13 --> Finilized Path $TempPath= "C:\Users\Tejas\AppData\Roaming\IDM\"
2012-12-24 20:32:13 --> Window Created: IDM Backup Manager0.9.6(Beta) With Error Code: 0

============================= New Session Started at 2012-12-24 20:53:16 --> =============================

============================= System Information =============================
Module Name and Version: IDM Backup Manager0.9.6(Beta)
Module Path: C:\Users\Tejas\Desktop\project\IDM\IDM BUILD_6\IDM Backup Manager1.exe
OS Type: WIN32_NT
OS Version: WIN_7
Service Package: Service Pack 1
Total Memory: 1302072
Available Memory: 686888

============================= Variable Assignment =============================
2012-12-24 20:53:17 --> Internet Download Manager Is Running Now...User Selected No
2012-12-24 20:53:17 --> $AppDataIDMFolder = "C:\Users\Tejas\AppData\Roaming\IDM\"  Error Code:0
2012-12-24 20:53:17 --> $TempPath = "C:\Users\Tejas\AppData\Roaming\IDM\"  Error Code:0
2012-12-24 20:53:17 --> Finilized Path $AppDataIDMFolder= "C:\Users\Tejas\AppData\Roaming\IDM\"
2012-12-24 20:53:17 --> Finilized Path $TempPath= "C:\Users\Tejas\AppData\Roaming\IDM\"
2012-12-24 20:53:18 --> Window Created: IDM Backup Manager0.9.6(Beta) With Error Code: 0

============================= New Session Started at 2012-12-24 20:54:55 --> =============================

============================= System Information =============================
Module Name and Version: IDM Backup Manager0.9.6(Beta)
Module Path: C:\Users\Tejas\Desktop\project\IDM\IDM BUILD_6\IDM Backup Manager1.exe
OS Type: WIN32_NT
OS Version: WIN_7
Service Package: Service Pack 1
Total Memory: 1302072
Available Memory: 701452

============================= Variable Assignment =============================
2012-12-24 20:54:55 --> Internet Download Manager Is Running Now...User Selected No
2012-12-24 20:54:56 --> $AppDataIDMFolder = "C:\Users\Tejas\AppData\Roaming\IDM\"  Error Code:0
2012-12-24 20:54:56 --> $TempPath = "C:\Users\Tejas\AppData\Roaming\IDM\"  Error Code:0
2012-12-24 20:54:56 --> Finilized Path $AppDataIDMFolder= "C:\Users\Tejas\AppData\Roaming\IDM\"
2012-12-24 20:54:56 --> Finilized Path $TempPath= "C:\Users\Tejas\AppData\Roaming\IDM\"
2012-12-24 20:54:56 --> Window Created: IDM Backup Manager0.9.6(Beta) With Error Code: 0

============================= New Session Started at 2012-12-24 20:58:02 --> =============================

============================= System Information =============================
Module Name and Version: IDM Backup Manager0.9.6(Beta)
Module Path: C:\Users\Tejas\Desktop\project\IDM\IDM BUILD_6\IDM Backup Manager1.exe
OS Type: WIN32_NT
OS Version: WIN_7
Service Package: Service Pack 1
Total Memory: 1302072
Available Memory: 693736

============================= Variable Assignment =============================
2012-12-24 20:58:03 --> Internet Download Manager Is Running Now...User Selected No
2012-12-24 20:58:04 --> $AppDataIDMFolder = "C:\Users\Tejas\AppData\Roaming\IDM\"  Error Code:0
2012-12-24 20:58:04 --> $TempPath = "C:\Users\Tejas\AppData\Roaming\IDM\"  Error Code:0
2012-12-24 20:58:04 --> Finilized Path $AppDataIDMFolder= "C:\Users\Tejas\AppData\Roaming\IDM\"
2012-12-24 20:58:04 --> Finilized Path $TempPath= "C:\Users\Tejas\AppData\Roaming\IDM\"
2012-12-24 20:58:04 --> Window Created: IDM Backup Manager0.9.6(Beta) With Error Code: 0

============================= New Session Started at 2012-12-24 21:04:15 --> =============================

============================= System Information =============================
Module Name and Version: IDM Backup Manager0.9.6(Beta)
Module Path: C:\Users\Tejas\Desktop\project\IDM\IDM BUILD_6\IDM Backup Manager1.exe
OS Type: WIN32_NT
OS Version: WIN_7
Service Package: Service Pack 1
Total Memory: 1302072
Available Memory: 687956

============================= Variable Assignment =============================
2012-12-24 21:04:17 --> Internet Download Manager Is Running Now...User Selected No
2012-12-24 21:04:18 --> $AppDataIDMFolder = "C:\Users\Tejas\AppData\Roaming\IDM\"  Error Code:0
2012-12-24 21:04:18 --> $TempPath = "C:\Users\Tejas\AppData\Roaming\IDM\"  Error Code:0
2012-12-24 21:04:18 --> Finilized Path $AppDataIDMFolder= "C:\Users\Tejas\AppData\Roaming\IDM\"
2012-12-24 21:04:18 --> Finilized Path $TempPath= "C:\Users\Tejas\AppData\Roaming\IDM\"
2012-12-24 21:04:18 --> Window Created: IDM Backup Manager0.9.6(Beta) With Error Code: 0

============================= New Session Started at 2012-12-24 21:10:09 --> =============================

============================= System Information =============================
Module Name and Version: IDM Backup Manager0.9.6(Beta)
Module Path: C:\Users\Tejas\Desktop\project\IDM\IDM BUILD_6\IDM Backup Manager1.exe
OS Type: WIN32_NT
OS Version: WIN_7
Service Package: Service Pack 1
Total Memory: 1302072
Available Memory: 645292

============================= Variable Assignment =============================
2012-12-24 21:10:11 --> Internet Download Manager Is Running Now...User Selected No
2012-12-24 21:10:11 --> $AppDataIDMFolder = "C:\Users\Tejas\AppData\Roaming\IDM\"  Error Code:0
2012-12-24 21:10:11 --> $TempPath = "C:\Users\Tejas\AppData\Roaming\IDM\"  Error Code:0
2012-12-24 21:10:11 --> Finilized Path $AppDataIDMFolder= "C:\Users\Tejas\AppData\Roaming\IDM\"
2012-12-24 21:10:11 --> Finilized Path $TempPath= "C:\Users\Tejas\AppData\Roaming\IDM\"
2012-12-24 21:10:11 --> Window Created: IDM Backup Manager0.9.6(Beta) With Error Code: 0

============================= New Session Started at 2012-12-24 21:13:30 --> =============================

============================= System Information =============================
Module Name and Version: IDM Backup Manager0.9.6(Beta)
Module Path: C:\Users\Tejas\Desktop\project\IDM\IDM BUILD_6\IDM Backup Manager1.exe
OS Type: WIN32_NT
OS Version: WIN_7
Service Package: Service Pack 1
Total Memory: 1302072
Available Memory: 665708

============================= Variable Assignment =============================
2012-12-24 21:13:31 --> Internet Download Manager Is Running Now...User Selected No
2012-12-24 21:13:32 --> $AppDataIDMFolder = "C:\Users\Tejas\AppData\Roaming\IDM\"  Error Code:0
2012-12-24 21:13:32 --> $TempPath = "C:\Users\Tejas\AppData\Roaming\IDM\"  Error Code:0
2012-12-24 21:13:32 --> Finilized Path $AppDataIDMFolder= "C:\Users\Tejas\AppData\Roaming\IDM\"
2012-12-24 21:13:32 --> Finilized Path $TempPath= "C:\Users\Tejas\AppData\Roaming\IDM\"
2012-12-24 21:13:32 --> Window Created: IDM Backup Manager0.9.6(Beta) With Error Code: 0

============================= New Session Started at 2012-12-24 21:30:15 --> =============================

============================= System Information =============================
Module Name and Version: IDM Backup Manager0.9.6(Beta)
Module Path: C:\Users\Tejas\Desktop\project\IDM\IDM BUILD_6\IDM Backup Manager1.exe
OS Type: WIN32_NT
OS Version: WIN_7
Service Package: Service Pack 1
Total Memory: 1302072
Available Memory: 692324

============================= Variable Assignment =============================
2012-12-24 21:30:16 --> Internet Download Manager Is Running Now...User Selected No
2012-12-24 21:30:16 --> $AppDataIDMFolder = "C:\Users\Tejas\AppData\Roaming\IDM\"  Error Code:0
2012-12-24 21:30:16 --> $TempPath = "C:\Users\Tejas\AppData\Roaming\IDM\"  Error Code:0
2012-12-24 21:30:16 --> Finilized Path $AppDataIDMFolder= "C:\Users\Tejas\AppData\Roaming\IDM\"
2012-12-24 21:30:16 --> Finilized Path $TempPath= "C:\Users\Tejas\AppData\Roaming\IDM\"
2012-12-24 21:30:16 --> Window Created: IDM Backup Manager0.9.6(Beta) With Error Code: 0

============================= New Session Started at 2012-12-24 21:40:59 --> =============================

============================= System Information =============================
Module Name and Version: IDM Backup Manager0.9.6(Beta)
Module Path: C:\Users\Tejas\Desktop\project\IDM\IDM BUILD_6\IDM Backup Manager1.exe
OS Type: WIN32_NT
OS Version: WIN_7
Service Package: Service Pack 1
Total Memory: 1302072
Available Memory: 348164

============================= Variable Assignment =============================
2012-12-24 21:41:00 --> Internet Download Manager Is Running Now...User Selected No
2012-12-24 21:41:01 --> $AppDataIDMFolder = "C:\Users\Tejas\AppData\Roaming\IDM\"  Error Code:0
2012-12-24 21:41:01 --> $TempPath = "C:\Users\Tejas\AppData\Roaming\IDM\"  Error Code:0
2012-12-24 21:41:01 --> Finilized Path $AppDataIDMFolder= "C:\Users\Tejas\AppData\Roaming\IDM\"
2012-12-24 21:41:01 --> Finilized Path $TempPath= "C:\Users\Tejas\AppData\Roaming\IDM\"
2012-12-24 21:41:01 --> Window Created: IDM Backup Manager0.9.6(Beta) With Error Code: 0

============================= New Session Started at 2012-12-24 21:41:36 --> =============================

============================= System Information =============================
Module Name and Version: IDM Backup Manager0.9.6(Beta)
Module Path: C:\Users\Tejas\Desktop\project\IDM\IDM BUILD_6\IDM Backup Manager1.exe
OS Type: WIN32_NT
OS Version: WIN_7
Service Package: Service Pack 1
Total Memory: 1302072
Available Memory: 348796

============================= Variable Assignment =============================
2012-12-24 21:41:36 --> Internet Download Manager Is Running Now...User Selected No
2012-12-24 21:41:37 --> $AppDataIDMFolder = "C:\Users\Tejas\AppData\Roaming\IDM\"  Error Code:0
2012-12-24 21:41:37 --> $TempPath = "C:\Users\Tejas\AppData\Roaming\IDM\"  Error Code:0
2012-12-24 21:41:37 --> Finilized Path $AppDataIDMFolder= "C:\Users\Tejas\AppData\Roaming\IDM\"
2012-12-24 21:41:37 --> Finilized Path $TempPath= "C:\Users\Tejas\AppData\Roaming\IDM\"
2012-12-24 21:41:37 --> Window Created: IDM Backup Manager0.9.6(Beta) With Error Code: 0

============================= New Session Started at 2012-12-24 22:13:40 --> =============================

============================= System Information =============================
Module Name and Version: IDM Backup Manager0.9.6(Beta)
Module Path: C:\Users\Tejas\Desktop\project\IDM\IDM BUILD_6\IDM Backup Manager1.exe
OS Type: WIN32_NT
OS Version: WIN_7
Service Package: Service Pack 1
Total Memory: 1302072
Available Memory: 439020

============================= Variable Assignment =============================
2012-12-24 22:13:41 --> Internet Download Manager Is Running Now...User Selected No
2012-12-24 22:13:41 --> $AppDataIDMFolder = "C:\Users\Tejas\AppData\Roaming\IDM\"  Error Code:0
2012-12-24 22:13:41 --> $TempPath = "C:\Users\Tejas\AppData\Roaming\IDM\"  Error Code:0
2012-12-24 22:13:41 --> Finilized Path $AppDataIDMFolder= "C:\Users\Tejas\AppData\Roaming\IDM\"
2012-12-24 22:13:41 --> Finilized Path $TempPath= "C:\Users\Tejas\AppData\Roaming\IDM\"
2012-12-24 22:13:42 --> Window Created: IDM Backup Manager0.9.6(Beta) With Error Code: 0

============================= New Session Started at 2012-12-24 22:14:48 --> =============================

============================= System Information =============================
Module Name and Version: IDM Backup Manager0.9.6(Beta)
Module Path: C:\Users\Tejas\Desktop\project\IDM\IDM BUILD_6\IDM Backup Manager1.exe
OS Type: WIN32_NT
OS Version: WIN_7
Service Package: Service Pack 1
Total Memory: 1302072
Available Memory: 446500

============================= Variable Assignment =============================
2012-12-24 22:14:49 --> Internet Download Manager Is Running Now...User Selected No
2012-12-24 22:14:49 --> $AppDataIDMFolder = "C:\Users\Tejas\AppData\Roaming\IDM\"  Error Code:0
2012-12-24 22:14:49 --> $TempPath = "C:\Users\Tejas\AppData\Roaming\IDM\"  Error Code:0
2012-12-24 22:14:49 --> Finilized Path $AppDataIDMFolder= "C:\Users\Tejas\AppData\Roaming\IDM\"
2012-12-24 22:14:49 --> Finilized Path $TempPath= "C:\Users\Tejas\AppData\Roaming\IDM\"
2012-12-24 22:14:50 --> Window Created: IDM Backup Manager0.9.6(Beta) With Error Code: 0

============================= New Session Started at 2012-12-24 22:15:01 --> =============================

============================= System Information =============================
Module Name and Version: IDM Backup Manager0.9.6(Beta)
Module Path: C:\Users\Tejas\Desktop\project\IDM\IDM BUILD_6\IDM Backup Manager.exe
OS Type: WIN32_NT
OS Version: WIN_7
Service Package: Service Pack 1
Total Memory: 1302072
Available Memory: 429520

============================= Variable Assignment =============================
2012-12-24 22:15:01 --> Internet Download Manager Is Running Now...User Selected No
2012-12-24 22:15:02 --> $AppDataIDMFolder = "C:\Users\Tejas\AppData\Roaming\IDM\"  Error Code:0
2012-12-24 22:15:02 --> $TempPath = "C:\Users\Tejas\AppData\Roaming\IDM\"  Error Code:0
2012-12-24 22:15:02 --> Finilized Path $AppDataIDMFolder= "C:\Users\Tejas\AppData\Roaming\IDM\"
2012-12-24 22:15:02 --> Finilized Path $TempPath= "C:\Users\Tejas\AppData\Roaming\IDM\"
2012-12-24 22:15:02 --> Window Created: IDM Backup Manager0.9.6(Beta) With Error Code: 0

============================= New Session Started at 2012-12-24 22:17:24 --> =============================

============================= System Information =============================
Module Name and Version: IDM Backup Manager0.9.6(Beta)
Module Path: C:\Users\Tejas\Desktop\project\IDM\IDM BUILD_6\IDM Backup Manager1.exe
OS Type: WIN32_NT
OS Version: WIN_7
Service Package: Service Pack 1
Total Memory: 1302072
Available Memory: 553296

============================= Variable Assignment =============================
2012-12-24 22:17:25 --> Internet Download Manager Is Running Now...User Selected No
2012-12-24 22:17:26 --> $AppDataIDMFolder = "C:\Users\Tejas\AppData\Roaming\IDM\"  Error Code:0
2012-12-24 22:17:26 --> $TempPath = "C:\Users\Tejas\AppData\Roaming\IDM\"  Error Code:0
2012-12-24 22:17:26 --> Finilized Path $AppDataIDMFolder= "C:\Users\Tejas\AppData\Roaming\IDM\"
2012-12-24 22:17:26 --> Finilized Path $TempPath= "C:\Users\Tejas\AppData\Roaming\IDM\"
2012-12-24 22:17:26 --> Window Created: IDM Backup Manager0.9.6(Beta) With Error Code: 0

============================= New Session Started at 2012-12-24 22:24:48 --> =============================

============================= System Information =============================
Module Name and Version: IDM Backup Manager0.9.6(Beta)
Module Path: C:\Users\Tejas\Desktop\project\IDM\IDM BUILD_6\IDM Backup Manager1.exe
OS Type: WIN32_NT
OS Version: WIN_7
Service Package: Service Pack 1
Total Memory: 1302072
Available Memory: 440976

============================= Variable Assignment =============================
2012-12-24 22:24:48 --> Internet Download Manager Is Running Now...User Selected No
2012-12-24 22:24:49 --> $AppDataIDMFolder = "C:\Users\Tejas\AppData\Roaming\IDM\"  Error Code:0
2012-12-24 22:24:49 --> $TempPath = "C:\Users\Tejas\AppData\Roaming\IDM\"  Error Code:0
2012-12-24 22:24:49 --> Finilized Path $AppDataIDMFolder= "C:\Users\Tejas\AppData\Roaming\IDM\"
2012-12-24 22:24:49 --> Finilized Path $TempPath= "C:\Users\Tejas\AppData\Roaming\IDM\"
2012-12-24 22:24:49 --> Window Created: IDM Backup Manager0.9.6(Beta) With Error Code: 0

============================= New Session Started at 2012-12-24 22:24:52 --> =============================

============================= System Information =============================
Module Name and Version: IDM Backup Manager0.9.6(Beta)
Module Path: C:\Users\Tejas\Desktop\project\IDM\IDM BUILD_6\IDM Backup Manager1.exe
OS Type: WIN32_NT
OS Version: WIN_7
Service Package: Service Pack 1
Total Memory: 1302072
Available Memory: 439816

============================= Variable Assignment =============================
2012-12-24 22:24:52 --> Internet Download Manager Is Running Now...User Selected No
2012-12-24 22:24:53 --> $AppDataIDMFolder = "C:\Users\Tejas\AppData\Roaming\IDM\"  Error Code:0
2012-12-24 22:24:53 --> $TempPath = "C:\Users\Tejas\AppData\Roaming\IDM\"  Error Code:0
2012-12-24 22:24:53 --> Finilized Path $AppDataIDMFolder= "C:\Users\Tejas\AppData\Roaming\IDM\"
2012-12-24 22:24:53 --> Finilized Path $TempPath= "C:\Users\Tejas\AppData\Roaming\IDM\"
2012-12-24 22:24:53 --> Window Created: IDM Backup Manager0.9.6(Beta) With Error Code: 0

============================= New Session Started at 2012-12-24 22:25:01 --> =============================

============================= System Information =============================
Module Name and Version: IDM Backup Manager0.9.6(Beta)
Module Path: C:\Users\Tejas\Desktop\project\IDM\IDM BUILD_6\IDM Backup Manager1.exe
OS Type: WIN32_NT
OS Version: WIN_7
Service Package: Service Pack 1
Total Memory: 1302072
Available Memory: 441356

============================= Variable Assignment =============================
2012-12-24 22:25:01 --> Internet Download Manager Is Running Now...User Selected No
2012-12-24 22:25:02 --> $AppDataIDMFolder = "C:\Users\Tejas\AppData\Roaming\IDM\"  Error Code:0
2012-12-24 22:25:02 --> $TempPath = "C:\Users\Tejas\AppData\Roaming\IDM\"  Error Code:0
2012-12-24 22:25:02 --> Finilized Path $AppDataIDMFolder= "C:\Users\Tejas\AppData\Roaming\IDM\"
2012-12-24 22:25:02 --> Finilized Path $TempPath= "C:\Users\Tejas\AppData\Roaming\IDM\"
2012-12-24 22:25:02 --> Window Created: IDM Backup Manager0.9.6(Beta) With Error Code: 0

============================= New Session Started at 2012-12-24 22:25:05 --> =============================

============================= System Information =============================
Module Name and Version: IDM Backup Manager0.9.6(Beta)
Module Path: C:\Users\Tejas\Desktop\project\IDM\IDM BUILD_6\IDM Backup Manager.exe
OS Type: WIN32_NT
OS Version: WIN_7
Service Package: Service Pack 1
Total Memory: 1302072
Available Memory: 426736

============================= Variable Assignment =============================
2012-12-24 22:25:05 --> Internet Download Manager Is Running Now...User Selected No
2012-12-24 22:25:06 --> $AppDataIDMFolder = "C:\Users\Tejas\AppData\Roaming\IDM\"  Error Code:0
2012-12-24 22:25:06 --> $TempPath = "C:\Users\Tejas\AppData\Roaming\IDM\"  Error Code:0
2012-12-24 22:25:06 --> Finilized Path $AppDataIDMFolder= "C:\Users\Tejas\AppData\Roaming\IDM\"
2012-12-24 22:25:06 --> Finilized Path $TempPath= "C:\Users\Tejas\AppData\Roaming\IDM\"
2012-12-24 22:25:06 --> Window Created: IDM Backup Manager0.9.6(Beta) With Error Code: 0

============================= New Session Started at 2012-12-24 22:46:24 --> =============================

============================= System Information =============================
Module Name and Version: IDM Backup Manager0.9.6(Beta)
Module Path: C:\Users\Tejas\Desktop\project\IDM\IDM BUILD_6\IDM Backup Manager1.exe
OS Type: WIN32_NT
OS Version: WIN_7
Service Package: Service Pack 1
Total Memory: 1302072
Available Memory: 409144

============================= Variable Assignment =============================
2012-12-24 22:46:24 --> Internet Download Manager Is Running Now...User Selected No
2012-12-24 22:46:25 --> $AppDataIDMFolder = "C:\Users\Tejas\AppData\Roaming\IDM\"  Error Code:0
2012-12-24 22:46:25 --> $TempPath = "C:\Users\Tejas\AppData\Roaming\IDM\"  Error Code:0
2012-12-24 22:46:25 --> Finilized Path $AppDataIDMFolder= "C:\Users\Tejas\AppData\Roaming\IDM\"
2012-12-24 22:46:25 --> Finilized Path $TempPath= "C:\Users\Tejas\AppData\Roaming\IDM\"
2012-12-24 22:46:25 --> Window Created: IDM Backup Manager0.9.6(Beta) With Error Code: 0

============================= New Session Started at 2012-12-24 22:48:30 --> =============================

============================= System Information =============================
Module Name and Version: IDM Backup Manager0.9.6(Beta)
Module Path: C:\Users\Tejas\Desktop\project\IDM\IDM BUILD_6\IDM Backup Manager1.exe
OS Type: WIN32_NT
OS Version: WIN_7
Service Package: Service Pack 1
Total Memory: 1302072
Available Memory: 390368

============================= Variable Assignment =============================
2012-12-24 22:48:30 --> Internet Download Manager Is Running Now...User Selected No
2012-12-24 22:48:31 --> $AppDataIDMFolder = "C:\Users\Tejas\AppData\Roaming\IDM\"  Error Code:0
2012-12-24 22:48:31 --> $TempPath = "C:\Users\Tejas\AppData\Roaming\IDM\"  Error Code:0
2012-12-24 22:48:31 --> Finilized Path $AppDataIDMFolder= "C:\Users\Tejas\AppData\Roaming\IDM\"
2012-12-24 22:48:31 --> Finilized Path $TempPath= "C:\Users\Tejas\AppData\Roaming\IDM\"
2012-12-24 22:48:31 --> Window Created: IDM Backup Manager0.9.6(Beta) With Error Code: 0

============================= New Session Started at 2012-12-24 22:49:41 --> =============================

============================= System Information =============================
Module Name and Version: IDM Backup Manager0.9.6(Beta)
Module Path: C:\Users\Tejas\Desktop\project\IDM\IDM BUILD_6\IDM Backup Manager1.exe
OS Type: WIN32_NT
OS Version: WIN_7
Service Package: Service Pack 1
Total Memory: 1302072
Available Memory: 391048

============================= Variable Assignment =============================
2012-12-24 22:49:42 --> Internet Download Manager Is Running Now...User Selected No
2012-12-24 22:49:43 --> $AppDataIDMFolder = "C:\Users\Tejas\AppData\Roaming\IDM\"  Error Code:0
2012-12-24 22:49:43 --> $TempPath = "C:\Users\Tejas\AppData\Roaming\IDM\"  Error Code:0
2012-12-24 22:49:43 --> Finilized Path $AppDataIDMFolder= "C:\Users\Tejas\AppData\Roaming\IDM\"
2012-12-24 22:49:43 --> Finilized Path $TempPath= "C:\Users\Tejas\AppData\Roaming\IDM\"
2012-12-24 22:49:43 --> Window Created: IDM Backup Manager0.9.6(Beta) With Error Code: 0

============================= New Session Started at 2012-12-24 22:51:32 --> =============================

============================= System Information =============================
Module Name and Version: IDM Backup Manager0.9.6(Beta)
Module Path: C:\Users\Tejas\Desktop\project\IDM\IDM BUILD_6\IDM Backup Manager1.exe
OS Type: WIN32_NT
OS Version: WIN_7
Service Package: Service Pack 1
Total Memory: 1302072
Available Memory: 398616

============================= Variable Assignment =============================
2012-12-24 22:51:33 --> Internet Download Manager Is Running Now...User Selected No
2012-12-24 22:51:33 --> $AppDataIDMFolder = "C:\Users\Tejas\AppData\Roaming\IDM\"  Error Code:0
2012-12-24 22:51:33 --> $TempPath = "C:\Users\Tejas\AppData\Roaming\IDM\"  Error Code:0
2012-12-24 22:51:33 --> Finilized Path $AppDataIDMFolder= "C:\Users\Tejas\AppData\Roaming\IDM\"
2012-12-24 22:51:33 --> Finilized Path $TempPath= "C:\Users\Tejas\AppData\Roaming\IDM\"
2012-12-24 22:51:34 --> Window Created: IDM Backup Manager0.9.6(Beta) With Error Code: 0

============================= New Session Started at 2012-12-24 22:52:24 --> =============================

============================= System Information =============================
Module Name and Version: IDM Backup Manager0.9.6(Beta)
Module Path: C:\Users\Tejas\Desktop\project\IDM\IDM BUILD_6\IDM Backup Manager1.exe
OS Type: WIN32_NT
OS Version: WIN_7
Service Package: Service Pack 1
Total Memory: 1302072
Available Memory: 404280

============================= Variable Assignment =============================
2012-12-24 22:52:25 --> Internet Download Manager Is Running Now...User Selected No
2012-12-24 22:52:25 --> $AppDataIDMFolder = "C:\Users\Tejas\AppData\Roaming\IDM\"  Error Code:0
2012-12-24 22:52:25 --> $TempPath = "C:\Users\Tejas\AppData\Roaming\IDM\"  Error Code:0
2012-12-24 22:52:25 --> Finilized Path $AppDataIDMFolder= "C:\Users\Tejas\AppData\Roaming\IDM\"
2012-12-24 22:52:25 --> Finilized Path $TempPath= "C:\Users\Tejas\AppData\Roaming\IDM\"
2012-12-24 22:52:26 --> Window Created: IDM Backup Manager0.9.6(Beta) With Error Code: 0

============================= New Session Started at 2012-12-24 22:55:42 --> =============================

============================= System Information =============================
Module Name and Version: IDM Backup Manager0.9.6(Beta)
Module Path: C:\Users\Tejas\Desktop\project\IDM\IDM BUILD_6\IDM Backup Manager1.exe
OS Type: WIN32_NT
OS Version: WIN_7
Service Package: Service Pack 1
Total Memory: 1302072
Available Memory: 427836

============================= Variable Assignment =============================
2012-12-24 22:55:42 --> $AppDataIDMFolder = "C:\Users\Tejas\AppData\Roaming\IDM\"  Error Code:0
2012-12-24 22:55:42 --> $TempPath = "C:\Users\Tejas\AppData\Roaming\IDM\"  Error Code:0
2012-12-24 22:55:42 --> Finilized Path $AppDataIDMFolder= "C:\Users\Tejas\AppData\Roaming\IDM\"
2012-12-24 22:55:42 --> Finilized Path $TempPath= "C:\Users\Tejas\AppData\Roaming\IDM\"
2012-12-24 22:55:42 --> Window Created: IDM Backup Manager0.9.6(Beta) With Error Code: 0

============================= New Session Started at 2012-12-24 22:56:29 --> =============================

============================= System Information =============================
Module Name and Version: IDM Backup Manager0.9.6(Beta)
Module Path: C:\Users\Tejas\Desktop\project\IDM\IDM BUILD_6\IDM Backup Manager1.exe
OS Type: WIN32_NT
OS Version: WIN_7
Service Package: Service Pack 1
Total Memory: 1302072
Available Memory: 428948

============================= Variable Assignment =============================
2012-12-24 22:56:29 --> $AppDataIDMFolder = "C:\Users\Tejas\AppData\Roaming\IDM\"  Error Code:0
2012-12-24 22:56:29 --> $TempPath = "C:\Users\Tejas\AppData\Roaming\IDM\"  Error Code:0
2012-12-24 22:56:29 --> Finilized Path $AppDataIDMFolder= "C:\Users\Tejas\AppData\Roaming\IDM\"
2012-12-24 22:56:29 --> Finilized Path $TempPath= "C:\Users\Tejas\AppData\Roaming\IDM\"
2012-12-24 22:56:30 --> Window Created: IDM Backup Manager0.9.6(Beta) With Error Code: 0

============================= New Session Started at 2012-12-24 22:58:10 --> =============================

============================= System Information =============================
Module Name and Version: IDM Backup Manager0.9.6(Beta)
Module Path: C:\Users\Tejas\Desktop\project\IDM\IDM BUILD_6\IDM Backup Manager1.exe
OS Type: WIN32_NT
OS Version: WIN_7
Service Package: Service Pack 1
Total Memory: 1302072
Available Memory: 426924

============================= Variable Assignment =============================
2012-12-24 22:58:11 --> $AppDataIDMFolder = "C:\Users\Tejas\AppData\Roaming\IDM\"  Error Code:0
2012-12-24 22:58:11 --> $TempPath = "C:\Users\Tejas\AppData\Roaming\IDM\"  Error Code:0
2012-12-24 22:58:11 --> Finilized Path $AppDataIDMFolder= "C:\Users\Tejas\AppData\Roaming\IDM\"
2012-12-24 22:58:11 --> Finilized Path $TempPath= "C:\Users\Tejas\AppData\Roaming\IDM\"
2012-12-24 22:58:11 --> Window Created: IDM Backup Manager0.9.6(Beta) With Error Code: 0

============================= New Session Started at 2012-12-24 22:58:58 --> =============================

============================= System Information =============================
Module Name and Version: IDM Backup Manager0.9.6(Beta)
Module Path: C:\Users\Tejas\Desktop\project\IDM\IDM BUILD_6\IDM Backup Manager1.exe
OS Type: WIN32_NT
OS Version: WIN_7
Service Package: Service Pack 1
Total Memory: 1302072
Available Memory: 426456

============================= Variable Assignment =============================
2012-12-24 22:58:58 --> $AppDataIDMFolder = "C:\Users\Tejas\AppData\Roaming\IDM\"  Error Code:0
2012-12-24 22:58:58 --> $TempPath = "C:\Users\Tejas\AppData\Roaming\IDM\"  Error Code:0
2012-12-24 22:58:58 --> Finilized Path $AppDataIDMFolder= "C:\Users\Tejas\AppData\Roaming\IDM\"
2012-12-24 22:58:58 --> Finilized Path $TempPath= "C:\Users\Tejas\AppData\Roaming\IDM\"
2012-12-24 22:58:59 --> Window Created: IDM Backup Manager0.9.6(Beta) With Error Code: 0

============================= New Session Started at 2012-12-24 23:00:17 --> =============================

============================= System Information =============================
Module Name and Version: IDM Backup Manager0.9.6(Beta)
Module Path: C:\Users\Tejas\Desktop\project\IDM\IDM BUILD_6\IDM Backup Manager1.exe
OS Type: WIN32_NT
OS Version: WIN_7
Service Package: Service Pack 1
Total Memory: 1302072
Available Memory: 436552

============================= Variable Assignment =============================
2012-12-24 23:00:17 --> $AppDataIDMFolder = "C:\Users\Tejas\AppData\Roaming\IDM\"  Error Code:0
2012-12-24 23:00:17 --> $TempPath = "C:\Users\Tejas\AppData\Roaming\IDM\"  Error Code:0
2012-12-24 23:00:17 --> Finilized Path $AppDataIDMFolder= "C:\Users\Tejas\AppData\Roaming\IDM\"
2012-12-24 23:00:17 --> Finilized Path $TempPath= "C:\Users\Tejas\AppData\Roaming\IDM\"
2012-12-24 23:00:17 --> Window Created: IDM Backup Manager0.9.6(Beta) With Error Code: 0

============================= New Session Started at 2012-12-24 23:00:54 --> =============================

============================= System Information =============================
Module Name and Version: IDM Backup Manager0.9.6(Beta)
Module Path: C:\Users\Tejas\Desktop\project\IDM\IDM BUILD_6\IDM Backup Manager1.exe
OS Type: WIN32_NT
OS Version: WIN_7
Service Package: Service Pack 1
Total Memory: 1302072
Available Memory: 441768

============================= Variable Assignment =============================
2012-12-24 23:00:54 --> $AppDataIDMFolder = "C:\Users\Tejas\AppData\Roaming\IDM\"  Error Code:0
2012-12-24 23:00:54 --> $TempPath = "C:\Users\Tejas\AppData\Roaming\IDM\"  Error Code:0
2012-12-24 23:00:54 --> Finilized Path $AppDataIDMFolder= "C:\Users\Tejas\AppData\Roaming\IDM\"
2012-12-24 23:00:54 --> Finilized Path $TempPath= "C:\Users\Tejas\AppData\Roaming\IDM\"
2012-12-24 23:00:55 --> Window Created: IDM Backup Manager0.9.6(Beta) With Error Code: 0

============================= New Session Started at 2012-12-24 23:03:17 --> =============================

============================= System Information =============================
Module Name and Version: IDM Backup Manager0.9.6(Beta)
Module Path: C:\Users\Tejas\Desktop\project\IDM\IDM BUILD_6\IDM Backup Manager1.exe
OS Type: WIN32_NT
OS Version: WIN_7
Service Package: Service Pack 1
Total Memory: 1302072
Available Memory: 438268

============================= Variable Assignment =============================
2012-12-24 23:03:17 --> $AppDataIDMFolder = "C:\Users\Tejas\AppData\Roaming\IDM\"  Error Code:0
2012-12-24 23:03:17 --> $TempPath = "C:\Users\Tejas\AppData\Roaming\IDM\"  Error Code:0
2012-12-24 23:03:17 --> Finilized Path $AppDataIDMFolder= "C:\Users\Tejas\AppData\Roaming\IDM\"
2012-12-24 23:03:17 --> Finilized Path $TempPath= "C:\Users\Tejas\AppData\Roaming\IDM\"
2012-12-24 23:03:17 --> Window Created: IDM Backup Manager0.9.6(Beta) With Error Code: 0

============================= New Session Started at 2012-12-24 23:34:21 --> =============================

============================= System Information =============================
Module Name and Version: IDM Backup Manager0.9.6(Beta)
Module Path: C:\Users\Tejas\Desktop\project\IDM\IDM BUILD_6\IDM Backup Manager1.exe
OS Type: WIN32_NT
OS Version: WIN_7
Service Package: Service Pack 1
Total Memory: 1302072
Available Memory: 450584

============================= Variable Assignment =============================
2012-12-24 23:34:22 --> Internet Download Manager Is Running Now...User Selected No
2012-12-24 23:34:22 --> $AppDataIDMFolder = "C:\Users\Tejas\AppData\Roaming\IDM\"  Error Code:0
2012-12-24 23:34:22 --> $TempPath = "C:\Users\Tejas\AppData\Roaming\IDM\"  Error Code:0
2012-12-24 23:34:22 --> Finilized Path $AppDataIDMFolder= "C:\Users\Tejas\AppData\Roaming\IDM\"
2012-12-24 23:34:22 --> Finilized Path $TempPath= "C:\Users\Tejas\AppData\Roaming\IDM\"
2012-12-24 23:34:23 --> Window Created: IDM Backup Manager0.9.6(Beta) With Error Code: 0

============================= New Session Started at 2012-12-24 23:35:18 --> =============================

============================= System Information =============================
Module Name and Version: IDM Backup Manager0.9.6(Beta)
Module Path: C:\Users\Tejas\Desktop\project\IDM\IDM BUILD_6\IDM Backup Manager1.exe
OS Type: WIN32_NT
OS Version: WIN_7
Service Package: Service Pack 1
Total Memory: 1302072
Available Memory: 568136

============================= Variable Assignment =============================
2012-12-24 23:35:18 --> Internet Download Manager Is Running Now...User Selected No
2012-12-24 23:35:19 --> $AppDataIDMFolder = "C:\Users\Tejas\AppData\Roaming\IDM\"  Error Code:0
2012-12-24 23:35:19 --> $TempPath = "C:\Users\Tejas\AppData\Roaming\IDM\"  Error Code:0
2012-12-24 23:35:19 --> Finilized Path $AppDataIDMFolder= "C:\Users\Tejas\AppData\Roaming\IDM\"
2012-12-24 23:35:19 --> Finilized Path $TempPath= "C:\Users\Tejas\AppData\Roaming\IDM\"
2012-12-24 23:35:19 --> Window Created: IDM Backup Manager0.9.6(Beta) With Error Code: 0

============================= New Session Started at 2012-12-24 23:38:24 --> =============================

============================= System Information =============================
Module Name and Version: IDM Backup Manager0.9.6(Beta)
Module Path: C:\Users\Tejas\Desktop\project\IDM\IDM BUILD_6\IDM Backup Manager1.exe
OS Type: WIN32_NT
OS Version: WIN_7
Service Package: Service Pack 1
Total Memory: 1302072
Available Memory: 592444

============================= Variable Assignment =============================
2012-12-24 23:38:24 --> $AppDataIDMFolder = "C:\Users\Tejas\AppData\Roaming\IDM\"  Error Code:0
2012-12-24 23:38:24 --> $TempPath = "C:\Users\Tejas\AppData\Roaming\IDM\"  Error Code:0
2012-12-24 23:38:24 --> Finilized Path $AppDataIDMFolder= "C:\Users\Tejas\AppData\Roaming\IDM\"
2012-12-24 23:38:24 --> Finilized Path $TempPath= "C:\Users\Tejas\AppData\Roaming\IDM\"
2012-12-24 23:38:24 --> Window Created: IDM Backup Manager0.9.6(Beta) With Error Code: 0

============================= New Session Started at 2012-12-24 23:39:53 --> =============================

============================= System Information =============================
Module Name and Version: IDM Backup Manager0.9.6(Beta)
Module Path: C:\Users\Tejas\Desktop\project\IDM\IDM BUILD_6\IDM Backup Manager1.au3
OS Type: WIN32_NT
OS Version: WIN_7
Service Package: Service Pack 1
Total Memory: 1302072
Available Memory: 571924

============================= Variable Assignment =============================
2012-12-24 23:39:53 --> $AppDataIDMFolder = "C:\Users\Tejas\AppData\Roaming\IDM\"  Error Code:0
2012-12-24 23:39:53 --> $TempPath = "C:\Users\Tejas\AppData\Roaming\IDM\"  Error Code:0
2012-12-24 23:39:53 --> Finilized Path $AppDataIDMFolder= "C:\Users\Tejas\AppData\Roaming\IDM\"
2012-12-24 23:39:53 --> Finilized Path $TempPath= "C:\Users\Tejas\AppData\Roaming\IDM\"
2012-12-24 23:39:53 --> Window Created: IDM Backup Manager0.9.6(Beta) With Error Code: 0

============================= New Session Started at 2012-12-24 23:40:12 --> =============================

============================= System Information =============================
Module Name and Version: IDM Backup Manager0.9.6(Beta)
Module Path: C:\Users\Tejas\Desktop\project\IDM\IDM BUILD_6\IDM Backup Manager1.exe
OS Type: WIN32_NT
OS Version: WIN_7
Service Package: Service Pack 1
Total Memory: 1302072
Available Memory: 604184

============================= Variable Assignment =============================
2012-12-24 23:40:12 --> $AppDataIDMFolder = "C:\Users\Tejas\AppData\Roaming\IDM\"  Error Code:0
2012-12-24 23:40:12 --> $TempPath = "C:\Users\Tejas\AppData\Roaming\IDM\"  Error Code:0
2012-12-24 23:40:12 --> Finilized Path $AppDataIDMFolder= "C:\Users\Tejas\AppData\Roaming\IDM\"
2012-12-24 23:40:12 --> Finilized Path $TempPath= "C:\Users\Tejas\AppData\Roaming\IDM\"
2012-12-24 23:40:12 --> Window Created: IDM Backup Manager0.9.6(Beta) With Error Code: 0

============================= New Session Started at 2012-12-24 23:41:00 --> =============================

============================= System Information =============================
Module Name and Version: IDM Backup Manager0.9.6(Beta)
Module Path: C:\Users\Tejas\Desktop\project\IDM\IDM BUILD_6\IDM Backup Manager1.exe
OS Type: WIN32_NT
OS Version: WIN_7
Service Package: Service Pack 1
Total Memory: 1302072
Available Memory: 608416

============================= Variable Assignment =============================
2012-12-24 23:41:00 --> $AppDataIDMFolder = "C:\Users\Tejas\AppData\Roaming\IDM\"  Error Code:0
2012-12-24 23:41:00 --> $TempPath = "C:\Users\Tejas\AppData\Roaming\IDM\"  Error Code:0
2012-12-24 23:41:00 --> Finilized Path $AppDataIDMFolder= "C:\Users\Tejas\AppData\Roaming\IDM\"
2012-12-24 23:41:00 --> Finilized Path $TempPath= "C:\Users\Tejas\AppData\Roaming\IDM\"
2012-12-24 23:41:00 --> Window Created: IDM Backup Manager0.9.6(Beta) With Error Code: 0

============================= New Session Started at 2012-12-24 23:44:06 --> =============================

============================= System Information =============================
Module Name and Version: IDM Backup Manager0.9.6(Beta)
Module Path: C:\Users\Tejas\Desktop\project\IDM\IDM BUILD_6\IDM Backup Manager1.exe
OS Type: WIN32_NT
OS Version: WIN_7
Service Package: Service Pack 1
Total Memory: 1302072
Available Memory: 612920

============================= Variable Assignment =============================
2012-12-24 23:44:06 --> $AppDataIDMFolder = "C:\Users\Tejas\AppData\Roaming\IDM\"  Error Code:0
2012-12-24 23:44:06 --> $TempPath = "C:\Users\Tejas\AppData\Roaming\IDM\"  Error Code:0
2012-12-24 23:44:06 --> Finilized Path $AppDataIDMFolder= "C:\Users\Tejas\AppData\Roaming\IDM\"
2012-12-24 23:44:06 --> Finilized Path $TempPath= "C:\Users\Tejas\AppData\Roaming\IDM\"
2012-12-24 23:44:07 --> Window Created: IDM Backup Manager0.9.6(Beta) With Error Code: 0

============================= New Session Started at 2012-12-24 23:44:30 --> =============================

============================= System Information =============================
Module Name and Version: IDM Backup Manager0.9.6(Beta)
Module Path: C:\Users\Tejas\Desktop\project\IDM\IDM BUILD_6\IDM Backup Manager1.exe
OS Type: WIN32_NT
OS Version: WIN_7
Service Package: Service Pack 1
Total Memory: 1302072
Available Memory: 612952

============================= Variable Assignment =============================
2012-12-24 23:44:30 --> $AppDataIDMFolder = "C:\Users\Tejas\AppData\Roaming\IDM\"  Error Code:0
2012-12-24 23:44:30 --> $TempPath = "C:\Users\Tejas\AppData\Roaming\IDM\"  Error Code:0
2012-12-24 23:44:30 --> Finilized Path $AppDataIDMFolder= "C:\Users\Tejas\AppData\Roaming\IDM\"
2012-12-24 23:44:30 --> Finilized Path $TempPath= "C:\Users\Tejas\AppData\Roaming\IDM\"
2012-12-24 23:44:30 --> Window Created: IDM Backup Manager0.9.6(Beta) With Error Code: 0

============================= New Session Started at 2012-12-24 23:45:36 --> =============================

============================= System Information =============================
Module Name and Version: IDM Backup Manager0.9.6(Beta)
Module Path: C:\Users\Tejas\Desktop\project\IDM\IDM BUILD_6\IDM Backup Manager1.exe
OS Type: WIN32_NT
OS Version: WIN_7
Service Package: Service Pack 1
Total Memory: 1302072
Available Memory: 613440

============================= Variable Assignment =============================
2012-12-24 23:45:36 --> $AppDataIDMFolder = "C:\Users\Tejas\AppData\Roaming\IDM\"  Error Code:0
2012-12-24 23:45:36 --> $TempPath = "C:\Users\Tejas\AppData\Roaming\IDM\"  Error Code:0
2012-12-24 23:45:36 --> Finilized Path $AppDataIDMFolder= "C:\Users\Tejas\AppData\Roaming\IDM\"
2012-12-24 23:45:36 --> Finilized Path $TempPath= "C:\Users\Tejas\AppData\Roaming\IDM\"
2012-12-24 23:45:36 --> Window Created: IDM Backup Manager0.9.6(Beta) With Error Code: 0

============================= New Session Started at 2012-12-24 23:48:44 --> =============================

============================= System Information =============================
Module Name and Version: IDM Backup Manager0.9.6(Beta)
Module Path: C:\Users\Tejas\Desktop\project\IDM\IDM BUILD_6\IDM Backup Manager1.exe
OS Type: WIN32_NT
OS Version: WIN_7
Service Package: Service Pack 1
Total Memory: 1302072
Available Memory: 616124

============================= Variable Assignment =============================
2012-12-24 23:48:44 --> $AppDataIDMFolder = "C:\Users\Tejas\AppData\Roaming\IDM\"  Error Code:0
2012-12-24 23:48:44 --> $TempPath = "C:\Users\Tejas\AppData\Roaming\IDM\"  Error Code:0
2012-12-24 23:48:44 --> Finilized Path $AppDataIDMFolder= "C:\Users\Tejas\AppData\Roaming\IDM\"
2012-12-24 23:48:44 --> Finilized Path $TempPath= "C:\Users\Tejas\AppData\Roaming\IDM\"
2012-12-24 23:48:45 --> Window Created: IDM Backup Manager0.9.6(Beta) With Error Code: 0

============================= New Session Started at 2012-12-24 23:50:47 --> =============================

============================= System Information =============================
Module Name and Version: IDM Backup Manager0.9.6(Beta)
Module Path: C:\Users\Tejas\Desktop\project\IDM\IDM BUILD_6\IDM Backup Manager1.exe
OS Type: WIN32_NT
OS Version: WIN_7
Service Package: Service Pack 1
Total Memory: 1302072
Available Memory: 621732

============================= Variable Assignment =============================
2012-12-24 23:50:47 --> $AppDataIDMFolder = "C:\Users\Tejas\AppData\Roaming\IDM\"  Error Code:0
2012-12-24 23:50:47 --> $TempPath = "C:\Users\Tejas\AppData\Roaming\IDM\"  Error Code:0
2012-12-24 23:50:47 --> Finilized Path $AppDataIDMFolder= "C:\Users\Tejas\AppData\Roaming\IDM\"
2012-12-24 23:50:47 --> Finilized Path $TempPath= "C:\Users\Tejas\AppData\Roaming\IDM\"
2012-12-24 23:50:48 --> Window Created: IDM Backup Manager0.9.6(Beta) With Error Code: 0

============================= New Session Started at 2012-12-24 23:53:18 --> =============================

============================= System Information =============================
Module Name and Version: IDM Backup Manager0.9.6(Beta)
Module Path: C:\Users\Tejas\Desktop\project\IDM\IDM BUILD_6\IDM Backup Manager.exe
OS Type: WIN32_NT
OS Version: WIN_7
Service Package: Service Pack 1
Total Memory: 1302072
Available Memory: 805104

============================= Variable Assignment =============================
2012-12-24 23:53:18 --> $AppDataIDMFolder = "C:\Users\Tejas\AppData\Roaming\IDM\"  Error Code:0
2012-12-24 23:53:18 --> $TempPath = "C:\Users\Tejas\AppData\Roaming\IDM\"  Error Code:0
2012-12-24 23:53:18 --> Finilized Path $AppDataIDMFolder= "C:\Users\Tejas\AppData\Roaming\IDM\"
2012-12-24 23:53:18 --> Finilized Path $TempPath= "C:\Users\Tejas\AppData\Roaming\IDM\"
2012-12-24 23:53:18 --> Window Created: IDM Backup Manager0.9.6(Beta) With Error Code: 0

============================= New Session Started at 2012-12-24 23:54:56 --> =============================

============================= System Information =============================
Module Name and Version: IDM Backup Manager0.9.6(Beta)
Module Path: C:\Users\Tejas\Desktop\project\IDM\IDM BUILD_6\IDM Backup Manager.exe
OS Type: WIN32_NT
OS Version: WIN_7
Service Package: Service Pack 1
Total Memory: 1302072
Available Memory: 799268

============================= Variable Assignment =============================
2012-12-24 23:54:56 --> $AppDataIDMFolder = "C:\Users\Tejas\AppData\Roaming\IDM\"  Error Code:0
2012-12-24 23:54:56 --> $TempPath = "C:\Users\Tejas\AppData\Roaming\IDM\"  Error Code:0
2012-12-24 23:54:56 --> Finilized Path $AppDataIDMFolder= "C:\Users\Tejas\AppData\Roaming\IDM\"
2012-12-24 23:54:56 --> Finilized Path $TempPath= "C:\Users\Tejas\AppData\Roaming\IDM\"
2012-12-24 23:54:56 --> Window Created: IDM Backup Manager0.9.6(Beta) With Error Code: 0

============================= New Session Started at 2012-12-25 10:45:22 --> =============================

============================= System Information =============================
Module Name and Version: IDM Backup Manager0.9.6(Beta)
Module Path: C:\Users\Tejas\Desktop\project\IDM\IDM BUILD_6\IDM Backup Manager.exe
OS Type: WIN32_NT
OS Version: WIN_7
Service Package: Service Pack 1
Total Memory: 1302072
Available Memory: 586152

============================= Variable Assignment =============================
2012-12-25 10:45:23 --> Internet Download Manager Is Running Now...User Selected No
2012-12-25 10:45:23 --> $AppDataIDMFolder = "C:\Users\Tejas\AppData\Roaming\IDM\"  Error Code:0
2012-12-25 10:45:23 --> $TempPath = "C:\Users\Tejas\AppData\Roaming\IDM\"  Error Code:0
2012-12-25 10:45:23 --> Finilized Path $AppDataIDMFolder= "C:\Users\Tejas\AppData\Roaming\IDM\"
2012-12-25 10:45:23 --> Finilized Path $TempPath= "C:\Users\Tejas\AppData\Roaming\IDM\"
2012-12-25 10:45:24 --> Window Created: IDM Backup Manager0.9.6(Beta) With Error Code: 0

============================= New Session Started at 2012-12-25 11:29:08 --> =============================

============================= System Information =============================
Module Name and Version: IDM Backup Manager0.9.6(Beta)
Module Path: C:\Users\Tejas\Desktop\project\IDM\IDM BUILD_6\IDM Backup Manager.exe
OS Type: WIN32_NT
OS Version: WIN_7
Service Package: Service Pack 1
Total Memory: 1302072
Available Memory: 541700

============================= Variable Assignment =============================
2012-12-25 11:29:09 --> Internet Download Manager Is Running Now...User Selected No
2012-12-25 11:29:10 --> $AppDataIDMFolder = "C:\Users\Tejas\AppData\Roaming\IDM\"  Error Code:0
2012-12-25 11:29:10 --> $TempPath = "C:\Users\Tejas\AppData\Roaming\IDM\"  Error Code:0
2012-12-25 11:29:10 --> Finilized Path $AppDataIDMFolder= "C:\Users\Tejas\AppData\Roaming\IDM\"
2012-12-25 11:29:10 --> Finilized Path $TempPath= "C:\Users\Tejas\AppData\Roaming\IDM\"
2012-12-25 11:29:10 --> Window Created: IDM Backup Manager0.9.6(Beta) With Error Code: 0

============================= New Session Started at 2012-12-25 12:00:42 --> =============================

============================= System Information =============================
Module Name and Version: IDM Backup Manager0.9.6(Beta)
Module Path: C:\Users\Tejas\Desktop\project\IDM\IDM BUILD_6\IDM Backup Manager.exe
OS Type: WIN32_NT
OS Version: WIN_7
Service Package: Service Pack 1
Total Memory: 1302072
Available Memory: 473008

============================= Variable Assignment =============================
2012-12-25 12:00:42 --> Internet Download Manager Is Running Now...User Selected No
2012-12-25 12:00:43 --> $AppDataIDMFolder = "C:\Users\Tejas\AppData\Roaming\IDM\"  Error Code:0
2012-12-25 12:00:43 --> $TempPath = "C:\Users\Tejas\AppData\Roaming\IDM\"  Error Code:0
2012-12-25 12:00:43 --> Finilized Path $AppDataIDMFolder= "C:\Users\Tejas\AppData\Roaming\IDM\"
2012-12-25 12:00:43 --> Finilized Path $TempPath= "C:\Users\Tejas\AppData\Roaming\IDM\"
2012-12-25 12:00:43 --> Window Created: IDM Backup Manager0.9.6(Beta) With Error Code: 0

============================= New Session Started at 2012-12-25 12:01:56 --> =============================

============================= System Information =============================
Module Name and Version: IDM Backup Manager0.9.6(Beta)
Module Path: C:\Users\Tejas\Desktop\project\IDM\IDM BUILD_6\IDM Backup Manager.exe
OS Type: WIN32_NT
OS Version: WIN_7
Service Package: Service Pack 1
Total Memory: 1302072
Available Memory: 456116

============================= Variable Assignment =============================
2012-12-25 12:01:57 --> Internet Download Manager Is Running Now...User Selected No
2012-12-25 12:01:57 --> $AppDataIDMFolder = "C:\Users\Tejas\AppData\Roaming\IDM\"  Error Code:0
2012-12-25 12:01:57 --> $TempPath = "C:\Users\Tejas\AppData\Roaming\IDM\"  Error Code:0
2012-12-25 12:01:57 --> Finilized Path $AppDataIDMFolder= "C:\Users\Tejas\AppData\Roaming\IDM\"
2012-12-25 12:01:57 --> Finilized Path $TempPath= "C:\Users\Tejas\AppData\Roaming\IDM\"
2012-12-25 12:01:58 --> Window Created: IDM Backup Manager0.9.6(Beta) With Error Code: 0

============================= New Session Started at 2012-12-25 18:22:20 --> =============================

============================= System Information =============================
Module Name and Version: IDM Backup Manager0.9.6(Beta)
Module Path: C:\Users\Tejas\Desktop\project\IDM\IDM BUILD_6\IDM Backup Manager.exe
OS Type: WIN32_NT
OS Version: WIN_7
Service Package: Service Pack 1
Total Memory: 1302072
Available Memory: 557604

============================= Variable Assignment =============================
2012-12-25 18:22:20 --> $AppDataIDMFolder = "C:\Users\Tejas\AppData\Roaming\IDM\"  Error Code:0
2012-12-25 18:22:20 --> $TempPath = "C:\Users\Tejas\AppData\Roaming\IDM\"  Error Code:0
2012-12-25 18:22:20 --> Finilized Path $AppDataIDMFolder= "C:\Users\Tejas\AppData\Roaming\IDM\"
2012-12-25 18:22:20 --> Finilized Path $TempPath= "C:\Users\Tejas\AppData\Roaming\IDM\"
2012-12-25 18:22:20 --> Window Created: IDM Backup Manager0.9.6(Beta) With Error Code: 0

============================= New Session Started at 2012-12-25 18:25:40 --> =============================

============================= System Information =============================
Module Name and Version: IDM Backup Manager0.9.6(Beta)
Module Path: C:\Users\Tejas\Desktop\project\IDM\IDM BUILD_6\IDM Backup Manager.exe
OS Type: WIN32_NT
OS Version: WIN_7
Service Package: Service Pack 1
Total Memory: 1302072
Available Memory: 561804

============================= Variable Assignment =============================
2012-12-25 18:25:40 --> $AppDataIDMFolder = "C:\Users\Tejas\AppData\Roaming\IDM\"  Error Code:0
2012-12-25 18:25:40 --> $TempPath = "C:\Users\Tejas\AppData\Roaming\IDM\"  Error Code:0
2012-12-25 18:25:40 --> Finilized Path $AppDataIDMFolder= "C:\Users\Tejas\AppData\Roaming\IDM\"
2012-12-25 18:25:40 --> Finilized Path $TempPath= "C:\Users\Tejas\AppData\Roaming\IDM\"
2012-12-25 18:25:40 --> Window Created: IDM Backup Manager0.9.6(Beta) With Error Code: 0

============================= New Session Started at 2012-12-25 20:49:50 --> =============================

============================= System Information =============================
Module Name and Version: IDM Backup Manager0.9.6(Beta)
Module Path: C:\Users\Tejas\Desktop\project\IDM\IDM BUILD_6\IDM Backup Manager.exe
OS Type: WIN32_NT
OS Version: WIN_7
Service Package: Service Pack 1
Total Memory: 1302072
Available Memory: 287704

============================= Variable Assignment =============================
2012-12-25 20:49:50 --> $AppDataIDMFolder = "C:\Users\Tejas\AppData\Roaming\IDM\"  Error Code:0
2012-12-25 20:49:50 --> $TempPath = "C:\Users\Tejas\AppData\Roaming\IDM\"  Error Code:0
2012-12-25 20:49:50 --> Finilized Path $AppDataIDMFolder= "C:\Users\Tejas\AppData\Roaming\IDM\"
2012-12-25 20:49:50 --> Finilized Path $TempPath= "C:\Users\Tejas\AppData\Roaming\IDM\"
2012-12-25 20:49:50 --> Window Created: IDM Backup Manager0.9.6(Beta) With Error Code: 0

============================= New Session Started at 2012-12-25 20:50:07 --> =============================

============================= System Information =============================
Module Name and Version: IDM Backup Manager0.9.6(Beta)
Module Path: C:\Users\Tejas\Desktop\project\IDM\IDM BUILD_6\IDM Backup Manager.exe
OS Type: WIN32_NT
OS Version: WIN_7
Service Package: Service Pack 1
Total Memory: 1302072
Available Memory: 284156

============================= Variable Assignment =============================
2012-12-25 20:50:07 --> $AppDataIDMFolder = "C:\Users\Tejas\AppData\Roaming\IDM\"  Error Code:0
2012-12-25 20:50:07 --> $TempPath = "C:\Users\Tejas\AppData\Roaming\IDM\"  Error Code:0
2012-12-25 20:50:07 --> Finilized Path $AppDataIDMFolder= "C:\Users\Tejas\AppData\Roaming\IDM\"
2012-12-25 20:50:07 --> Finilized Path $TempPath= "C:\Users\Tejas\AppData\Roaming\IDM\"
2012-12-25 20:50:08 --> Window Created: IDM Backup Manager0.9.6(Beta) With Error Code: 0

============================= New Session Started at 2012-12-25 20:51:05 --> =============================

============================= System Information =============================
Module Name and Version: IDM Backup Manager0.9.6(Beta)
Module Path: C:\Users\Tejas\Desktop\project\IDM\IDM BUILD_6\IDM Backup Manager.au3
OS Type: WIN32_NT
OS Version: WIN_7
Service Package: Service Pack 1
Total Memory: 1302072
Available Memory: 268856

============================= Variable Assignment =============================
2012-12-25 20:51:05 --> $AppDataIDMFolder = "C:\Users\Tejas\AppData\Roaming\IDM\"  Error Code:0
2012-12-25 20:51:05 --> $TempPath = "C:\Users\Tejas\AppData\Roaming\IDM\"  Error Code:0
2012-12-25 20:51:05 --> Finilized Path $AppDataIDMFolder= "C:\Users\Tejas\AppData\Roaming\IDM\"
2012-12-25 20:51:05 --> Finilized Path $TempPath= "C:\Users\Tejas\AppData\Roaming\IDM\"
2012-12-25 20:51:05 --> Window Created: IDM Backup Manager0.9.6(Beta) With Error Code: 0

============================= New Session Started at 2012-12-25 20:51:48 --> =============================

============================= System Information =============================
Module Name and Version: IDM Backup Manager0.9.6(Beta)
Module Path: C:\Users\Tejas\Desktop\project\IDM\IDM BUILD_6\IDM Backup Manager.au3
OS Type: WIN32_NT
OS Version: WIN_7
Service Package: Service Pack 1
Total Memory: 1302072
Available Memory: 249640

============================= Variable Assignment =============================
2012-12-25 20:51:48 --> $AppDataIDMFolder = "C:\Users\Tejas\AppData\Roaming\IDM\"  Error Code:0
2012-12-25 20:51:48 --> $TempPath = "C:\Users\Tejas\AppData\Roaming\IDM\"  Error Code:0
2012-12-25 20:51:48 --> Finilized Path $AppDataIDMFolder= "C:\Users\Tejas\AppData\Roaming\IDM\"
2012-12-25 20:51:48 --> Finilized Path $TempPath= "C:\Users\Tejas\AppData\Roaming\IDM\"
2012-12-25 20:51:48 --> Window Created: IDM Backup Manager0.9.6(Beta) With Error Code: 0

============================= New Session Started at 2012-12-25 20:53:50 --> =============================

============================= System Information =============================
Module Name and Version: IDM Backup Manager0.9.6(Beta)
Module Path: C:\Users\Tejas\Desktop\project\IDM\IDM BUILD_6\IDM Backup Manager.exe
OS Type: WIN32_NT
OS Version: WIN_7
Service Package: Service Pack 1
Total Memory: 1302072
Available Memory: 284352

============================= Variable Assignment =============================
2012-12-25 20:53:50 --> $AppDataIDMFolder = "C:\Users\Tejas\AppData\Roaming\IDM\"  Error Code:0
2012-12-25 20:53:50 --> $TempPath = "C:\Users\Tejas\AppData\Roaming\IDM\"  Error Code:0
2012-12-25 20:53:50 --> Finilized Path $AppDataIDMFolder= "C:\Users\Tejas\AppData\Roaming\IDM\"
2012-12-25 20:53:50 --> Finilized Path $TempPath= "C:\Users\Tejas\AppData\Roaming\IDM\"
2012-12-25 20:53:50 --> Window Created: IDM Backup Manager0.9.6(Beta) With Error Code: 0

============================= New Session Started at 2012-12-25 20:56:21 --> =============================

============================= System Information =============================
Module Name and Version: IDM Backup Manager0.9.6(Beta)
Module Path: C:\Users\Tejas\Desktop\project\IDM\IDM BUILD_6\IDM Backup Manager.exe
OS Type: WIN32_NT
OS Version: WIN_7
Service Package: Service Pack 1
Total Memory: 1302072
Available Memory: 370816

============================= Variable Assignment =============================
2012-12-25 20:56:21 --> $AppDataIDMFolder = "C:\Users\Tejas\AppData\Roaming\IDM\"  Error Code:0
2012-12-25 20:56:21 --> $TempPath = "C:\Users\Tejas\AppData\Roaming\IDM\"  Error Code:0
2012-12-25 20:56:21 --> Finilized Path $AppDataIDMFolder= "C:\Users\Tejas\AppData\Roaming\IDM\"
2012-12-25 20:56:21 --> Finilized Path $TempPath= "C:\Users\Tejas\AppData\Roaming\IDM\"
2012-12-25 20:56:21 --> Window Created: IDM Backup Manager0.9.6(Beta) With Error Code: 0

============================= New Session Started at 2012-12-25 20:57:19 --> =============================

============================= System Information =============================
Module Name and Version: IDM Backup Manager0.9.6(Beta)
Module Path: C:\Users\Tejas\Desktop\project\IDM\IDM BUILD_6\IDM Backup Manager.exe
OS Type: WIN32_NT
OS Version: WIN_7
Service Package: Service Pack 1
Total Memory: 1302072
Available Memory: 367036

============================= Variable Assignment =============================
2012-12-25 20:57:19 --> $AppDataIDMFolder = "C:\Users\Tejas\AppData\Roaming\IDM\"  Error Code:0
2012-12-25 20:57:19 --> $TempPath = "C:\Users\Tejas\AppData\Roaming\IDM\"  Error Code:0
2012-12-25 20:57:19 --> Finilized Path $AppDataIDMFolder= "C:\Users\Tejas\AppData\Roaming\IDM\"
2012-12-25 20:57:19 --> Finilized Path $TempPath= "C:\Users\Tejas\AppData\Roaming\IDM\"
2012-12-25 20:57:19 --> Window Created: IDM Backup Manager0.9.6(Beta) With Error Code: 0

============================= Backup Session Started =============================
2012-12-25 20:57:41 --> Password= "True"
2012-12-25 20:57:41 --> $ini_File= "C:\Users\Tejas\AppData\Local\Temp\idm_guest_Setting.ini"
2012-12-25 20:57:41 --> $reg_File= "C:\Users\Tejas\AppData\Local\Temp\IDMregistry.reg"
2012-12-25 20:59:06 --> Registry Backup Successful Total Key = "1658"
2012-12-25 20:59:06 --> User Selected Full Backup to  = "C:\Users\Tejas\Documents\IDM Backup Files\IDMbackup2.ibf"
2012-12-25 20:59:07 --> Command Line: C:\Users\Tejas\Desktop\project\IDM\IDM BUILD_6\7z.exe a "C:\Users\Tejas\Documents\IDM Backup Files\IDMbackup2.ibf" -mx7 -p"11" "C:\Users\Tejas\AppData\Roaming\IDM\*"
2012-12-25 20:59:51 --> Added $TempPath = "C:\Users\Tejas\AppData\Roaming\IDM\" Error Code:Done
2012-12-25 20:59:52 --> Command Line: C:\Users\Tejas\Desktop\project\IDM\IDM BUILD_6\7z.exe a "C:\Users\Tejas\Documents\IDM Backup Files\IDMbackup2.ibf" -mx7 -p"11" "C:\Users\Tejas\AppData\Local\Temp\IDMregistry.reg"
2012-12-25 21:00:03 --> Added $reg_File = "C:\Users\Tejas\AppData\Local\Temp\IDMregistry.reg" Error Code:Done
2012-12-25 21:00:03 --> Command Line: C:\Users\Tejas\Desktop\project\IDM\IDM BUILD_6\7z.exe a "C:\Users\Tejas\Documents\IDM Backup Files\IDMbackup2.ibf" -mx7 "C:\Users\Tejas\AppData\Local\Temp\idm_guest_Setting.ini"
2012-12-25 21:00:04 --> Added $ini_File = "C:\Users\Tejas\AppData\Local\Temp\idm_guest_Setting.ini" Error Code:Done
============================= Backup Session Ended =============================

============================= New Session Started at 2012-12-25 22:14:30 --> =============================

============================= System Information =============================
Module Name and Version: IDM Backup Manager0.9.6(Beta)
Module Path: C:\Users\Tejas\Desktop\project\IDM\IDM BUILD_6\IDM Backup Manager.exe
OS Type: WIN32_NT
OS Version: WIN_7
Service Package: Service Pack 1
Total Memory: 1302072
Available Memory: 736916

============================= Variable Assignment =============================
2012-12-25 22:14:30 --> $AppDataIDMFolder = "C:\Users\Tejas\AppData\Roaming\IDM\"  Error Code:0
2012-12-25 22:14:30 --> $TempPath = "C:\Users\Tejas\AppData\Roaming\IDM\"  Error Code:0
2012-12-25 22:14:30 --> Finilized Path $AppDataIDMFolder= "C:\Users\Tejas\AppData\Roaming\IDM\"
2012-12-25 22:14:30 --> Finilized Path $TempPath= "C:\Users\Tejas\AppData\Roaming\IDM\"
2012-12-25 22:14:30 --> Window Created: IDM Backup Manager0.9.6(Beta) With Error Code: 0

============================= New Session Started at 2012-12-25 22:33:26 --> =============================

============================= System Information =============================
Module Name and Version: IDM Backup Manager0.9.6(Beta)
Module Path: C:\Users\Tejas\Desktop\project\IDM\IDM BUILD_6\IDM Backup Manager.au3
OS Type: WIN32_NT
OS Version: WIN_7
Service Package: Service Pack 1
Total Memory: 1302072
Available Memory: 740804

============================= Variable Assignment =============================
2012-12-25 22:33:26 --> $AppDataIDMFolder = "C:\Users\Tejas\AppData\Roaming\IDM\"  Error Code:0
2012-12-25 22:33:26 --> $TempPath = "C:\Users\Tejas\AppData\Roaming\IDM\"  Error Code:0
2012-12-25 22:33:26 --> Finilized Path $AppDataIDMFolder= "C:\Users\Tejas\AppData\Roaming\IDM\"
2012-12-25 22:33:26 --> Finilized Path $TempPath= "C:\Users\Tejas\AppData\Roaming\IDM\"
2012-12-25 22:33:27 --> Window Created: IDM Backup Manager0.9.6(Beta) With Error Code: 0

============================= New Session Started at 2012-12-25 22:36:10 --> =============================

============================= System Information =============================
Module Name and Version: IDM Backup Manager0.9.6(Beta)
Module Path: C:\Users\Tejas\Desktop\project\IDM\IDM BUILD_6\IDM Backup Manager.exe
OS Type: WIN32_NT
OS Version: WIN_7
Service Package: Service Pack 1
Total Memory: 1302072
Available Memory: 791328

============================= Variable Assignment =============================
2012-12-25 22:36:10 --> $AppDataIDMFolder = "C:\Users\Tejas\AppData\Roaming\IDM\"  Error Code:0
2012-12-25 22:36:10 --> $TempPath = "C:\Users\Tejas\AppData\Roaming\IDM\"  Error Code:0
2012-12-25 22:36:10 --> Finilized Path $AppDataIDMFolder= "C:\Users\Tejas\AppData\Roaming\IDM\"
2012-12-25 22:36:10 --> Finilized Path $TempPath= "C:\Users\Tejas\AppData\Roaming\IDM\"
2012-12-25 22:36:11 --> Window Created: IDM Backup Manager0.9.6(Beta) With Error Code: 0

============================= New Session Started at 2012-12-25 22:36:24 --> =============================

============================= System Information =============================
Module Name and Version: IDM Backup Manager0.9.6(Beta)
Module Path: C:\Users\Tejas\Desktop\project\IDM\IDM BUILD_6\IDM Backup Manager.exe
OS Type: WIN32_NT
OS Version: WIN_7
Service Package: Service Pack 1
Total Memory: 1302072
Available Memory: 790560

============================= Variable Assignment =============================
2012-12-25 22:36:24 --> $AppDataIDMFolder = "C:\Users\Tejas\AppData\Roaming\IDM\"  Error Code:0
2012-12-25 22:36:24 --> $TempPath = "C:\Users\Tejas\AppData\Roaming\IDM\"  Error Code:0
2012-12-25 22:36:24 --> Finilized Path $AppDataIDMFolder= "C:\Users\Tejas\AppData\Roaming\IDM\"
2012-12-25 22:36:24 --> Finilized Path $TempPath= "C:\Users\Tejas\AppData\Roaming\IDM\"
2012-12-25 22:36:24 --> Window Created: IDM Backup Manager0.9.6(Beta) With Error Code: 0

============================= New Session Started at 2012-12-25 22:38:29 --> =============================

============================= System Information =============================
Module Name and Version: IDM Backup Manager0.9.6(Beta)
Module Path: C:\Users\Tejas\Desktop\project\IDM\IDM BUILD_6\IDM Backup Manager.exe
OS Type: WIN32_NT
OS Version: WIN_7
Service Package: Service Pack 1
Total Memory: 1302072
Available Memory: 791416

============================= Variable Assignment =============================
2012-12-25 22:38:29 --> $AppDataIDMFolder = "C:\Users\Tejas\AppData\Roaming\IDM\"  Error Code:0
2012-12-25 22:38:29 --> $TempPath = "C:\Users\Tejas\AppData\Roaming\IDM\"  Error Code:0
2012-12-25 22:38:29 --> Finilized Path $AppDataIDMFolder= "C:\Users\Tejas\AppData\Roaming\IDM\"
2012-12-25 22:38:29 --> Finilized Path $TempPath= "C:\Users\Tejas\AppData\Roaming\IDM\"
2012-12-25 22:38:29 --> Window Created: IDM Backup Manager0.9.6(Beta) With Error Code: 0

============================= New Session Started at 2012-12-25 22:38:45 --> =============================

============================= System Information =============================
Module Name and Version: IDM Backup Manager0.9.6(Beta)
Module Path: C:\Users\Tejas\Desktop\project\IDM\IDM BUILD_6\IDM Backup Manager.exe
OS Type: WIN32_NT
OS Version: WIN_7
Service Package: Service Pack 1
Total Memory: 1302072
Available Memory: 791528

============================= Variable Assignment =============================
2012-12-25 22:38:45 --> $AppDataIDMFolder = "C:\Users\Tejas\AppData\Roaming\IDM\"  Error Code:0
2012-12-25 22:38:45 --> $TempPath = "C:\Users\Tejas\AppData\Roaming\IDM\"  Error Code:0
2012-12-25 22:38:45 --> Finilized Path $AppDataIDMFolder= "C:\Users\Tejas\AppData\Roaming\IDM\"
2012-12-25 22:38:45 --> Finilized Path $TempPath= "C:\Users\Tejas\AppData\Roaming\IDM\"
2012-12-25 22:38:45 --> Window Created: IDM Backup Manager0.9.6(Beta) With Error Code: 0

============================= New Session Started at 2012-12-25 22:49:54 --> =============================

============================= System Information =============================
Module Name and Version: IDM Backup Manager0.9.6(Beta)
Module Path: C:\Users\Tejas\Desktop\project\IDM\IDM BUILD_6\IDM Backup Manager.exe
OS Type: WIN32_NT
OS Version: WIN_7
Service Package: Service Pack 1
Total Memory: 1302072
Available Memory: 780444

============================= Variable Assignment =============================
2012-12-25 22:49:54 --> $AppDataIDMFolder = "C:\Users\Tejas\AppData\Roaming\IDM\"  Error Code:0
2012-12-25 22:49:54 --> $TempPath = "C:\Users\Tejas\AppData\Roaming\IDM\"  Error Code:0
2012-12-25 22:49:54 --> Finilized Path $AppDataIDMFolder= "C:\Users\Tejas\AppData\Roaming\IDM\"
2012-12-25 22:49:54 --> Finilized Path $TempPath= "C:\Users\Tejas\AppData\Roaming\IDM\"
2012-12-25 22:49:55 --> Window Created: IDM Backup Manager0.9.6(Beta) With Error Code: 0

============================= New Session Started at 2012-12-25 23:00:46 --> =============================

============================= System Information =============================
Module Name and Version: IDM Backup Manager0.9.6(Beta)
Module Path: C:\Users\Tejas\Desktop\project\IDM\IDM BUILD_6\IDM Backup Manager.exe
OS Type: WIN32_NT
OS Version: WIN_7
Service Package: Service Pack 1
Total Memory: 1302072
Available Memory: 792708

============================= Variable Assignment =============================
2012-12-25 23:00:46 --> $AppDataIDMFolder = "C:\Users\Tejas\AppData\Roaming\IDM\"  Error Code:0
2012-12-25 23:00:46 --> $TempPath = "C:\Users\Tejas\AppData\Roaming\IDM\"  Error Code:0
2012-12-25 23:00:46 --> Finilized Path $AppDataIDMFolder= "C:\Users\Tejas\AppData\Roaming\IDM\"
2012-12-25 23:00:47 --> Finilized Path $TempPath= "C:\Users\Tejas\AppData\Roaming\IDM\"
2012-12-25 23:00:47 --> Window Created: IDM Backup Manager0.9.6(Beta) With Error Code: 0

============================= New Session Started at 2012-12-25 23:01:07 --> =============================

============================= System Information =============================
Module Name and Version: IDM Backup Manager0.9.6(Beta)
Module Path: C:\Users\Tejas\Desktop\project\IDM\IDM BUILD_6\IDM Backup Manager.exe
OS Type: WIN32_NT
OS Version: WIN_7
Service Package: Service Pack 1
Total Memory: 1302072
Available Memory: 792164

============================= Variable Assignment =============================
2012-12-25 23:01:07 --> $AppDataIDMFolder = "C:\Users\Tejas\AppData\Roaming\IDM\"  Error Code:0
2012-12-25 23:01:07 --> $TempPath = "C:\Users\Tejas\AppData\Roaming\IDM\"  Error Code:0
2012-12-25 23:01:07 --> Finilized Path $AppDataIDMFolder= "C:\Users\Tejas\AppData\Roaming\IDM\"
2012-12-25 23:01:07 --> Finilized Path $TempPath= "C:\Users\Tejas\AppData\Roaming\IDM\"
2012-12-25 23:01:07 --> Window Created: IDM Backup Manager0.9.6(Beta) With Error Code: 0

============================= Restore Session Started =============================
2012-12-25 23:01:09 --> $Restore_7z_path= "C:\Users\Tejas\Documents\IDM Backup Files\IDMbackup1.ibf"
2012-12-25 23:01:09 --> $ini_File= "C:\Users\Tejas\AppData\Local\Temp\idm_guest_Setting.ini"
2012-12-25 23:01:09 --> $reg_File= "C:\Users\Tejas\AppData\Local\Temp\IDMregistry.reg"
2012-12-25 23:01:09 --> Command Line: C:\Users\Tejas\Desktop\project\IDM\IDM BUILD_6\7z.exe x "C:\Users\Tejas\Documents\IDM Backup Files\IDMbackup1.ibf" -y -o"C:\Users\Tejas\AppData\Local\Temp\" idm_guest_Setting.ini -r
2012-12-25 23:01:10 --> Extracting idm_guest_Setting.ini = "C:\Users\Tejas\Documents\IDM Backup Files\IDMbackup1.ibf-->idm_guest_Setting.ini" Error Code:Done
2012-12-25 23:01:10 --> Password Protected Backup File Detected
2012-12-25 23:01:12 --> Checkbox Not Yet Checked !

============================= Restore Session Started =============================
2012-12-25 23:01:12 --> $Restore_7z_path= "C:\Users\Tejas\Documents\IDM Backup Files\IDMbackup1.ibf"
2012-12-25 23:01:12 --> $ini_File= "C:\Users\Tejas\AppData\Local\Temp\idm_guest_Setting.ini"
2012-12-25 23:01:12 --> $reg_File= "C:\Users\Tejas\AppData\Local\Temp\IDMregistry.reg"
2012-12-25 23:01:12 --> Command Line: C:\Users\Tejas\Desktop\project\IDM\IDM BUILD_6\7z.exe x "C:\Users\Tejas\Documents\IDM Backup Files\IDMbackup1.ibf" -y -o"C:\Users\Tejas\AppData\Local\Temp\" idm_guest_Setting.ini -r
2012-12-25 23:01:12 --> Extracting idm_guest_Setting.ini = "C:\Users\Tejas\Documents\IDM Backup Files\IDMbackup1.ibf-->idm_guest_Setting.ini" Error Code:Done
2012-12-25 23:01:12 --> Password Protected Backup File Detected
2012-12-25 23:01:13 --> Checkbox Not Yet Checked !

============================= Restore Session Started =============================
2012-12-25 23:01:16 --> $Restore_7z_path= "C:\Users\Tejas\Documents\IDM Backup Files\IDMbackup1.ibf"
2012-12-25 23:01:16 --> $ini_File= "C:\Users\Tejas\AppData\Local\Temp\idm_guest_Setting.ini"
2012-12-25 23:01:16 --> $reg_File= "C:\Users\Tejas\AppData\Local\Temp\IDMregistry.reg"
2012-12-25 23:01:16 --> Command Line: C:\Users\Tejas\Desktop\project\IDM\IDM BUILD_6\7z.exe x "C:\Users\Tejas\Documents\IDM Backup Files\IDMbackup1.ibf" -y -o"C:\Users\Tejas\AppData\Local\Temp\" idm_guest_Setting.ini -r
2012-12-25 23:01:16 --> Extracting idm_guest_Setting.ini = "C:\Users\Tejas\Documents\IDM Backup Files\IDMbackup1.ibf-->idm_guest_Setting.ini" Error Code:Done
2012-12-25 23:01:16 --> Password Protected Backup File Detected
2012-12-25 23:01:17 --> Checkbox Not Yet Checked !

============================= Restore Session Started =============================
2012-12-25 23:01:20 --> $Restore_7z_path= "C:\Users\Tejas\Documents\IDM Backup Files\IDMbackup1.ibf"
2012-12-25 23:01:20 --> $ini_File= "C:\Users\Tejas\AppData\Local\Temp\idm_guest_Setting.ini"
2012-12-25 23:01:20 --> $reg_File= "C:\Users\Tejas\AppData\Local\Temp\IDMregistry.reg"
2012-12-25 23:01:20 --> Command Line: C:\Users\Tejas\Desktop\project\IDM\IDM BUILD_6\7z.exe x "C:\Users\Tejas\Documents\IDM Backup Files\IDMbackup1.ibf" -y -o"C:\Users\Tejas\AppData\Local\Temp\" idm_guest_Setting.ini -r
2012-12-25 23:01:20 --> Extracting idm_guest_Setting.ini = "C:\Users\Tejas\Documents\IDM Backup Files\IDMbackup1.ibf-->idm_guest_Setting.ini" Error Code:Done
2012-12-25 23:01:20 --> Password Protected Backup File Detected
2012-12-25 23:01:22 --> Empty Password !

============================= Restore Session Started =============================
2012-12-25 23:01:25 --> $Restore_7z_path= "C:\Users\Tejas\Documents\IDM Backup Files\IDMbackup1.ibf"
2012-12-25 23:01:25 --> $ini_File= "C:\Users\Tejas\AppData\Local\Temp\idm_guest_Setting.ini"
2012-12-25 23:01:25 --> $reg_File= "C:\Users\Tejas\AppData\Local\Temp\IDMregistry.reg"
2012-12-25 23:01:25 --> Command Line: C:\Users\Tejas\Desktop\project\IDM\IDM BUILD_6\7z.exe x "C:\Users\Tejas\Documents\IDM Backup Files\IDMbackup1.ibf" -y -o"C:\Users\Tejas\AppData\Local\Temp\" idm_guest_Setting.ini -r
2012-12-25 23:01:25 --> Extracting idm_guest_Setting.ini = "C:\Users\Tejas\Documents\IDM Backup Files\IDMbackup1.ibf-->idm_guest_Setting.ini" Error Code:Done
2012-12-25 23:01:25 --> Password Protected Backup File Detected
2012-12-25 23:01:25 --> Command Line: C:\Users\Tejas\Desktop\project\IDM\IDM BUILD_6\7z.exe t "C:\Users\Tejas\Documents\IDM Backup Files\IDMbackup1.ibf" -p"478" 
2012-12-25 23:01:37 --> CRC Failed May Be Wrong Password !

============================= New Session Started at 2012-12-25 23:03:38 --> =============================

============================= System Information =============================
Module Name and Version: IDM Backup Manager0.9.6(Beta)
Module Path: C:\Users\Tejas\Desktop\project\IDM\IDM BUILD_6\IDM Backup Manager.exe
OS Type: WIN32_NT
OS Version: WIN_7
Service Package: Service Pack 1
Total Memory: 1302072
Available Memory: 761560

============================= Variable Assignment =============================
2012-12-25 23:03:38 --> $AppDataIDMFolder = "C:\Users\Tejas\AppData\Roaming\IDM\"  Error Code:0
2012-12-25 23:03:38 --> $TempPath = "C:\Users\Tejas\AppData\Roaming\IDM\"  Error Code:0
2012-12-25 23:03:38 --> Finilized Path $AppDataIDMFolder= "C:\Users\Tejas\AppData\Roaming\IDM\"
2012-12-25 23:03:38 --> Finilized Path $TempPath= "C:\Users\Tejas\AppData\Roaming\IDM\"
2012-12-25 23:03:39 --> Window Created: IDM Backup Manager0.9.6(Beta) With Error Code: 0

============================= New Session Started at 2012-12-26 10:58:25 --> =============================

============================= System Information =============================
Module Name and Version: IDM Backup Manager0.9.6(Beta)
Module Path: C:\Users\Tejas\Desktop\project\IDM\IDM BUILD_6\IDM Backup Manager.exe
OS Type: WIN32_NT
OS Version: WIN_7
Service Package: Service Pack 1
Total Memory: 1302072
Available Memory: 525516

============================= Variable Assignment =============================
2012-12-26 10:58:26 --> Internet Download Manager Is Running Now...User Selected No
2012-12-26 10:58:27 --> $AppDataIDMFolder = "C:\Users\Tejas\AppData\Roaming\IDM\"  Error Code:0
2012-12-26 10:58:27 --> $TempPath = "C:\Users\Tejas\AppData\Roaming\IDM\"  Error Code:0
2012-12-26 10:58:27 --> Finilized Path $AppDataIDMFolder= "C:\Users\Tejas\AppData\Roaming\IDM\"
2012-12-26 10:58:27 --> Finilized Path $TempPath= "C:\Users\Tejas\AppData\Roaming\IDM\"
2012-12-26 10:58:27 --> Window Created: IDM Backup Manager0.9.6(Beta) With Error Code: 0

============================= New Session Started at 2012-12-26 11:00:15 --> =============================

============================= System Information =============================
Module Name and Version: IDM Backup Manager0.9.6(Beta)
Module Path: C:\Users\Tejas\Desktop\project\IDM\IDM BUILD_6\IDM Backup Manager.exe
OS Type: WIN32_NT
OS Version: WIN_7
Service Package: Service Pack 1
Total Memory: 1302072
Available Memory: 579524

============================= Variable Assignment =============================
2012-12-26 11:00:16 --> Internet Download Manager Is Running Now...User Selected No
2012-12-26 11:00:16 --> $AppDataIDMFolder = "C:\Users\Tejas\AppData\Roaming\IDM\"  Error Code:0
2012-12-26 11:00:16 --> $TempPath = "C:\Users\Tejas\AppData\Roaming\IDM\"  Error Code:0
2012-12-26 11:00:16 --> Finilized Path $AppDataIDMFolder= "C:\Users\Tejas\AppData\Roaming\IDM\"
2012-12-26 11:00:16 --> Finilized Path $TempPath= "C:\Users\Tejas\AppData\Roaming\IDM\"
2012-12-26 11:00:16 --> Window Created: IDM Backup Manager0.9.6(Beta) With Error Code: 0

============================= New Session Started at 2012-12-26 12:40:00 --> =============================

============================= System Information =============================
Module Name and Version: IDM Backup Manager0.9.6(Beta)
Module Path: C:\Users\Tejas\Desktop\project\IDM\IDM BUILD_6\IDM Backup Manager.exe
OS Type: WIN32_NT
OS Version: WIN_XP
Service Package: Service Pack 3
Total Memory: 1302000
Available Memory: 927384

============================= Variable Assignment =============================
2012-12-26 12:40:00 --> $AppDataIDMFolder = ""  Error Code:0
2012-12-26 12:40:00 --> $TempPath = ""  Error Code:0
2012-12-26 12:40:00 --> Not Found $TempPath: ""
2012-12-26 12:40:00 --> Auto assign $TempPath: "D:\Documents and Settings\Tejas\Application Data\IDM\"
2012-12-26 12:40:00 --> Not Found $AppDataIDMFolder: ""
2012-12-26 12:40:00 --> Auto assign $TempPath: "D:\Documents and Settings\Tejas\Application Data\IDM\"
2012-12-26 12:40:00 --> Window Created: IDM Backup Manager0.9.6(Beta) With Error Code: 0

============================= New Session Started at 2012-12-26 12:41:01 --> =============================

============================= System Information =============================
Module Name and Version: IDM Backup Manager0.9.6(Beta)
Module Path: C:\Users\Tejas\Desktop\project\IDM\IDM BUILD_6\IDM Backup Manager.exe
OS Type: WIN32_NT
OS Version: WIN_XP
Service Package: Service Pack 3
Total Memory: 1302000
Available Memory: 935200

============================= Variable Assignment =============================
2012-12-26 12:41:01 --> $AppDataIDMFolder = ""  Error Code:0
2012-12-26 12:41:01 --> $TempPath = ""  Error Code:0
2012-12-26 12:41:01 --> Not Found $TempPath: ""
2012-12-26 12:41:01 --> Auto assign $TempPath: "D:\Documents and Settings\Tejas\Application Data\IDM\"
2012-12-26 12:41:01 --> Not Found $AppDataIDMFolder: ""
2012-12-26 12:41:01 --> Auto assign $TempPath: "D:\Documents and Settings\Tejas\Application Data\IDM\"
2012-12-26 12:41:01 --> Window Created: IDM Backup Manager0.9.6(Beta) With Error Code: 0

============================= New Session Started at 2012-12-26 12:41:06 --> =============================

============================= System Information =============================
Module Name and Version: IDM Backup Manager0.9.6(Beta)
Module Path: C:\Users\Tejas\Desktop\project\IDM\IDM BUILD_6\IDM Backup Manager.exe
OS Type: WIN32_NT
OS Version: WIN_XP
Service Package: Service Pack 3
Total Memory: 1302000
Available Memory: 934716

============================= Variable Assignment =============================
2012-12-26 12:41:06 --> $AppDataIDMFolder = ""  Error Code:0
2012-12-26 12:41:06 --> $TempPath = ""  Error Code:0
2012-12-26 12:41:06 --> Not Found $TempPath: ""
2012-12-26 12:41:06 --> Auto assign $TempPath: "D:\Documents and Settings\Tejas\Application Data\IDM\"
2012-12-26 12:41:06 --> Not Found $AppDataIDMFolder: ""
2012-12-26 12:41:06 --> Auto assign $TempPath: "D:\Documents and Settings\Tejas\Application Data\IDM\"
2012-12-26 12:41:07 --> Window Created: IDM Backup Manager0.9.6(Beta) With Error Code: 0

============================= New Session Started at 2012-12-26 12:41:09 --> =============================

============================= System Information =============================
Module Name and Version: IDM Backup Manager0.9.6(Beta)
Module Path: C:\Users\Tejas\Desktop\project\IDM\IDM BUILD_6\IDM Backup Manager.exe
OS Type: WIN32_NT
OS Version: WIN_XP
Service Package: Service Pack 3
Total Memory: 1302000
Available Memory: 934696

============================= Variable Assignment =============================
2012-12-26 12:41:09 --> $AppDataIDMFolder = ""  Error Code:0
2012-12-26 12:41:09 --> $TempPath = ""  Error Code:0
2012-12-26 12:41:09 --> Not Found $TempPath: ""
2012-12-26 12:41:09 --> Auto assign $TempPath: "D:\Documents and Settings\Tejas\Application Data\IDM\"
2012-12-26 12:41:09 --> Not Found $AppDataIDMFolder: ""
2012-12-26 12:41:09 --> Auto assign $TempPath: "D:\Documents and Settings\Tejas\Application Data\IDM\"
2012-12-26 12:41:09 --> Window Created: IDM Backup Manager0.9.6(Beta) With Error Code: 0

============================= New Session Started at 2012-12-26 12:41:10 --> =============================

============================= System Information =============================
Module Name and Version: IDM Backup Manager0.9.6(Beta)
Module Path: C:\Users\Tejas\Desktop\project\IDM\IDM BUILD_6\IDM Backup Manager.exe
OS Type: WIN32_NT
OS Version: WIN_XP
Service Package: Service Pack 3
Total Memory: 1302000
Available Memory: 934788

============================= Variable Assignment =============================
2012-12-26 12:41:10 --> $AppDataIDMFolder = ""  Error Code:0
2012-12-26 12:41:10 --> $TempPath = ""  Error Code:0
2012-12-26 12:41:10 --> Not Found $TempPath: ""
2012-12-26 12:41:10 --> Auto assign $TempPath: "D:\Documents and Settings\Tejas\Application Data\IDM\"
2012-12-26 12:41:10 --> Not Found $AppDataIDMFolder: ""
2012-12-26 12:41:10 --> Auto assign $TempPath: "D:\Documents and Settings\Tejas\Application Data\IDM\"
2012-12-26 12:41:10 --> Window Created: IDM Backup Manager0.9.6(Beta) With Error Code: 0

============================= New Session Started at 2012-12-26 12:41:22 --> =============================

============================= System Information =============================
Module Name and Version: IDM Backup Manager0.9.6(Beta)
Module Path: C:\Users\Tejas\Desktop\project\IDM\IDM BUILD_6\IDM Backup Manager.exe
OS Type: WIN32_NT
OS Version: WIN_XP
Service Package: Service Pack 3
Total Memory: 1302000
Available Memory: 934756

============================= Variable Assignment =============================
2012-12-26 12:41:22 --> $AppDataIDMFolder = ""  Error Code:0
2012-12-26 12:41:22 --> $TempPath = ""  Error Code:0
2012-12-26 12:41:22 --> Not Found $TempPath: ""
2012-12-26 12:41:22 --> Auto assign $TempPath: "D:\Documents and Settings\Tejas\Application Data\IDM\"
2012-12-26 12:41:22 --> Not Found $AppDataIDMFolder: ""
2012-12-26 12:41:22 --> Auto assign $TempPath: "D:\Documents and Settings\Tejas\Application Data\IDM\"
2012-12-26 12:41:22 --> Window Created: IDM Backup Manager0.9.6(Beta) With Error Code: 0

============================= New Session Started at 2012-12-26 12:41:28 --> =============================

============================= System Information =============================
Module Name and Version: IDM Backup Manager0.9.6(Beta)
Module Path: C:\Users\Tejas\Desktop\project\IDM\IDM BUILD_6\IDM Backup Manager.exe
OS Type: WIN32_NT
OS Version: WIN_XP
Service Package: Service Pack 3
Total Memory: 1302000
Available Memory: 935792

============================= Variable Assignment =============================
2012-12-26 12:41:28 --> $AppDataIDMFolder = ""  Error Code:0
2012-12-26 12:41:28 --> $TempPath = ""  Error Code:0
2012-12-26 12:41:28 --> Not Found $TempPath: ""
2012-12-26 12:41:28 --> Auto assign $TempPath: "D:\Documents and Settings\Tejas\Application Data\IDM\"
2012-12-26 12:41:28 --> Not Found $AppDataIDMFolder: ""
2012-12-26 12:41:28 --> Auto assign $TempPath: "D:\Documents and Settings\Tejas\Application Data\IDM\"
2012-12-26 12:41:29 --> Window Created: IDM Backup Manager0.9.6(Beta) With Error Code: 0

============================= New Session Started at 2012-12-26 12:41:32 --> =============================

============================= System Information =============================
Module Name and Version: IDM Backup Manager0.9.6(Beta)
Module Path: C:\Users\Tejas\Desktop\project\IDM\IDM BUILD_6\IDM Backup Manager.exe
OS Type: WIN32_NT
OS Version: WIN_XP
Service Package: Service Pack 3
Total Memory: 1302000
Available Memory: 935696

============================= Variable Assignment =============================
2012-12-26 12:41:32 --> $AppDataIDMFolder = ""  Error Code:0
2012-12-26 12:41:32 --> $TempPath = ""  Error Code:0
2012-12-26 12:41:32 --> Not Found $TempPath: ""
2012-12-26 12:41:32 --> Auto assign $TempPath: "D:\Documents and Settings\Tejas\Application Data\IDM\"
2012-12-26 12:41:32 --> Not Found $AppDataIDMFolder: ""
2012-12-26 12:41:32 --> Auto assign $TempPath: "D:\Documents and Settings\Tejas\Application Data\IDM\"
2012-12-26 12:41:32 --> Window Created: IDM Backup Manager0.9.6(Beta) With Error Code: 0

============================= New Session Started at 2012-12-26 12:41:34 --> =============================

============================= System Information =============================
Module Name and Version: IDM Backup Manager0.9.6(Beta)
Module Path: C:\Users\Tejas\Desktop\project\IDM\IDM BUILD_6\IDM Backup Manager.exe
OS Type: WIN32_NT
OS Version: WIN_XP
Service Package: Service Pack 3
Total Memory: 1302000
Available Memory: 935644

============================= Variable Assignment =============================
2012-12-26 12:41:34 --> $AppDataIDMFolder = ""  Error Code:0
2012-12-26 12:41:34 --> $TempPath = ""  Error Code:0
2012-12-26 12:41:34 --> Not Found $TempPath: ""
2012-12-26 12:41:34 --> Auto assign $TempPath: "D:\Documents and Settings\Tejas\Application Data\IDM\"
2012-12-26 12:41:34 --> Not Found $AppDataIDMFolder: ""
2012-12-26 12:41:34 --> Auto assign $TempPath: "D:\Documents and Settings\Tejas\Application Data\IDM\"
2012-12-26 12:41:34 --> Window Created: IDM Backup Manager0.9.6(Beta) With Error Code: 0

============================= New Session Started at 2012-12-26 12:41:44 --> =============================

============================= System Information =============================
Module Name and Version: IDM Backup Manager0.9.6(Beta)
Module Path: C:\Users\Tejas\Desktop\project\IDM\IDM BUILD_6\IDM Backup Manager.exe
OS Type: WIN32_NT
OS Version: WIN_XP
Service Package: Service Pack 3
Total Memory: 1302000
Available Memory: 935404

============================= Variable Assignment =============================
2012-12-26 12:41:44 --> $AppDataIDMFolder = ""  Error Code:0
2012-12-26 12:41:44 --> $TempPath = ""  Error Code:0
2012-12-26 12:41:44 --> Not Found $TempPath: ""
2012-12-26 12:41:44 --> Auto assign $TempPath: "D:\Documents and Settings\Tejas\Application Data\IDM\"
2012-12-26 12:41:44 --> Not Found $AppDataIDMFolder: ""
2012-12-26 12:41:44 --> Auto assign $TempPath: "D:\Documents and Settings\Tejas\Application Data\IDM\"
2012-12-26 12:41:44 --> Window Created: IDM Backup Manager0.9.6(Beta) With Error Code: 0

============================= New Session Started at 2012-12-26 12:41:46 --> =============================

============================= System Information =============================
Module Name and Version: IDM Backup Manager0.9.6(Beta)
Module Path: C:\Users\Tejas\Desktop\project\IDM\IDM BUILD_6\IDM Backup Manager.exe
OS Type: WIN32_NT
OS Version: WIN_XP
Service Package: Service Pack 3
Total Memory: 1302000
Available Memory: 935656

============================= Variable Assignment =============================
2012-12-26 12:41:46 --> $AppDataIDMFolder = ""  Error Code:0
2012-12-26 12:41:46 --> $TempPath = ""  Error Code:0
2012-12-26 12:41:46 --> Not Found $TempPath: ""
2012-12-26 12:41:46 --> Auto assign $TempPath: "D:\Documents and Settings\Tejas\Application Data\IDM\"
2012-12-26 12:41:46 --> Not Found $AppDataIDMFolder: ""
2012-12-26 12:41:46 --> Auto assign $TempPath: "D:\Documents and Settings\Tejas\Application Data\IDM\"
2012-12-26 12:41:46 --> Window Created: IDM Backup Manager0.9.6(Beta) With Error Code: 0

============================= New Session Started at 2012-12-26 12:42:10 --> =============================

============================= System Information =============================
Module Name and Version: IDM Backup Manager0.9.6(Beta)
Module Path: C:\Users\Tejas\Desktop\project\IDM\IDM BUILD_6\IDM Backup Manager.exe
OS Type: WIN32_NT
OS Version: WIN_XP
Service Package: Service Pack 3
Total Memory: 1302000
Available Memory: 934492

============================= Variable Assignment =============================
2012-12-26 12:42:10 --> $AppDataIDMFolder = ""  Error Code:0
2012-12-26 12:42:10 --> $TempPath = ""  Error Code:0
2012-12-26 12:42:10 --> Not Found $TempPath: ""
2012-12-26 12:42:10 --> Auto assign $TempPath: "D:\Documents and Settings\Tejas\Application Data\IDM\"
2012-12-26 12:42:10 --> Not Found $AppDataIDMFolder: ""
2012-12-26 12:42:10 --> Auto assign $TempPath: "D:\Documents and Settings\Tejas\Application Data\IDM\"
2012-12-26 12:42:10 --> Window Created: IDM Backup Manager0.9.6(Beta) With Error Code: 0

============================= New Session Started at 2012-12-26 12:42:23 --> =============================

============================= System Information =============================
Module Name and Version: IDM Backup Manager0.9.6(Beta)
Module Path: C:\Users\Tejas\Desktop\project\IDM\IDM BUILD_6\IDM Backup Manager.exe
OS Type: WIN32_NT
OS Version: WIN_XP
Service Package: Service Pack 3
Total Memory: 1302000
Available Memory: 932536

============================= Variable Assignment =============================
2012-12-26 12:42:24 --> $AppDataIDMFolder = ""  Error Code:0
2012-12-26 12:42:24 --> $TempPath = ""  Error Code:0
2012-12-26 12:42:24 --> Not Found $TempPath: ""
2012-12-26 12:42:24 --> Auto assign $TempPath: "D:\Documents and Settings\Tejas\Application Data\IDM\"
2012-12-26 12:42:24 --> Not Found $AppDataIDMFolder: ""
2012-12-26 12:42:24 --> Auto assign $TempPath: "D:\Documents and Settings\Tejas\Application Data\IDM\"
2012-12-26 12:42:24 --> Window Created: IDM Backup Manager0.9.6(Beta) With Error Code: 0

============================= New Session Started at 2012-12-26 12:42:28 --> =============================

============================= System Information =============================
Module Name and Version: IDM Backup Manager0.9.6(Beta)
Module Path: C:\Users\Tejas\Desktop\project\IDM\IDM BUILD_6\IDM Backup Manager.exe
OS Type: WIN32_NT
OS Version: WIN_XP
Service Package: Service Pack 3
Total Memory: 1302000
Available Memory: 932492

============================= Variable Assignment =============================
2012-12-26 12:42:28 --> $AppDataIDMFolder = ""  Error Code:0
2012-12-26 12:42:28 --> $TempPath = ""  Error Code:0
2012-12-26 12:42:28 --> Not Found $TempPath: ""
2012-12-26 12:42:28 --> Auto assign $TempPath: "D:\Documents and Settings\Tejas\Application Data\IDM\"
2012-12-26 12:42:28 --> Not Found $AppDataIDMFolder: ""
2012-12-26 12:42:28 --> Auto assign $TempPath: "D:\Documents and Settings\Tejas\Application Data\IDM\"
2012-12-26 12:42:28 --> Window Created: IDM Backup Manager0.9.6(Beta) With Error Code: 0

============================= New Session Started at 2012-12-26 12:42:30 --> =============================

============================= System Information =============================
Module Name and Version: IDM Backup Manager0.9.6(Beta)
Module Path: C:\Users\Tejas\Desktop\project\IDM\IDM BUILD_6\IDM Backup Manager.exe
OS Type: WIN32_NT
OS Version: WIN_XP
Service Package: Service Pack 3
Total Memory: 1302000
Available Memory: 920764

============================= Variable Assignment =============================
2012-12-26 12:42:30 --> $AppDataIDMFolder = ""  Error Code:0
2012-12-26 12:42:30 --> $TempPath = ""  Error Code:0
2012-12-26 12:42:30 --> Not Found $TempPath: ""
2012-12-26 12:42:30 --> Auto assign $TempPath: "D:\Documents and Settings\Tejas\Application Data\IDM\"
2012-12-26 12:42:30 --> Not Found $AppDataIDMFolder: ""
2012-12-26 12:42:30 --> Auto assign $TempPath: "D:\Documents and Settings\Tejas\Application Data\IDM\"
2012-12-26 12:42:30 --> Window Created: IDM Backup Manager0.9.6(Beta) With Error Code: 0

============================= New Session Started at 2012-12-26 12:42:31 --> =============================

============================= System Information =============================
Module Name and Version: IDM Backup Manager0.9.6(Beta)
Module Path: C:\Users\Tejas\Desktop\project\IDM\IDM BUILD_6\IDM Backup Manager.exe
OS Type: WIN32_NT
OS Version: WIN_XP
Service Package: Service Pack 3
Total Memory: 1302000
Available Memory: 909024

============================= Variable Assignment =============================
2012-12-26 12:42:31 --> $AppDataIDMFolder = ""  Error Code:0
2012-12-26 12:42:31 --> $TempPath = ""  Error Code:0
2012-12-26 12:42:31 --> Not Found $TempPath: ""
2012-12-26 12:42:31 --> Auto assign $TempPath: "D:\Documents and Settings\Tejas\Application Data\IDM\"
2012-12-26 12:42:31 --> Not Found $AppDataIDMFolder: ""
2012-12-26 12:42:31 --> Auto assign $TempPath: "D:\Documents and Settings\Tejas\Application Data\IDM\"
2012-12-26 12:42:31 --> Window Created: IDM Backup Manager0.9.6(Beta) With Error Code: 0

============================= New Session Started at 2012-12-26 12:42:32 --> =============================

============================= System Information =============================
Module Name and Version: IDM Backup Manager0.9.6(Beta)
Module Path: C:\Users\Tejas\Desktop\project\IDM\IDM BUILD_6\IDM Backup Manager.exe
OS Type: WIN32_NT
OS Version: WIN_XP
Service Package: Service Pack 3
Total Memory: 1302000
Available Memory: 897200

============================= Variable Assignment =============================
2012-12-26 12:42:32 --> $AppDataIDMFolder = ""  Error Code:0
2012-12-26 12:42:32 --> $TempPath = ""  Error Code:0
2012-12-26 12:42:32 --> Not Found $TempPath: ""
2012-12-26 12:42:32 --> Auto assign $TempPath: "D:\Documents and Settings\Tejas\Application Data\IDM\"
2012-12-26 12:42:32 --> Not Found $AppDataIDMFolder: ""
2012-12-26 12:42:32 --> Auto assign $TempPath: "D:\Documents and Settings\Tejas\Application Data\IDM\"
2012-12-26 12:42:32 --> Window Created: IDM Backup Manager0.9.6(Beta) With Error Code: 0

============================= New Session Started at 2012-12-26 12:42:40 --> =============================

============================= System Information =============================
Module Name and Version: IDM Backup Manager0.9.6(Beta)
Module Path: C:\Users\Tejas\Desktop\project\IDM\IDM BUILD_6\IDM Backup Manager.exe
OS Type: WIN32_NT
OS Version: WIN_XP
Service Package: Service Pack 3
Total Memory: 1302000
Available Memory: 931848

============================= Variable Assignment =============================
2012-12-26 12:42:40 --> $AppDataIDMFolder = ""  Error Code:0
2012-12-26 12:42:40 --> $TempPath = ""  Error Code:0
2012-12-26 12:42:40 --> Not Found $TempPath: ""
2012-12-26 12:42:40 --> Auto assign $TempPath: "D:\Documents and Settings\Tejas\Application Data\IDM\"
2012-12-26 12:42:40 --> Not Found $AppDataIDMFolder: ""
2012-12-26 12:42:40 --> Auto assign $TempPath: "D:\Documents and Settings\Tejas\Application Data\IDM\"
2012-12-26 12:42:40 --> Window Created: IDM Backup Manager0.9.6(Beta) With Error Code: 0

============================= New Session Started at 2012-12-26 12:42:40 --> =============================

============================= System Information =============================
Module Name and Version: IDM Backup Manager0.9.6(Beta)
Module Path: C:\Users\Tejas\Desktop\project\IDM\IDM BUILD_6\IDM Backup Manager.exe
OS Type: WIN32_NT
OS Version: WIN_XP
Service Package: Service Pack 3
Total Memory: 1302000
Available Memory: 920664

============================= Variable Assignment =============================
2012-12-26 12:42:40 --> $AppDataIDMFolder = ""  Error Code:0
2012-12-26 12:42:40 --> $TempPath = ""  Error Code:0
2012-12-26 12:42:40 --> Not Found $TempPath: ""
2012-12-26 12:42:40 --> Auto assign $TempPath: "D:\Documents and Settings\Tejas\Application Data\IDM\"
2012-12-26 12:42:40 --> Not Found $AppDataIDMFolder: ""
2012-12-26 12:42:40 --> Auto assign $TempPath: "D:\Documents and Settings\Tejas\Application Data\IDM\"
2012-12-26 12:42:41 --> Window Created: IDM Backup Manager0.9.6(Beta) With Error Code: 0

============================= New Session Started at 2012-12-26 12:42:46 --> =============================

============================= System Information =============================
Module Name and Version: IDM Backup Manager0.9.6(Beta)
Module Path: C:\Users\Tejas\Desktop\project\IDM\IDM BUILD_6\IDM Backup Manager.exe
OS Type: WIN32_NT
OS Version: WIN_XP
Service Package: Service Pack 3
Total Memory: 1302000
Available Memory: 932264

============================= Variable Assignment =============================
2012-12-26 12:42:46 --> $AppDataIDMFolder = ""  Error Code:0
2012-12-26 12:42:46 --> $TempPath = ""  Error Code:0
2012-12-26 12:42:46 --> Not Found $TempPath: ""
2012-12-26 12:42:46 --> Auto assign $TempPath: "D:\Documents and Settings\Tejas\Application Data\IDM\"
2012-12-26 12:42:46 --> Not Found $AppDataIDMFolder: ""
2012-12-26 12:42:46 --> Auto assign $TempPath: "D:\Documents and Settings\Tejas\Application Data\IDM\"
2012-12-26 12:42:46 --> Window Created: IDM Backup Manager0.9.6(Beta) With Error Code: 0

============================= Backup Session Started =============================
2012-12-26 12:42:49 --> Password= "False"
2012-12-26 12:42:49 --> $ini_File= "D:\DOCUME~1\Tejas\LOCALS~1\Temp\idm_guest_Setting.ini"
2012-12-26 12:42:49 --> $reg_File= "D:\DOCUME~1\Tejas\LOCALS~1\Temp\IDMregistry.reg"
2012-12-26 12:42:49 --> Registry Backup Successful Total Key = "1"
2012-12-26 12:42:50 --> Registry Entry Is Empty. Nothing To Backup !
============================= Backup Session Ended =============================

============================= Backup Session Started =============================
2012-12-26 12:42:56 --> Password= "False"
2012-12-26 12:42:56 --> $ini_File= "D:\DOCUME~1\Tejas\LOCALS~1\Temp\idm_guest_Setting.ini"
2012-12-26 12:42:56 --> $reg_File= "D:\DOCUME~1\Tejas\LOCALS~1\Temp\IDMregistry.reg"
2012-12-26 12:42:56 --> Registry Backup Successful Total Key = "1"
2012-12-26 12:42:58 --> Registry Entry Is Empty. Nothing To Backup !
============================= Backup Session Ended =============================

============================= New Session Started at 2012-12-26 14:00:44 --> =============================

============================= System Information =============================
Module Name and Version: IDM Backup Manager0.9.6(Beta)
Module Path: C:\Users\Tejas\Desktop\project\IDM\IDM BUILD_6\IDM Backup Manager.exe
OS Type: WIN32_NT
OS Version: WIN_7
Service Package: Service Pack 1
Total Memory: 1302072
Available Memory: 701728

============================= Variable Assignment =============================
2012-12-26 14:00:45 --> Internet Download Manager Is Running Now...User Selected No
2012-12-26 14:00:46 --> $AppDataIDMFolder = "C:\Users\Tejas\AppData\Roaming\IDM\"  Error Code:0
2012-12-26 14:00:46 --> $TempPath = "C:\Users\Tejas\AppData\Roaming\IDM\"  Error Code:0
2012-12-26 14:00:46 --> Finilized Path $AppDataIDMFolder= "C:\Users\Tejas\AppData\Roaming\IDM\"
2012-12-26 14:00:46 --> Finilized Path $TempPath= "C:\Users\Tejas\AppData\Roaming\IDM\"
2012-12-26 14:00:46 --> Window Created: IDM Backup Manager0.9.6(Beta) With Error Code: 0

============================= New Session Started at 2012-12-26 14:02:28 --> =============================

============================= System Information =============================
Module Name and Version: IDM Backup Manager0.9.6(Beta)
Module Path: C:\Users\Tejas\Desktop\project\IDM\IDM BUILD_6\IDM Backup Manager.exe
OS Type: WIN32_NT
OS Version: WIN_7
Service Package: Service Pack 1
Total Memory: 1302072
Available Memory: 718168

============================= Variable Assignment =============================
2012-12-26 14:02:29 --> Internet Download Manager Is Running Now...User Selected No
2012-12-26 14:02:29 --> $AppDataIDMFolder = "C:\Users\Tejas\AppData\Roaming\IDM\"  Error Code:0
2012-12-26 14:02:29 --> $TempPath = "C:\Users\Tejas\AppData\Roaming\IDM\"  Error Code:0
2012-12-26 14:02:29 --> Finilized Path $AppDataIDMFolder= "C:\Users\Tejas\AppData\Roaming\IDM\"
2012-12-26 14:02:29 --> Finilized Path $TempPath= "C:\Users\Tejas\AppData\Roaming\IDM\"
2012-12-26 14:02:30 --> Window Created: IDM Backup Manager0.9.6(Beta) With Error Code: 0

============================= New Session Started at 2012-12-26 14:02:39 --> =============================

============================= System Information =============================
Module Name and Version: IDM Backup Manager0.9.6(Beta)
Module Path: C:\Users\Tejas\Desktop\project\IDM\IDM BUILD_6\IDM Backup Manager.exe
OS Type: WIN32_NT
OS Version: WIN_7
Service Package: Service Pack 1
Total Memory: 1302072
Available Memory: 720664

============================= Variable Assignment =============================
2012-12-26 14:02:40 --> Internet Download Manager Is Running Now...User Selected No
2012-12-26 14:02:40 --> $AppDataIDMFolder = "C:\Users\Tejas\AppData\Roaming\IDM\"  Error Code:0
2012-12-26 14:02:40 --> $TempPath = "C:\Users\Tejas\AppData\Roaming\IDM\"  Error Code:0
2012-12-26 14:02:40 --> Finilized Path $AppDataIDMFolder= "C:\Users\Tejas\AppData\Roaming\IDM\"
2012-12-26 14:02:40 --> Finilized Path $TempPath= "C:\Users\Tejas\AppData\Roaming\IDM\"
2012-12-26 14:02:40 --> Window Created: IDM Backup Manager0.9.6(Beta) With Error Code: 0

============================= New Session Started at 2012-12-26 15:03:26 --> =============================

============================= System Information =============================
Module Name and Version: IDM Backup Manager0.9.6(Beta)
Module Path: C:\Users\Tejas\Desktop\project\IDM\IDM BUILD_6\IDM Backup Manager.exe
OS Type: WIN32_NT
OS Version: WIN_7
Service Package: Service Pack 1
Total Memory: 1302072
Available Memory: 702020

============================= Variable Assignment =============================
2012-12-26 15:03:27 --> Internet Download Manager Is Running Now...User Selected No
2012-12-26 15:03:28 --> $AppDataIDMFolder = "C:\Users\Tejas\AppData\Roaming\IDM\"  Error Code:0
2012-12-26 15:03:28 --> $TempPath = "C:\Users\Tejas\AppData\Roaming\IDM\"  Error Code:0
2012-12-26 15:03:28 --> Finilized Path $AppDataIDMFolder= "C:\Users\Tejas\AppData\Roaming\IDM\"
2012-12-26 15:03:28 --> Finilized Path $TempPath= "C:\Users\Tejas\AppData\Roaming\IDM\"
2012-12-26 15:03:28 --> Window Created: IDM Backup Manager0.9.6(Beta) With Error Code: 0

============================= New Session Started at 2012-12-26 15:04:04 --> =============================

============================= System Information =============================
Module Name and Version: IDM Backup Manager0.9.6(Beta)
Module Path: C:\Users\Tejas\Desktop\project\IDM\IDM BUILD_6\IDM Backup Manager.exe
OS Type: WIN32_NT
OS Version: WIN_7
Service Package: Service Pack 1
Total Memory: 1302072
Available Memory: 691908

============================= Variable Assignment =============================
2012-12-26 15:04:05 --> Internet Download Manager Is Running Now...User Selected No
2012-12-26 15:04:05 --> $AppDataIDMFolder = "C:\Users\Tejas\AppData\Roaming\IDM\"  Error Code:0
2012-12-26 15:04:05 --> $TempPath = "C:\Users\Tejas\AppData\Roaming\IDM\"  Error Code:0
2012-12-26 15:04:05 --> Finilized Path $AppDataIDMFolder= "C:\Users\Tejas\AppData\Roaming\IDM\"
2012-12-26 15:04:05 --> Finilized Path $TempPath= "C:\Users\Tejas\AppData\Roaming\IDM\"
2012-12-26 15:04:06 --> Window Created: IDM Backup Manager0.9.6(Beta) With Error Code: 0

============================= New Session Started at 2012-12-26 15:04:32 --> =============================

============================= System Information =============================
Module Name and Version: IDM Backup Manager0.9.6(Beta)
Module Path: C:\Users\Tejas\Desktop\project\IDM\IDM BUILD_6\IDM Backup Manager.exe
OS Type: WIN32_NT
OS Version: WIN_7
Service Package: Service Pack 1
Total Memory: 1302072
Available Memory: 692880

============================= Variable Assignment =============================
2012-12-26 15:04:33 --> Internet Download Manager Is Running Now...User Selected No
2012-12-26 15:04:33 --> $AppDataIDMFolder = "C:\Users\Tejas\AppData\Roaming\IDM\"  Error Code:0
2012-12-26 15:04:33 --> $TempPath = "C:\Users\Tejas\AppData\Roaming\IDM\"  Error Code:0
2012-12-26 15:04:33 --> Finilized Path $AppDataIDMFolder= "C:\Users\Tejas\AppData\Roaming\IDM\"
2012-12-26 15:04:33 --> Finilized Path $TempPath= "C:\Users\Tejas\AppData\Roaming\IDM\"
2012-12-26 15:04:33 --> Window Created: IDM Backup Manager0.9.6(Beta) With Error Code: 0

============================= New Session Started at 2012-12-26 17:42:08 --> =============================

============================= System Information =============================
Module Name and Version: IDM Backup Manager0.9.6(Beta)
Module Path: C:\Users\Tejas\Desktop\project\IDM\IDM BUILD_6\IDM Backup Manager.exe
OS Type: WIN32_NT
OS Version: WIN_7
Service Package: Service Pack 1
Total Memory: 1302072
Available Memory: 798248

============================= Variable Assignment =============================
2012-12-26 17:42:09 --> Internet Download Manager Is Running Now...User Selected No
2012-12-26 17:42:09 --> $AppDataIDMFolder = "C:\Users\Tejas\AppData\Roaming\IDM\"  Error Code:0
2012-12-26 17:42:09 --> $TempPath = "C:\Users\Tejas\AppData\Roaming\IDM\"  Error Code:0
2012-12-26 17:42:09 --> Finilized Path $AppDataIDMFolder= "C:\Users\Tejas\AppData\Roaming\IDM\"
2012-12-26 17:42:09 --> Finilized Path $TempPath= "C:\Users\Tejas\AppData\Roaming\IDM\"
2012-12-26 17:42:10 --> Window Created: IDM Backup Manager0.9.6(Beta) With Error Code: 0

============================= New Session Started at 2012-12-26 17:43:01 --> =============================

============================= System Information =============================
Module Name and Version: IDM Backup Manager0.9.6(Beta)
Module Path: C:\Users\Tejas\Desktop\project\IDM\IDM BUILD_6\IDM Backup Manager.exe
OS Type: WIN32_NT
OS Version: WIN_7
Service Package: Service Pack 1
Total Memory: 1302072
Available Memory: 796684

============================= Variable Assignment =============================
2012-12-26 17:43:02 --> Internet Download Manager Is Running Now...User Selected No
2012-12-26 17:43:03 --> $AppDataIDMFolder = "C:\Users\Tejas\AppData\Roaming\IDM\"  Error Code:0
2012-12-26 17:43:03 --> $TempPath = "C:\Users\Tejas\AppData\Roaming\IDM\"  Error Code:0
2012-12-26 17:43:03 --> Finilized Path $AppDataIDMFolder= "C:\Users\Tejas\AppData\Roaming\IDM\"
2012-12-26 17:43:03 --> Finilized Path $TempPath= "C:\Users\Tejas\AppData\Roaming\IDM\"
2012-12-26 17:43:03 --> Window Created: IDM Backup Manager0.9.6(Beta) With Error Code: 0

============================= New Session Started at 2012-12-26 17:43:17 --> =============================

============================= System Information =============================
Module Name and Version: IDM Backup Manager0.9.6(Beta)
Module Path: C:\Users\Tejas\Desktop\project\IDM\IDM BUILD_6\IDM Backup Manager.exe
OS Type: WIN32_NT
OS Version: WIN_7
Service Package: Service Pack 1
Total Memory: 1302072
Available Memory: 798260

============================= Variable Assignment =============================
2012-12-26 17:43:18 --> Internet Download Manager Is Running Now...User Selected No
2012-12-26 17:43:18 --> $AppDataIDMFolder = "C:\Users\Tejas\AppData\Roaming\IDM\"  Error Code:0
2012-12-26 17:43:18 --> $TempPath = "C:\Users\Tejas\AppData\Roaming\IDM\"  Error Code:0
2012-12-26 17:43:18 --> Finilized Path $AppDataIDMFolder= "C:\Users\Tejas\AppData\Roaming\IDM\"
2012-12-26 17:43:18 --> Finilized Path $TempPath= "C:\Users\Tejas\AppData\Roaming\IDM\"
2012-12-26 17:43:19 --> Window Created: IDM Backup Manager0.9.6(Beta) With Error Code: 0

============================= New Session Started at 2012-12-26 17:44:52 --> =============================

============================= System Information =============================
Module Name and Version: IDM Backup Manager0.9.6(Beta)
Module Path: C:\Users\Tejas\Desktop\project\IDM\IDM BUILD_6\IDM Backup Manager.exe
OS Type: WIN32_NT
OS Version: WIN_7
Service Package: Service Pack 1
Total Memory: 1302072
Available Memory: 798884

============================= Variable Assignment =============================
2012-12-26 17:44:52 --> Internet Download Manager Is Running Now...User Selected No
2012-12-26 17:44:53 --> $AppDataIDMFolder = "C:\Users\Tejas\AppData\Roaming\IDM\"  Error Code:0
2012-12-26 17:44:53 --> $TempPath = "C:\Users\Tejas\AppData\Roaming\IDM\"  Error Code:0
2012-12-26 17:44:53 --> Finilized Path $AppDataIDMFolder= "C:\Users\Tejas\AppData\Roaming\IDM\"
2012-12-26 17:44:53 --> Finilized Path $TempPath= "C:\Users\Tejas\AppData\Roaming\IDM\"
2012-12-26 17:44:53 --> Window Created: IDM Backup Manager0.9.6(Beta) With Error Code: 0

============================= New Session Started at 2012-12-26 20:39:40 --> =============================

============================= System Information =============================
Module Name and Version: IDM Backup Manager0.9.6(Beta)
Module Path: C:\Users\Tejas\Desktop\project\IDM\IDM BUILD_6\IDM Backup Manager.exe
OS Type: WIN32_NT
OS Version: WIN_7
Service Package: Service Pack 1
Total Memory: 1302072
Available Memory: 548860

============================= Variable Assignment =============================
2012-12-26 20:39:40 --> Internet Download Manager Is Running Now...User Selected No
2012-12-26 20:39:41 --> $AppDataIDMFolder = "C:\Users\Tejas\AppData\Roaming\IDM\"  Error Code:0
2012-12-26 20:39:41 --> $TempPath = "C:\Users\Tejas\AppData\Roaming\IDM\"  Error Code:0
2012-12-26 20:39:41 --> Finilized Path $AppDataIDMFolder= "C:\Users\Tejas\AppData\Roaming\IDM\"
2012-12-26 20:39:41 --> Finilized Path $TempPath= "C:\Users\Tejas\AppData\Roaming\IDM\"
2012-12-26 20:39:41 --> Window Created: IDM Backup Manager0.9.6(Beta) With Error Code: 0

============================= New Session Started at 2012-12-26 21:13:33 --> =============================

============================= System Information =============================
Module Name and Version: IDM Backup Manager0.9.6(Beta)
Module Path: C:\Users\Tejas\Desktop\project\IDM\IDM BUILD_6\IDM Backup Manager.exe
OS Type: WIN32_NT
OS Version: WIN_7
Service Package: Service Pack 1
Total Memory: 1302072
Available Memory: 450960

============================= Variable Assignment =============================
2012-12-26 21:13:34 --> Internet Download Manager Is Running Now...User Selected No
2012-12-26 21:13:34 --> $AppDataIDMFolder = "C:\Users\Tejas\AppData\Roaming\IDM\"  Error Code:0
2012-12-26 21:13:34 --> $TempPath = "C:\Users\Tejas\AppData\Roaming\IDM\"  Error Code:0
2012-12-26 21:13:34 --> Finilized Path $AppDataIDMFolder= "C:\Users\Tejas\AppData\Roaming\IDM\"
2012-12-26 21:13:34 --> Finilized Path $TempPath= "C:\Users\Tejas\AppData\Roaming\IDM\"
2012-12-26 21:13:35 --> Window Created: IDM Backup Manager0.9.6(Beta) With Error Code: 0

============================= New Session Started at 2012-12-27 12:29:15 --> =============================

============================= System Information =============================
Module Name and Version: IDM Backup Manager0.9.6(Beta)
Module Path: C:\Users\Tejas\Desktop\project\IDM\IDM BUILD_6\IDM Backup Manager.exe
OS Type: WIN32_NT
OS Version: WIN_7
Service Package: Service Pack 1
Total Memory: 1302072
Available Memory: 776768

============================= Variable Assignment =============================
2012-12-27 12:29:15 --> $AppDataIDMFolder = "C:\Users\Tejas\AppData\Roaming\IDM\"  Error Code:0
2012-12-27 12:29:15 --> $TempPath = "C:\Users\Tejas\AppData\Roaming\IDM\"  Error Code:0
2012-12-27 12:29:15 --> Finilized Path $AppDataIDMFolder= "C:\Users\Tejas\AppData\Roaming\IDM\"
2012-12-27 12:29:15 --> Finilized Path $TempPath= "C:\Users\Tejas\AppData\Roaming\IDM\"
2012-12-27 12:29:15 --> Window Created: IDM Backup Manager0.9.6(Beta) With Error Code: 0

============================= New Session Started at 2012-12-28 17:26:11 --> =============================

============================= System Information =============================
Module Name and Version: IDM Backup Manager0.9.6(Beta)
Module Path: C:\Users\Tejas\Desktop\project\IDM\IDM BUILD_6\IDM Backup Manager.exe
OS Type: WIN32_NT
OS Version: WIN_7
Service Package: Service Pack 1
Total Memory: 1302072
Available Memory: 550976

============================= Variable Assignment =============================
2012-12-28 17:26:11 --> Internet Download Manager Is Running Now...User Selected No
2012-12-28 17:26:12 --> $AppDataIDMFolder = "C:\Users\Tejas\AppData\Roaming\IDM\"  Error Code:0
2012-12-28 17:26:12 --> $TempPath = "C:\Users\Tejas\AppData\Roaming\IDM\"  Error Code:0
2012-12-28 17:26:12 --> Finilized Path $AppDataIDMFolder= "C:\Users\Tejas\AppData\Roaming\IDM\"
2012-12-28 17:26:12 --> Finilized Path $TempPath= "C:\Users\Tejas\AppData\Roaming\IDM\"
2012-12-28 17:26:12 --> Window Created: IDM Backup Manager0.9.6(Beta) With Error Code: 0

============================= New Session Started at 2012-12-28 17:34:15 --> =============================

============================= System Information =============================
Module Name and Version: IDM Backup Manager0.9.6(Beta)
Module Path: C:\Users\Tejas\Desktop\project\IDM\IDM BUILD_6\IDM Backup Manager_2.au3
OS Type: WIN32_NT
OS Version: WIN_7
Service Package: Service Pack 1
Total Memory: 1302072
Available Memory: 487796

============================= Variable Assignment =============================
2012-12-28 17:34:16 --> Internet Download Manager Is Running Now...User Selected No
2012-12-28 17:34:17 --> $AppDataIDMFolder = "C:\Users\Tejas\AppData\Roaming\IDM\"  Error Code:0
2012-12-28 17:34:17 --> $TempPath = "C:\Users\Tejas\AppData\Roaming\IDM\"  Error Code:0
2012-12-28 17:34:17 --> Finilized Path $AppDataIDMFolder= "C:\Users\Tejas\AppData\Roaming\IDM\"
2012-12-28 17:34:17 --> Finilized Path $TempPath= "C:\Users\Tejas\AppData\Roaming\IDM\"
2012-12-28 17:34:17 --> Window Created: IDM Backup Manager0.9.6(Beta) With Error Code: 0

============================= New Session Started at 2012-12-28 17:35:43 --> =============================

============================= System Information =============================
Module Name and Version: IDM Backup Manager0.9.6(Beta)
Module Path: C:\Users\Tejas\Desktop\project\IDM\IDM BUILD_6\IDM Backup Manager_2.au3
OS Type: WIN32_NT
OS Version: WIN_7
Service Package: Service Pack 1
Total Memory: 1302072
Available Memory: 490140

============================= Variable Assignment =============================
2012-12-28 17:35:44 --> Internet Download Manager Is Running Now...User Selected No
2012-12-28 17:35:44 --> $AppDataIDMFolder = "C:\Users\Tejas\AppData\Roaming\IDM\"  Error Code:0
2012-12-28 17:35:44 --> $TempPath = "C:\Users\Tejas\AppData\Roaming\IDM\"  Error Code:0
2012-12-28 17:35:44 --> Finilized Path $AppDataIDMFolder= "C:\Users\Tejas\AppData\Roaming\IDM\"
2012-12-28 17:35:44 --> Finilized Path $TempPath= "C:\Users\Tejas\AppData\Roaming\IDM\"
2012-12-28 17:35:44 --> Window Created: IDM Backup Manager0.9.6(Beta) With Error Code: 0

============================= New Session Started at 2012-12-28 17:37:58 --> =============================

============================= System Information =============================
Module Name and Version: IDM Backup Manager0.9.6(Beta)
Module Path: C:\Users\Tejas\Desktop\project\IDM\IDM BUILD_6\IDM Backup Manager_2.au3
OS Type: WIN32_NT
OS Version: WIN_7
Service Package: Service Pack 1
Total Memory: 1302072
Available Memory: 535780

============================= Variable Assignment =============================
2012-12-28 17:37:59 --> Internet Download Manager Is Running Now...User Selected No
2012-12-28 17:37:59 --> $AppDataIDMFolder = "C:\Users\Tejas\AppData\Roaming\IDM\"  Error Code:0
2012-12-28 17:37:59 --> $TempPath = "C:\Users\Tejas\AppData\Roaming\IDM\"  Error Code:0
2012-12-28 17:37:59 --> Finilized Path $AppDataIDMFolder= "C:\Users\Tejas\AppData\Roaming\IDM\"
2012-12-28 17:37:59 --> Finilized Path $TempPath= "C:\Users\Tejas\AppData\Roaming\IDM\"
2012-12-28 17:37:59 --> Window Created: IDM Backup Manager0.9.6(Beta) With Error Code: 0

============================= New Session Started at 2012-12-28 17:39:04 --> =============================

============================= System Information =============================
Module Name and Version: IDM Backup Manager0.9.6(Beta)
Module Path: C:\Users\Tejas\Desktop\project\IDM\IDM BUILD_6\IDM Backup Manager_2.au3
OS Type: WIN32_NT
OS Version: WIN_7
Service Package: Service Pack 1
Total Memory: 1302072
Available Memory: 530792

============================= Variable Assignment =============================
2012-12-28 17:39:06 --> Internet Download Manager Is Running Now...User Selected No
2012-12-28 17:39:07 --> $AppDataIDMFolder = "C:\Users\Tejas\AppData\Roaming\IDM\"  Error Code:0
2012-12-28 17:39:07 --> $TempPath = "C:\Users\Tejas\AppData\Roaming\IDM\"  Error Code:0
2012-12-28 17:39:07 --> Finilized Path $AppDataIDMFolder= "C:\Users\Tejas\AppData\Roaming\IDM\"
2012-12-28 17:39:07 --> Finilized Path $TempPath= "C:\Users\Tejas\AppData\Roaming\IDM\"
2012-12-28 17:39:07 --> Window Created: IDM Backup Manager0.9.6(Beta) With Error Code: 0

============================= New Session Started at 2012-12-28 17:44:50 --> =============================

============================= System Information =============================
Module Name and Version: IDM Backup Manager0.9.6(Beta)
Module Path: C:\Users\Tejas\Desktop\project\IDM\IDM BUILD_6\IDM Backup Manager_2.au3
OS Type: WIN32_NT
OS Version: WIN_7
Service Package: Service Pack 1
Total Memory: 1302072
Available Memory: 565676

============================= Variable Assignment =============================
2012-12-28 17:44:51 --> Internet Download Manager Is Running Now...User Selected No
2012-12-28 17:44:52 --> $AppDataIDMFolder = "C:\Users\Tejas\AppData\Roaming\IDM\"  Error Code:0
2012-12-28 17:44:52 --> $TempPath = "C:\Users\Tejas\AppData\Roaming\IDM\"  Error Code:0
2012-12-28 17:44:52 --> Finilized Path $AppDataIDMFolder= "C:\Users\Tejas\AppData\Roaming\IDM\"
2012-12-28 17:44:52 --> Finilized Path $TempPath= "C:\Users\Tejas\AppData\Roaming\IDM\"
2012-12-28 17:44:52 --> Window Created: IDM Backup Manager0.9.6(Beta) With Error Code: 0

============================= New Session Started at 2012-12-28 17:50:23 --> =============================

============================= System Information =============================
Module Name and Version: IDM Backup Manager0.9.6(Beta)
Module Path: C:\Users\Tejas\Desktop\project\IDM\IDM BUILD_6\IDM Backup Manager_2.au3
OS Type: WIN32_NT
OS Version: WIN_7
Service Package: Service Pack 1
Total Memory: 1302072
Available Memory: 447800

============================= Variable Assignment =============================
2012-12-28 17:50:24 --> Internet Download Manager Is Running Now...User Selected No
2012-12-28 17:50:24 --> $AppDataIDMFolder = "C:\Users\Tejas\AppData\Roaming\IDM\"  Error Code:0
2012-12-28 17:50:24 --> $TempPath = "C:\Users\Tejas\AppData\Roaming\IDM\"  Error Code:0
2012-12-28 17:50:24 --> Finilized Path $AppDataIDMFolder= "C:\Users\Tejas\AppData\Roaming\IDM\"
2012-12-28 17:50:24 --> Finilized Path $TempPath= "C:\Users\Tejas\AppData\Roaming\IDM\"
2012-12-28 17:50:24 --> Window Created: IDM Backup Manager0.9.6(Beta) With Error Code: 0

============================= New Session Started at 2012-12-28 17:54:04 --> =============================

============================= System Information =============================
Module Name and Version: IDM Backup Manager0.9.6(Beta)
Module Path: C:\Users\Tejas\Desktop\project\IDM\IDM BUILD_6\IDM Backup Manager_2.au3
OS Type: WIN32_NT
OS Version: WIN_7
Service Package: Service Pack 1
Total Memory: 1302072
Available Memory: 487376

============================= Variable Assignment =============================
2012-12-28 17:54:06 --> Internet Download Manager Is Running Now...User Selected No
2012-12-28 17:54:07 --> $AppDataIDMFolder = "C:\Users\Tejas\AppData\Roaming\IDM\"  Error Code:0
2012-12-28 17:54:07 --> $TempPath = "C:\Users\Tejas\AppData\Roaming\IDM\"  Error Code:0
2012-12-28 17:54:07 --> Finilized Path $AppDataIDMFolder= "C:\Users\Tejas\AppData\Roaming\IDM\"
2012-12-28 17:54:07 --> Finilized Path $TempPath= "C:\Users\Tejas\AppData\Roaming\IDM\"
2012-12-28 17:54:07 --> Window Created: IDM Backup Manager0.9.6(Beta) With Error Code: 0

============================= New Session Started at 2012-12-28 18:08:55 --> =============================

============================= System Information =============================
Module Name and Version: IDM Backup Manager0.9.6(Beta)
Module Path: C:\Users\Tejas\Desktop\project\IDM\IDM BUILD_6\IDM Backup Manager_2.au3
OS Type: WIN32_NT
OS Version: WIN_7
Service Package: Service Pack 1
Total Memory: 1302072
Available Memory: 529620

============================= Variable Assignment =============================
2012-12-28 18:08:55 --> Internet Download Manager Is Running Now...User Selected No
2012-12-28 18:08:56 --> $AppDataIDMFolder = "C:\Users\Tejas\AppData\Roaming\IDM\"  Error Code:0
2012-12-28 18:08:56 --> $TempPath = "C:\Users\Tejas\AppData\Roaming\IDM\"  Error Code:0
2012-12-28 18:08:56 --> Finilized Path $AppDataIDMFolder= "C:\Users\Tejas\AppData\Roaming\IDM\"
2012-12-28 18:08:56 --> Finilized Path $TempPath= "C:\Users\Tejas\AppData\Roaming\IDM\"
2012-12-28 18:08:56 --> Window Created: IDM Backup Manager0.9.6(Beta) With Error Code: 0

============================= New Session Started at 2012-12-28 18:14:58 --> =============================

============================= System Information =============================
Module Name and Version: IDM Backup Manager0.9.6(Beta)
Module Path: C:\Users\Tejas\Desktop\project\IDM\IDM BUILD_6\IDM Backup Manager_2.au3
OS Type: WIN32_NT
OS Version: WIN_7
Service Package: Service Pack 1
Total Memory: 1302072
Available Memory: 523060

============================= Variable Assignment =============================
2012-12-28 18:14:59 --> Internet Download Manager Is Running Now...User Selected No
2012-12-28 18:15:00 --> $AppDataIDMFolder = "C:\Users\Tejas\AppData\Roaming\IDM\"  Error Code:0
2012-12-28 18:15:00 --> $TempPath = "C:\Users\Tejas\AppData\Roaming\IDM\"  Error Code:0
2012-12-28 18:15:00 --> Finilized Path $AppDataIDMFolder= "C:\Users\Tejas\AppData\Roaming\IDM\"
2012-12-28 18:15:00 --> Finilized Path $TempPath= "C:\Users\Tejas\AppData\Roaming\IDM\"
2012-12-28 18:15:00 --> Window Created: IDM Backup Manager0.9.6(Beta) With Error Code: 0

============================= New Session Started at 2012-12-28 18:15:47 --> =============================

============================= System Information =============================
Module Name and Version: IDM Backup Manager0.9.6(Beta)
Module Path: C:\Users\Tejas\Desktop\project\IDM\IDM BUILD_6\IDM Backup Manager_2.au3
OS Type: WIN32_NT
OS Version: WIN_7
Service Package: Service Pack 1
Total Memory: 1302072
Available Memory: 499960

============================= Variable Assignment =============================
2012-12-28 18:15:48 --> Internet Download Manager Is Running Now...User Selected No
2012-12-28 18:15:48 --> $AppDataIDMFolder = "C:\Users\Tejas\AppData\Roaming\IDM\"  Error Code:0
2012-12-28 18:15:48 --> $TempPath = "C:\Users\Tejas\AppData\Roaming\IDM\"  Error Code:0
2012-12-28 18:15:48 --> Finilized Path $AppDataIDMFolder= "C:\Users\Tejas\AppData\Roaming\IDM\"
2012-12-28 18:15:48 --> Finilized Path $TempPath= "C:\Users\Tejas\AppData\Roaming\IDM\"
2012-12-28 18:15:49 --> Window Created: IDM Backup Manager0.9.6(Beta) With Error Code: 0

============================= New Session Started at 2012-12-29 14:01:33 --> =============================

============================= System Information =============================
Module Name and Version: IDM Backup Manager0.9.6(Beta)
Module Path: C:\Users\Tejas\Desktop\project\IDM\IDM BUILD_6\IDM Backup Manager.au3
OS Type: WIN32_NT
OS Version: WIN_7
Service Package: Service Pack 1
Total Memory: 1302072
Available Memory: 796528

============================= Variable Assignment =============================
2012-12-29 14:01:35 --> Internet Download Manager Is Running Now...User Selected No
2012-12-29 14:01:36 --> $AppDataIDMFolder = "C:\Users\Tejas\AppData\Roaming\IDM\"  Error Code:0
2012-12-29 14:01:36 --> $TempPath = "C:\Users\Tejas\AppData\Roaming\IDM\"  Error Code:0
2012-12-29 14:01:36 --> Finilized Path $AppDataIDMFolder= "C:\Users\Tejas\AppData\Roaming\IDM\"
2012-12-29 14:01:36 --> Finilized Path $TempPath= "C:\Users\Tejas\AppData\Roaming\IDM\"
2012-12-29 14:01:36 --> Window Created: IDM Backup Manager0.9.6(Beta) With Error Code: 0

============================= New Session Started at 2012-12-29 14:02:29 --> =============================

============================= System Information =============================
Module Name and Version: IDM Backup Manager0.9.6(Beta)
Module Path: C:\Users\Tejas\Desktop\project\IDM\IDM BUILD_6\IDM Backup Manager.au3
OS Type: WIN32_NT
OS Version: WIN_7
Service Package: Service Pack 1
Total Memory: 1302072
Available Memory: 825296

============================= Variable Assignment =============================
2012-12-29 14:02:30 --> Internet Download Manager Is Running Now...User Selected No
2012-12-29 14:02:30 --> $AppDataIDMFolder = "C:\Users\Tejas\AppData\Roaming\IDM\"  Error Code:0
2012-12-29 14:02:30 --> $TempPath = "C:\Users\Tejas\AppData\Roaming\IDM\"  Error Code:0
2012-12-29 14:02:30 --> Finilized Path $AppDataIDMFolder= "C:\Users\Tejas\AppData\Roaming\IDM\"
2012-12-29 14:02:30 --> Finilized Path $TempPath= "C:\Users\Tejas\AppData\Roaming\IDM\"
2012-12-29 14:02:30 --> Window Created: IDM Backup Manager0.9.6(Beta) With Error Code: 0

============================= New Session Started at 2012-12-29 14:04:55 --> =============================

============================= System Information =============================
Module Name and Version: IDM Backup Manager0.9.6(Beta)
Module Path: C:\Users\Tejas\Desktop\project\IDM\IDM BUILD_6\IDM Backup Manager.au3
OS Type: WIN32_NT
OS Version: WIN_7
Service Package: Service Pack 1
Total Memory: 1302072
Available Memory: 838936

============================= Variable Assignment =============================
2012-12-29 14:04:56 --> Internet Download Manager Is Running Now...User Selected No
2012-12-29 14:04:56 --> $AppDataIDMFolder = "C:\Users\Tejas\AppData\Roaming\IDM\"  Error Code:0
2012-12-29 14:04:56 --> $TempPath = "C:\Users\Tejas\AppData\Roaming\IDM\"  Error Code:0
2012-12-29 14:04:56 --> Finilized Path $AppDataIDMFolder= "C:\Users\Tejas\AppData\Roaming\IDM\"
2012-12-29 14:04:56 --> Finilized Path $TempPath= "C:\Users\Tejas\AppData\Roaming\IDM\"
2012-12-29 14:04:56 --> Window Created: IDM Backup Manager0.9.6(Beta) With Error Code: 0

============================= New Session Started at 2012-12-29 09:30:51 --> =============================

============================= System Information =============================
Module Name and Version: IDM Backup Manager0.9.6(Beta)
Module Path: C:\Users\Tejas\Desktop\project\IDM\IDM BUILD_6\IDM Backup Manager.exe
OS Type: WIN32_NT
OS Version: WIN_7
Service Package: Service Pack 1
Total Memory: 1302072
Available Memory: 544044

============================= Variable Assignment =============================
2012-12-29 09:30:52 --> Internet Download Manager Is Running Now...User Selected No
2012-12-29 09:30:53 --> $AppDataIDMFolder = "C:\Users\Tejas\AppData\Roaming\IDM\"  Error Code:0
2012-12-29 09:30:53 --> $TempPath = "C:\Users\Tejas\AppData\Roaming\IDM\"  Error Code:0
2012-12-29 09:30:53 --> Finilized Path $AppDataIDMFolder= "C:\Users\Tejas\AppData\Roaming\IDM\"
2012-12-29 09:30:53 --> Finilized Path $TempPath= "C:\Users\Tejas\AppData\Roaming\IDM\"
2012-12-29 09:30:53 --> Window Created: IDM Backup Manager0.9.6(Beta) With Error Code: 0

============================= New Session Started at 2012-12-30 15:29:20 --> =============================

============================= System Information =============================
Module Name and Version: IDM Backup Manager0.9.6(Beta)
Module Path: C:\Users\Tejas\Desktop\project\IDM\IDM BUILD_6\IDM Backup Manager.exe
OS Type: WIN32_NT
OS Version: WIN_7
Service Package: Service Pack 1
Total Memory: 1302072
Available Memory: 846832

============================= Variable Assignment =============================
2012-12-30 15:29:21 --> Internet Download Manager Is Running Now...User Selected No
2012-12-30 15:29:21 --> $AppDataIDMFolder = "C:\Users\Tejas\AppData\Roaming\IDM\"  Error Code:0
2012-12-30 15:29:21 --> $TempPath = "C:\Users\Tejas\AppData\Roaming\IDM\"  Error Code:0
2012-12-30 15:29:21 --> Finilized Path $AppDataIDMFolder= "C:\Users\Tejas\AppData\Roaming\IDM\"
2012-12-30 15:29:21 --> Finilized Path $TempPath= "C:\Users\Tejas\AppData\Roaming\IDM\"
2012-12-30 15:29:22 --> Window Created: IDM Backup Manager0.9.6(Beta) With Error Code: 0

============================= New Session Started at 2012-12-30 15:53:00 --> =============================

============================= System Information =============================
Module Name and Version: IDM Backup Manager0.9.6(Beta)
Module Path: C:\Users\Tejas\Desktop\project\IDM\IDM BUILD_6\IDM Backup Manager.exe
OS Type: WIN32_NT
OS Version: WIN_7
Service Package: Service Pack 1
Total Memory: 1302072
Available Memory: 567072

============================= Variable Assignment =============================
2012-12-30 15:53:01 --> Internet Download Manager Is Running Now...User Selected No
2012-12-30 15:53:01 --> $AppDataIDMFolder = "C:\Users\Tejas\AppData\Roaming\IDM\"  Error Code:0
2012-12-30 15:53:01 --> $TempPath = "C:\Users\Tejas\AppData\Roaming\IDM\"  Error Code:0
2012-12-30 15:53:01 --> Finilized Path $AppDataIDMFolder= "C:\Users\Tejas\AppData\Roaming\IDM\"
2012-12-30 15:53:01 --> Finilized Path $TempPath= "C:\Users\Tejas\AppData\Roaming\IDM\"
2012-12-30 15:53:02 --> Window Created: IDM Backup Manager0.9.6(Beta) With Error Code: 0

============================= New Session Started at 2012-12-30 15:56:03 --> =============================

============================= System Information =============================
Module Name and Version: IDM Backup Manager0.9.6(Beta)
Module Path: C:\Users\Tejas\Desktop\project\IDM\IDM BUILD_6\IDM Backup Manager.exe
OS Type: WIN32_NT
OS Version: WIN_7
Service Package: Service Pack 1
Total Memory: 1302072
Available Memory: 576192

============================= Variable Assignment =============================
2012-12-30 15:56:04 --> Internet Download Manager Is Running Now...User Selected No
2012-12-30 15:56:04 --> $AppDataIDMFolder = "C:\Users\Tejas\AppData\Roaming\IDM\"  Error Code:0
2012-12-30 15:56:04 --> $TempPath = "C:\Users\Tejas\AppData\Roaming\IDM\"  Error Code:0
2012-12-30 15:56:04 --> Finilized Path $AppDataIDMFolder= "C:\Users\Tejas\AppData\Roaming\IDM\"
2012-12-30 15:56:04 --> Finilized Path $TempPath= "C:\Users\Tejas\AppData\Roaming\IDM\"
2012-12-30 15:56:05 --> Window Created: IDM Backup Manager0.9.6(Beta) With Error Code: 0

============================= New Session Started at 2013-01-04 11:59:27 --> =============================

============================= System Information =============================
Module Name and Version: IDM Backup Manager0.9.6(Beta)
Module Path: C:\Users\Tejas\Desktop\project\IDM\IDM BUILD_6\IDM Backup Manager.exe
OS Type: WIN32_NT
OS Version: WIN_7
Service Package: Service Pack 1
Total Memory: 1302072
Available Memory: 630412

============================= Variable Assignment =============================
2013-01-04 11:59:28 --> Internet Download Manager Is Running Now...User Selected No
2013-01-04 11:59:28 --> $AppDataIDMFolder = "C:\Users\Tejas\AppData\Roaming\IDM\"  Error Code:0
2013-01-04 11:59:28 --> $TempPath = "C:\Users\Tejas\AppData\Roaming\IDM\"  Error Code:0
2013-01-04 11:59:28 --> Finilized Path $AppDataIDMFolder= "C:\Users\Tejas\AppData\Roaming\IDM\"
2013-01-04 11:59:28 --> Finilized Path $TempPath= "C:\Users\Tejas\AppData\Roaming\IDM\"
2013-01-04 11:59:29 --> Window Created: IDM Backup Manager0.9.6(Beta) With Error Code: 0
